Date,Close, NASDAQ Composite Index, S&P 500 Index,S&P 500 Volatility Index (VIX), Gold spot closing price per troy ounce($/oz),U.S. Dollar Index,Eurozone: Benchmark Rate (Major Refinancing Rate),USA: Federal Funds Target Rate,China: T-Bond Yield: 10Y,US 10-Year Breakeven Inflation Rate,World: Geopolitical Risk Index,Index of Global Real Economic Activity (Kilian),latest_size,latest_weight,latest_transaction_count,latest_input_value,latest_tansaction_fee,SMA,EMA,MACD,MACD_signal,MACD_diff,Google_trends,Decred - Tweets
2022/12/31,16538.3479,10446.6075,3835.66,21.9775,1820.075,103.5824333,2.5,4.5,2.8408,2.29,111.195938,-15.009042,1642020,3993003,2452,203902,830,16834.87704,17139.776,-1497.315859,-1452.855333,-44.46052603,19.93548387,77382
2022/12/30,16603.75195,10466.48,3839.5,21.67,1812.35,103.4895,2.5,4.5,2.841,2.3,111.3740137,-15.37476623,538817,1556699,1182,2033534,838,16775.77436,17042.31708,-1447.648515,-1451.813969,4.165454531,19.87096774,97462
2022/12/29,16641.44486,10478.09,3849.28,21.44,1813.75,103.9747,2.5,4.5,2.8406,2.27,111.5520895,-15.74049045,1649483,3993302,3806,20403685,512,16732.86139,16969.43122,-1389.231092,-1439.297394,50.06630149,19.80645161,96225
2022/12/28,16549.98327,10213.29,3783.22,22.14,1803.35,104.5291,2.5,4.5,2.863,2.28,111.7301652,-16.10621468,756520,1691659,550,52548106,409,16693.40576,16893.16796,-1334.926845,-1418.423284,83.49643891,19.74193548,107117
2022/12/27,16706.45971,10353.23,3829.25,21.65,1802.16,104.2013,2.5,4.5,2.8622,2.26,111.908241,-16.4719389,1619057,3993347,1829,1002753,4294,16668.65452,16859.221,-1264.68549,-1387.675725,122.9902355,19.67741935,85632
2022/12/26,16908.94843,10389.3875,3833.1425,21.455,1800.97,104.1681,2.5,4.5,2.8428,2.245,112.0863167,-16.83766313,228022,609064,573,5365261,10973,16676.66473,16868.26235,-1179.087772,-1345.958134,166.8703625,19.61290323,98656
2022/12/25,16829.9184,10425.545,3837.035,21.26,1799.78,104.2199,2.5,4.5,2.8448,2.23,112.2643925,-17.20338735,3395,10118,13,11038596,2846,16673.9283,16861.29073,-1104.891525,-1297.744813,192.8532876,19.5483871,86375
2022/12/24,16833.8821,10461.7025,3840.9275,21.065,1798.59,104.2717,2.5,4.5,2.8468,2.215,112.4424682,-17.56911158,1491922,3993241,3175,199248871,6804,16689.7256,16856.30734,-1033.853013,-1244.966453,211.1134393,19.48387097,84020
2022/12/23,16780.46368,10497.86,3844.82,20.87,1797.4,104.3235,2.5,4.5,2.8488,2.2,112.6205439,-17.93483581,1462523,3993335,2290,506765,1866,16700.02698,16842.51758,-970.6755581,-1190.108274,219.4327157,19.41935484,110257
2022/12/22,16822.06214,10476.12,3822.39,21.97,1800.7,104.381,2.5,4.5,2.8563,2.19,112.7986197,-18.30056003,1486737,3993357,3195,2000000,2443,16721.52624,16838.79841,-906.7973257,-1133.446084,226.6487585,19.35483871,88226
2022/12/21,16806.4165,10709.37,3878.44,20.07,1817.55,104.2598,2.5,4.5,2.8797,2.27,112.9766954,-18.66628426,1176469,2818033,1829,19331018,1407,16748.3331,16832.91079,-847.6644908,-1076.289765,228.6252747,19.29032258,88992
2022/12/20,16902.54219,10547.11,3821.62,21.48,1813.9,103.9665,2,4.5,2.8647,2.24,113.1547712,-19.03200848,1594166,3993341,2397,2941326,8814,16778.21213,16845.57105,-784.0072058,-1017.833254,233.8260477,19.22580645,90756
2022/12/19,16424.79671,10546.03,3817.66,22.42,1790.8,104.6791,2,4.5,2.8661,2.15,113.3328469,-19.39773271,1546941,3746328,2817,434155,1562,16756.54731,16769.06662,-763.3094599,-966.9284948,203.6190349,19.16129032,100038
2022/12/18,16750.76581,10599.15667,3829.226667,22.48666667,1791.383333,104.7349333,2,4.5,2.8779,2.143333333,113.5109226,-19.76345694,175273,472321,371,3302320,178,16776.62557,16765.7392,-712.3913612,-916.0210681,203.6297069,19.09677419,81518
2022/12/17,16785.8923,10652.28333,3840.793333,22.55333333,1791.966667,104.7907667,2,4.5,2.8897,2.136666667,113.6889984,-20.12918116,266695,678940,353,99980000,1135,16784.56883,16769.4034,-661.5777308,-865.1324006,203.5546699,19.03225806,89303
2022/12/16,16608.4932,10705.41,3852.36,22.62,1792.55,104.8466,2,4.5,2.9015,2.13,113.8670741,-20.49490539,1649932,3992656,2677,163385,5424,16754.5233,16740.147,-628.3786295,-817.7816464,189.4030169,18.96774194,108929
2022/12/15,17339.45827,10810.53,3895.75,22.83,1783.55,104.6057,2,4.5,2.8753,2.16,114.0451499,-20.86062961,360901,1029583,886,233033,627,16805.47729,16849.11269,-536.8963237,-761.6045819,224.7082582,18.90322581,111475
2022/12/14,17799.16897,11170.89,3995.32,21.14,1808.05,103.6286,2,4,2.8794,2.19,114.2232256,-21.22635384,1273014,3426459,2520,3106,606,16902.00598,17021.85019,-422.4315969,-693.7699849,271.338388,18.83870968,123880
2022/12/13,17766.35055,11256.81,4019.65,22.55,1823.55,104.0158,2,4,2.9173,2.24,114.4013014,-21.59207806,951389,2292995,1578,1149714,1090,17000.59466,17157.21389,-330.5552139,-621.1270307,290.5718168,18.77419355,104973
2022/12/12,17220.81454,11143.74,3990.56,25,1786.6,105.0116,2,4,2.8853,2.28,114.5793771,-21.95780229,1298398,2972218,1102,27300298,584,17040.4699,17168.77765,-298.3238244,-556.5663894,258.242565,18.70967742,107250
2022/12/11,17091.91654,11097.36667,3971.833333,24.27666667,1789.783333,104.9829667,2,4,2.889666667,2.273333333,114.7574528,-22.32352652,220756,585250,523,5995433,607,17069.01991,17154.8029,-279.9540711,-501.2439257,221.2898547,18.64516129,95331
2022/12/10,17114.34059,11050.99333,3953.106667,23.55333333,1792.966667,104.9543333,2,4,2.894033333,2.266666667,114.9355286,-22.68925074,819702,2173101,1178,1131062,561,17090.19975,17147.44612,-260.582641,-453.1116688,192.5290278,18.58064516,83624
2022/12/9,17123.38673,11004.62,3934.38,22.83,1796.15,104.9257,2,4,2.8984,2.26,115.1136043,-23.05497497,1501455,3992925,3513,884201,1917,17160.05875,17143.07168,-241.7143626,-410.8322076,169.1178449,18.51612903,96787
2022/12/8,17254.8416,11082,3963.51,22.29,1790.15,104.8156,2,4,2.8746,2.28,115.2916801,-23.42069919,871890,2135118,1408,6997952,110,17210.46633,17163.39348,-213.6905156,-371.4038692,157.7133535,18.4516129,104067
2022/12/7,16838.04747,10958.55,3933.92,22.68,1782.2,105.1983,2,4,2.9189,2.26,115.4697558,-23.78642342,897698,2303105,1769,1868876,1740,17215.68185,17104.23966,-222.5478246,-341.6326603,119.0848357,18.38709677,105786
2022/12/6,17088.37612,11014.89,3941.26,22.17,1773.8,105.5641,2,4,2.9112,2.31,115.6478315,-24.15214765,1639756,3993352,1540,302409,19716,17263.67014,17101.35538,-206.9819176,-314.7025117,107.7205941,18.32258065,120551
2022/12/5,16959.33606,11239.94,3998.84,20.75,1776.8,105.272,2,4,2.8776,2.39,115.8259073,-24.51787187,458376,1159620,356,2500,152,17225.65792,17075.53369,-202.7214318,-292.3062957,89.58486392,18.25806452,112551
2022/12/4,17130.16533,11313.79333,4023.126667,20.18666667,1779.45,105.0179333,2,4,2.8746,2.403333333,116.003983,-24.8835961,86103,170895,55,584533,429,17158.75755,17085.46671,-183.4458225,-270.5342011,87.08837857,18.19354839,89870
2022/12/3,16903.72363,11387.64667,4047.413333,19.62333333,1782.1,104.7638667,2,4,2.8716,2.416666667,116.1820588,-25.24932032,1593193,3997978,3034,1191878,7478,17072.49486,17052.42252,-184.3170244,-253.2907658,68.97374133,18.12903226,83177
2022/12/2,17088.4265,11461.5,4071.7,19.06,1784.75,104.5098,2,4,2.8686,2.43,116.3601345,-25.61504455,1588799,3992981,2387,2170200,4816,17059.25606,17058.96869,-168.1649787,-236.2656084,68.10062968,18.06451613,93412
2022/12/1,16956.1893,11482.45,4076.57,19.84,1803.15,104.7036,2,4,2.8762,2.36,116.5382103,-25.98076877,1535416,3992758,3580,10949547,3885,17045.68333,17040.28153,-164.1426684,-221.8410204,57.69835195,18,113755
2022/11/30,17188.63468,11468,4080.11,20.58,1753.5,105.9765,2,4,2.9102,2.34,116.716286,-26.346493,1432563,3998256,3437,3926542,14348,17053.11274,17067.25483,-140.5780626,-205.5884288,65.01036617,18.26666667,133079
2022/11/29,16436.1924,10983.78,3957.63,21.89,1752.7,106.8126,2,4,2.9108,2.25,117.5978236,-25.23079457,1726413,3998328,2736,5606,313,16984.39331,16952.51621,-180.537621,-200.5782673,20.04064623,18.53333333,100130
2022/11/28,16212.40325,11049.5,3963.94,22.21,1746.55,106.6752,2,4,2.8441,2.26,118.4793613,-24.11509613,1552586,3993215,1834,1540832,4772,16880.14947,16817.95021,-227.6396846,-205.9905507,-21.64913389,18.8,107897
2022/11/27,16432.36462,11108.45333,3984.666667,21.64,1748.316667,106.4742667,2,4,2.836733333,2.28,119.3608989,-22.9993977,1367362,3993295,2653,4579431,2088,16839.58119,16747.84374,-244.4020507,-213.6728507,-30.72919994,19.06666667,169345
2022/11/26,16461.19452,11167.40667,4005.393333,21.07,1750.083333,106.2733333,2,4,2.829366667,2.3,120.2424365,-21.88369927,1615552,3993196,2132,1810579,8177,16776.86303,16695.7257,-252.4499285,-221.4282663,-31.02166222,19.33333333,120721
2022/11/25,16511.91128,11226.36,4026.12,20.5,1751.85,106.0724,2,4,2.822,2.32,121.1239742,-20.76800083,1672894,3992851,3084,206197,4100,16732.12055,16662.3049,-251.8325424,-227.5091215,-24.32342088,19.6,145579
2022/11/24,16597.7313,11255.84,4026.69,20.42,1755.4,105.8617,2,4,2.7968,2.32,122.0055118,-19.6523024,1683627,3993474,1448,424294,8577,16678.87715,16650.56424,-241.6329071,-230.3338786,-11.2990285,19.86666667,131430
2022/11/23,16615.2292,11285.32,4027.26,20.35,1740.15,106.1437,2,4,2.8231,2.32,122.8870494,-18.53660397,1737980,3993629,652,166882247,9724,16650.0277,16644.13969,-229.4922447,-230.1655518,0.673307169,20.13333333,132170
2022/11/22,16174.9574,11174.41,4003.58,21.29,1742.95,107.1687,2,4,2.8439,2.32,123.7685871,-17.42090553,1400382,3993402,2984,24838371,5382,16558.68079,16558.83382,-252.4864305,-234.6297276,-17.85670297,20.4,139292
2022/11/21,15779.9717,11024.51,3949.94,22.36,1740.4,107.8226,2,4,2.8183,2.31,124.6501247,-16.3052071,2080570,3998251,801,5718,226,16441.05903,16417.22253,-299.1333107,-247.5304442,-51.60286653,20.66666667,156187
2022/11/20,16291.4477,11065.02667,3955.073333,22.61333333,1744.133333,107.5376667,2,4,2.821166667,2.29,125.5316623,-15.18950867,109675,275458,165,470987940,4393,16351.34034,16394.35438,-291.469581,-256.3182716,-35.15130942,20.93333333,128270
2022/11/19,16715.83859,11105.54333,3960.206667,22.86666667,1747.866667,107.2527333,2,4,2.824033333,2.27,126.4132,-14.07381023,1503278,3992630,2858,13689645,5368,16379.30496,16452.80605,-248.2890994,-254.7124371,6.423337687,21.2,127777
2022/11/18,16711.14178,11146.06,3965.34,23.12,1751.6,106.9678,2,4,2.8269,2.25,127.2947376,-12.9581118,1276443,3993243,1533,6310000,8474,16429.17881,16499.77618,-212.0034066,-246.170631,34.1672244,21.46666667,129206
2022/11/17,16690.88953,11144.96,3946.56,23.93,1758.6,106.6784,2,4,2.8372,2.28,128.1762752,-11.84241337,1354885,3993223,2867,876913,6263,16455.0313,16534.52406,-182.7740165,-233.4913081,50.71729164,21.73333333,201128
2022/11/16,16673.50771,11183.66,3958.79,24.11,1773,106.2934,2,4,2.8187,2.29,129.0578129,-10.72671493,1325483,3998306,2203,9445782,1523,16476.26262,16559.79382,-159.177186,-218.6284837,59.45129773,22,118527
2022/11/15,16894.9265,11358.41,3991.73,24.54,1771.35,106.5629,2,4,2.8355,2.35,129.9393505,-9.6110165,1156068,3995787,1180,1582838,3997,16514.56414,16620.72703,-121.2126184,-199.1453106,77.93269224,22.26666667,126661
2022/11/14,16630.63746,11196.22,3957.25,23.73,1768.9,106.8986,2,4,2.8267,2.37,130.8208881,-8.495318067,1547765,3993203,2279,988995,4972,16517.85476,16622.52893,-111.1698447,-181.5502174,70.38037273,22.53333333,145064
2022/11/13,16349.9976,11238.59,3969.143333,23.32666667,1765.716667,106.7351667,2,4,2.788966667,2.375,131.7024258,-7.379619633,1427034,3993261,2940,93838903,20086,16491.3316,16572.97778,-124.4219078,-170.1245555,45.70264771,22.8,106990
2022/11/12,16802.1943,11280.96,3981.036667,22.92333333,1762.533333,106.5717333,2,4,2.751233333,2.38,132.5839634,-6.2639212,740190,1884693,1331,847522,2958,16554.05529,16614.65351,-97.31399339,-155.5624431,58.24844971,23.06666667,111941
2022/11/11,17104.1984,11323.33,3992.93,22.52,1759.35,106.4083,2,4,2.7135,2.385,133.465501,-5.148222767,1184673,2874993,1598,196710298,31333,16686.47796,16703.66167,-50.87511236,-134.6249769,83.74986458,23.33333333,124161
2022/11/10,17590.41467,11114.15,3956.37,23.53,1744.75,107.8847,2,4,2.7014,2.39,134.3470387,-4.032524333,1464577,3992806,3019,1359639,5564,16816.37466,16864.88949,24.87488307,-102.7250049,127.599888,23.6,152541
2022/11/9,15789.34242,10353.17,3748.57,26.09,1715.25,110.4278,2,4,2.7009,2.42,135.2285763,-2.9168259,1500055,3993355,2196,62145645,4521,16723.72504,16669.33548,-59.73558363,-94.12712068,34.39153705,23.86666667,196136
2022/11/8,18528.52093,10616.2,3828.11,25.54,1678.65,109.6342,2,4,2.7157,2.5,136.1101139,-1.801127467,695431,1913350,1388,2419397310,2464,16905.46295,17007.3692,93.16487821,-56.6687209,149.8335991,24.13333333,143108
2022/11/7,20591.7459,10564.52,3806.8,24.35,1678.95,110.1872,2,4,2.7049,2.53,136.9916516,-0.685429033,1449927,3993048,2853,75119,172,17295.54859,17659.07405,376.4847265,29.96196857,346.5227579,24.4,114921
2022/11/6,20913.0539,10534.76333,3794.716667,24.41666667,1677.433333,110.3861,2,4,2.705066667,2.513333333,137.8731892,0.4302694,821946,2098665,1027,896706,7778,17719.50321,18250.70675,619.7999497,147.9295648,471.8703849,24.66666667,99840
2022/11/5,21281.5851,10505.00667,3782.633333,24.48333333,1675.916667,110.585,2,4,2.705233333,2.496666667,138.7547268,1.545967833,1825799,3993083,1133,416000,1232,18158.16907,18801.77554,832.7667879,284.8970094,547.8697785,24.93333333,109155
2022/11/4,21156.078,10475.25,3770.55,24.55,1674.4,110.7839,2,4,2.7054,2.48,139.6362645,2.661666267,1495336,3998269,2810,1234328,493,18610.71312,19229.83053,980.1189661,423.9414008,556.1775653,25.2,121704
2022/11/3,20208.59651,10342.94,3719.89,25.3,1628.75,112.9842,2,4,2.6835,2.4,140.5178021,3.7773647,1590873,3993261,3543,24781016,336,18996.57301,19407.78798,1008.813813,540.9158832,467.8979299,25.46666667,108848
2022/11/2,20151.52308,10524.8,3759.69,25.86,1649.55,112.1193,2,3.25,2.6786,2.53,141.3993397,4.893063133,1337886,3993012,2272,12478083,2860,19331.50589,19543.01255,1015.246211,635.7819488,379.4642622,25.73333333,117496
2022/11/1,20481.5549,10890.85,3856.1,25.81,1645.25,111.5609,1.25,3.25,2.6605,2.51,142.2808774,6.008761567,1518572,3993491,2561,209153795,1457,19669.24154,19713.65661,1035.043407,715.6342403,319.4091662,26,117865
2022/10/31,20504.46023,10988.15,3871.98,25.88,1639,111.6036,1.25,3.25,2.6553,2.52,143.162415,7.12446,214837,560893,412,685435,3247,19960.6461,19857.43909,1040.585869,780.6245661,259.9613029,25.70967742,130807
2022/10/30,20621.7479,11026.25,3881.673333,25.83666667,1642.016667,111.2945,1.25,3.25,2.670033333,2.516666667,142.8018813,6.494766484,772126,2073154,1023,45988600,2266,20443.88664,19996.40433,1042.426007,832.9848543,209.4411529,25.41935484,93623
2022/10/29,20811.98837,11064.35,3891.366667,25.79333333,1645.033333,110.9854,1.25,3.25,2.684766667,2.513333333,142.4413476,5.865072968,168796,486895,423,30699937,2250,20672.23339,20144.69233,1047.16409,875.8207014,171.3433885,25.12903226,96943
2022/10/28,20608.2579,11102.45,3901.06,25.75,1648.05,110.6763,1.25,3.25,2.6995,2.51,142.0808139,5.235379452,43057,122131,95,264999507,2812,20673.88459,20228.97698,1022.690766,905.1947144,117.4960517,24.83870968,101452
2022/10/27,20283.97975,10792.67,3807.3,27.39,1659.75,110.5894,1.25,3.25,2.7039,2.45,141.7202802,4.605685935,973599,3383403,622,1114290,134,20610.97717,20238.97748,965.9935714,917.3544858,48.63908564,24.5483871,122551
2022/10/26,20754.02397,10970.99,3830.6,27.28,1666.75,109.6982,1.25,3.25,2.7291,2.44,141.3597465,3.975992419,319610,824249,467,31677970,1060,20558.22106,20332.6223,948.0606239,923.4957134,24.56491052,24.25806452,445
2022/10/25,20110.87556,11199.12,3859.11,28.46,1659.25,110.8775,1.25,3.25,2.7282,2.51,140.9992127,3.346298903,1350367,3998269,2653,4784000,3715,20453.70082,20292.30471,871.9011978,913.1768103,-41.27561249,23.96774194,156531
2022/10/24,19335.3937,10952.61,3797.34,29.85,1649.15,112.0087,1.25,3.25,2.7298,2.59,140.638679,2.716605387,1413022,3999604,2326,6226296,4401,20366.38054,20118.32089,740.4341348,878.6282752,-138.1941404,23.67741935,101951
2022/10/23,19548.7249,10921.64667,3782.476667,29.79666667,1647.183333,111.9559667,1.25,3.25,2.729433333,2.566666667,140.2781453,2.086911871,15964,40888,46,3232774,0,20306.10072,20014.75798,646.0127524,832.1051706,-186.0924183,23.38709677,105347
2022/10/22,19202.85297,10890.68333,3767.613333,29.74333333,1645.216667,111.9032333,1.25,3.25,2.729066667,2.543333333,139.9176116,1.457218355,45581,124166,130,239252,182,20178.23052,19867.13889,537.0829936,773.1007352,-236.0177416,23.09677419,98768
2022/10/21,19166.3286,10859.72,3752.75,29.69,1643.25,111.8505,1.25,3.25,2.7287,2.52,139.5570779,0.827524839,1481762,3993356,1386,192507,1032,20044.41736,19739.71884,442.7049369,707.0215756,-264.3166387,22.80645161,104532
2022/10/20,19042.9309,10614.84,3665.78,29.98,1635.3,112.8273,1.25,3.25,2.7246,2.51,139.1965442,0.197831323,902847,2425065,1956,9386242,1790,19886.53566,19613.03012,353.8732533,636.3919111,-282.5186578,22.51612903,105699
2022/10/19,19124.9892,10680.51,3695.16,30.76,1631.7,112.9089,1.25,3.25,2.709,2.42,138.8360105,-0.431862194,1536597,3992832,3019,3106,606,19717.83575,19524.29541,286.788998,566.4713285,-279.6823305,22.22580645,108343
2022/10/18,19351.0697,10772.4,3719.98,30.5,1653,112.0303,1.25,3.25,2.71,2.41,138.4754768,-1.06155571,1487542,3998302,3162,130813651,2175,19592.11693,19492.79982,248.9967696,502.9764167,-253.9796471,21.93548387,111263
2022/10/17,19558.1117,10675.8,3677.95,31.37,1664.75,112.0931,1.25,3.25,2.7107,2.45,138.1149431,-1.691249226,1404547,3993631,3111,578102,1695,19519.53012,19504.67471,233.0660747,448.9943483,-215.9282736,21.64516129,116159
2022/10/16,19259.62065,10557.66333,3646.323333,31.58666667,1659.6,112.4985667,1.25,3.25,2.7131,2.436666667,137.7544094,-2.320942742,298584,757587,496,6200635,668,19370.08979,19460.11943,194.1174852,398.0189757,-203.9014905,21.35483871,105755
2022/10/15,19054.8847,10439.52667,3614.696667,31.80333333,1654.45,112.9040333,1.25,3.25,2.7155,2.423333333,137.3938756,-2.950636258,20394,58962,55,122450156,3067,19264.4907,19386.44039,145.0578313,347.4267468,-202.3689155,21.06451613,105449
2022/10/14,19191.0274,10321.39,3583.07,32.02,1649.3,113.3095,1.25,3.25,2.7179,2.41,137.0333419,-3.580329774,1548369,3993486,1476,167790,1790,19250.05407,19350.91075,115.8280861,301.1070147,-185.2789286,20.77419355,110540
2022/10/13,19380.6893,10649.15,3669.91,31.94,1648.1,112.4601,1.25,3.25,2.7347,2.34,136.6728082,-4.21002329,293297,766280,564,490174,1538,19233.25051,19356.32503,106.7370345,262.2330186,-155.4959841,20.48387097,128680
2022/10/12,19157.97735,10417.1,3577.03,33.57,1670.65,113.2668,1.25,3.25,2.7527,2.29,136.3122745,-4.839716806,1623917,3993302,2995,241245,986,19228.76295,19320.26182,80.63184382,225.9127837,-145.2809398,20.19354839,112252
2022/10/11,19045.5416,10426.19,3588.84,33.63,1664.7,113.2941,1.25,3.25,2.744,2.31,135.9517408,-5.469410323,293238,819180,573,13812498,1454,19216.68425,19270.31269,50.29094419,190.7884158,-140.4974716,19.90322581,111814
2022/10/10,19135.37402,10542.1,3612.39,32.45,1676.55,113.1571,1.25,3.25,2.7446,2.3,135.5912071,-6.099103839,57462,153855,103,311207261,7414,19225.92856,19245.77838,33.11258702,159.25325,-126.140663,19.61290323,118872
2022/10/9,19436.3351,10578.86667,3621.48,32.08666667,1683.083333,113.0234667,1.25,3.25,2.7486,2.29,135.2306734,-6.728797355,211610,496307,260,2568363,339,19257.06315,19280.42506,43.2846999,136.05954,-92.7748401,19.32258065,96752
2022/10/8,19401.0105,10615.63333,3630.57,31.72333333,1689.616667,112.8898333,1.25,3.25,2.7726,2.28,134.8701397,-7.358490871,546797,1481675,1264,802692,659,19262.05723,19302.34969,47.94311426,118.4362549,-70.49314059,19.03225806,92336
2022/10/7,19533.02825,10652.4,3639.66,31.36,1696.15,112.7562,1.25,3.25,2.7674625,2.27,134.509606,-7.988184387,801435,1948914,1359,14272324,426,19259.54889,19344.29124,61.57783925,107.0645717,-45.48673248,18.74193548,102523
2022/10/6,19948.2219,11073.31,3744.52,30.52,1714.2,112.2612,1.25,3.25,2.762325,2.22,134.1490723,-8.617877903,658547,1684676,1133,41161967,1804,19328.40901,19454.09682,104.6794356,106.5875445,-1.9081089,18.4516129,107362
2022/10/5,20168.6041,11148.64,3783.28,28.55,1700.5,111.1992,1.25,3.25,2.7571875,2.22,133.7885385,-9.247571419,1791939,3998115,1048,28370000,600,19439.78095,19584.00723,154.8359107,116.2372178,38.59869299,18.16129032,110730
2022/10/4,20339.726,11176.41,3790.93,29.07,1714.85,110.1798,1.25,3.25,2.75205,2.24,133.4280048,-9.877264935,1505864,3869771,2801,127662818,7942,19554.65081,19721.41064,206.0185324,134.1934807,71.82505175,17.87096774,126937
2022/10/3,19610.3879,10815.43,3678.43,30.1,1668.4,111.6392,1.25,3.25,2.7469125,2.24,133.0674711,-10.50695845,1667618,3993530,2397,1565652,601,19577.62067,19701.22469,185.5902704,144.4728386,41.11743181,17.58064516,110767
2022/10/2,19035.34988,10735.49333,3647.493333,30.60666667,1669.516667,111.8098333,1.25,3.25,2.741775,2.21,132.7069374,-11.13665197,172860,439782,353,439744,705,19565.35793,19580.15654,121.5982545,139.8979218,-18.29966733,17.29032258,91981
2022/10/1,19305.1719,10655.55667,3616.556667,31.11333333,1670.633333,111.9804667,1.25,3.25,2.7366375,2.18,132.3464037,-11.76634548,523284,1371804,952,224116,448,19591.32096,19530.15934,91.600588,130.238455,-38.63786705,17,90812
2022/9/30,19449.60774,10575.62,3585.62,31.62,1671.75,112.1511,1.25,3.25,2.7315,2.15,131.98587,-12.396039,642188,1564859,816,385097284,22185,19622.74433,19515.51359,78.57620846,119.9060057,-41.32979727,17.13333333,122873
2022/9/29,19593.33746,10737.51,3640.47,31.84,1654.8,111.9699,1.25,3.25,2.7296,2.19,132.015115,-12.5599414,543694,1428574,721,282405,3228,19638.44456,19529.66339,78.9420863,111.7132218,-32.77113555,17.26666667,125181
2022/9/28,19399.48878,11051.64,3719.04,30.18,1652.15,112.7177,1.25,3.25,2.7121,2.33,132.04436,-12.7238438,1685552,3668201,1724,11861,3661,19638.29239,19505.99528,62.86540518,101.9436585,-39.07825333,17.4,121853
2022/9/27,19098.47982,10829.5,3647.29,32.6,1634.3,114.1596,1.25,3.25,2.7009,2.33,132.073605,-12.8877462,233933,615611,410,247812,141,19594.83755,19431.90156,25.5411893,86.66316467,-61.12197537,17.53333333,129870
2022/9/26,19238.7536,10802.92,3655.04,32.26,1643.35,114.1146,1.25,3.25,2.6951,2.32,132.10285,-13.0516486,842988,2081535,1548,693188,2634,19523.89072,19396.78375,7.197433488,70.77001843,-63.57258495,17.66666667,124507
2022/9/25,18814.0516,10824.59,3667.77,31.48,1643.416667,113.7538667,1.25,3.25,2.683966667,2.336666667,132.132095,-13.215551,739214,1985489,1387,145112,1011,19388.43547,19290.83245,-41.13583883,48.38884698,-89.52468581,17.8,99191
2022/9/24,18931.73411,10846.26,3680.5,30.7,1643.483333,113.3931333,1.25,3.25,2.672833333,2.353333333,132.16134,-13.3794534,1405880,3993401,2736,523000,13526,19247.63628,19225.54184,-69.14722403,24.88163278,-94.02885681,17.93333333,100957
2022/9/23,19245.96942,10867.93,3693.23,29.92,1643.55,113.0324,1.25,3.25,2.6617,2.37,132.190585,-13.5433558,546628,1366438,850,323881,321,19211.19443,19229.25595,-65.23825954,6.857654315,-72.09591386,18.06666667,107393
2022/9/22,19429.13269,11066.8,3757.99,27.35,1671.85,111.2889,1.25,3.25,2.6496,2.41,132.21983,-13.7072582,1403398,3993607,2256,25581628,1728,19250.57271,19265.59717,-46.82090911,-3.878058369,-42.94285074,18.2,124415
2022/9/21,18501.82049,11220.19,3789.93,27.99,1671.75,111.3731,1.25,2.5,2.6552,2.38,132.249075,-13.8711606,1567452,3993381,2391,74985665,4905,19170.23757,19126.72869,-105.8314122,-24.26872913,-81.56268304,18.33333333,151590
2022/9/20,18873.2005,11425.05,3855.93,27.16,1664.15,110.1986,1.25,2.5,2.6744,2.4,132.27832,-14.035063,1617025,3986506,2809,2760577,1440,19112.59685,19080.63265,-121.2329009,-43.66156348,-77.5713374,18.46666667,128782
2022/9/19,19576.6372,11535.02,3899.89,25.76,1664.275,109.5949,1.25,2.5,2.6831,2.34,132.307565,-14.1989654,1699824,3992700,1967,54344021,537,19110.92682,19170.8153,-75.8034143,-50.08993364,-25.71348066,18.6,117690
2022/9/18,19393.59391,11506.14667,3891.036667,25.94,1664.4,109.6165,1.25,2.5,2.684933333,2.353333333,132.33681,-14.3628678,1078575,2893320,1596,510076,2130,19110.33733,19211.3205,-53.94839921,-50.86162676,-3.086772451,18.73333333,93136
2022/9/17,20123.64055,11477.27333,3882.183333,26.12,1664.525,109.6381,1.25,2.5,2.686766667,2.366666667,132.366055,-14.5267702,207223,548653,452,20277315,7188,19212.85341,19377.19687,22.02661157,-36.28397909,58.31059066,18.86666667,89938
2022/9/16,19756.26819,11448.4,3873.33,26.3,1664.65,109.6597,1.25,2.5,2.6886,2.38,132.3953,-14.6906726,1502589,3993345,3191,415152,3714,19264.60487,19446.11893,51.99411947,-18.62835938,70.62247885,19,94594
2022/9/15,19662.3883,11552.36,3901.35,26.27,1689.1,109.6856,1.25,2.5,2.67,2.43,132.424545,-14.854575,1504453,3998203,2824,510000,23533,19349.43854,19485.44063,67.39141688,-1.424404128,68.81582101,19.13333333,97392
2022/9/14,20251.71983,11719.68,3946.01,26.16,1703.9,109.6461,1.25,2.5,2.6567,2.46,132.45379,-15.0184774,1515394,3993460,2000,624825802,2115,19481.43711,19624.76412,125.6990354,24.00028378,101.6987516,19.26666667,104602
2022/9/13,20172.39246,11633.57,3932.69,27.27,1704.85,109.9188,0.5,2.5,2.6503,2.44,132.483035,-15.1823798,1505575,3993004,3334,158488593,1991,19574.07941,19724.33291,163.6210649,51.92443999,111.6966249,19.4,132658
2022/9/12,22387.93863,12266.41,4110.41,23.87,1726.4,108.3076,0.5,2.5,2.6443,2.42,132.51228,-15.3462822,1020281,2778482,2053,235714,1466,19869.96001,20208.62486,368.206155,115.180783,253.025372,19.53333333,123710
2022/9/11,21789.45241,12215.04333,4096.06,23.51,1722.066667,108.5269,0.5,2.5,2.6383,2.42,132.541525,-15.5101846,1506818,3993482,2674,134528,264,20198.7232,20496.04805,476.555047,187.4556358,289.0994112,19.66666667,98651
2022/9/10,21661.704,12163.67667,4081.71,23.15,1717.733333,108.7462,0.5,2.5,2.6323,2.42,132.57077,-15.674087,1512245,3993248,2195,17372783,2071,20477.57355,20707.9855,545.8221969,259.128948,286.6932489,19.8,103559
2022/9/9,21370.64087,12112.31,4067.36,22.79,1713.4,108.9655,0.5,2.5,2.6263,2.42,132.600015,-15.8379894,1483132,3993019,3159,20719692,2016,20656.97391,20828.46829,570.6524244,321.4336433,249.2187811,19.93333333,122983
2022/9/8,19318.4204,11862.13,4006.18,23.61,1709.35,109.6528,0.5,2.5,2.6266,2.41,132.62926,-16.0018918,548406,1387911,924,4591234,17390,20649.45656,20553.91413,419.8932496,341.1255646,78.76768506,20.06666667,115472
2022/9/7,19275.30356,11791.9,3979.87,24.64,1702.65,109.5831,0.5,2.5,2.6107,2.45,132.658505,-16.1657942,1352407,3245716,1820,353000,1429,20564.62286,20321.43948,293.5524585,331.6109433,-38.05848489,20.2,120149
2022/9/6,18812.06104,11544.91,3908.19,26.91,1702.6,110.2383,0.5,2.5,2.6135,2.48,132.68775,-16.3296966,1867402,3993232,1609,731372,2464,20470.20215,20047.00704,154.2683618,296.142427,-141.8740652,20.33333333,111495
2022/9/5,19808.09596,11566.3975,3912.2075,25.99,1710.95,109.819,0.5,2.5,2.6198,2.4775,132.716995,-16.493599,382161,1011981,483,6736825,27300,20484.77292,20003.56866,122.8403783,261.4820173,-138.6416389,20.46666667,99478
2022/9/4,19975.3081,11587.885,3916.225,25.81666667,1711.466667,109.7500333,0.5,2.5,2.617466667,2.475,132.74624,-16.6575014,649180,1621009,1044,501448,10139,20457.13174,19998.43037,110.1562842,231.2168707,-121.0605865,20.6,83846
2022/9/3,19834.79562,11609.3725,3920.2425,25.64333333,1711.983333,109.6810667,0.5,2.5,2.615133333,2.4725,132.775485,-16.8214038,28450,84451,78,505207970,7946,20423.37206,19968.6786,87.75428881,202.5243543,-114.7700655,20.73333333,87621
2022/9/2,19927.5466,11630.86,3924.26,25.47,1712.5,109.6121,0.5,2.5,2.6128,2.47,132.80473,-16.9853062,1481261,3992813,2481,359190828,9093,20177.33286,19961.20006,76.6017574,177.3398349,-100.7380775,20.86666667,104870
2022/9/1,20145.5884,11785.13,3966.85,25.56,1694.3,109.6649,0.5,2.5,2.6326,2.45,132.833975,-17.1492086,1854780,3999768,1009,5857,315,20012.94645,19994.72521,84.38471248,158.7488104,-74.36409796,21,103669
2022/8/31,20046.9471,11816.2,3955,25.87,1715.9,108.6796,0.5,2.5,2.6549,2.48,132.86322,-17.313111,1818365,3992906,1116,47969314,1362,19851.47076,20004.2201,81.6519985,143.329448,-61.67744955,21.03225806,111395
2022/8/30,19768.0653,11883.14,3986.16,26.21,1730.3,108.8249,0.5,2.5,2.6468,2.55,132.3572053,-16.07118765,397685,1075397,908,21096621,232,19691.21321,19961.28286,56.33349498,125.9302574,-69.59676245,21.06451613,102764
2022/8/29,20280.87118,12017.67,4030.61,26.21,1735.5375,108.7816,0.5,2.5,2.6736,2.58,131.8511906,-14.82926429,1539774,3992652,3205,164718486,35244,19787.45829,20019.38983,76.76267468,116.0967409,-39.33406621,21.09677419,115810
2022/8/28,19606.7351,12059.01667,4039.626667,25.99333333,1740.775,108.8065333,0.5,2.5,2.673266667,2.576666667,131.345176,-13.58734094,54501,145101,112,8000,213,19820.60144,19944.3617,38.11641712,100.5006761,-62.38425901,21.12903226,99479
2022/8/27,20050.5705,12100.36333,4048.643333,25.77666667,1746.0125,108.8314667,0.5,2.5,2.672933333,2.573333333,130.8391613,-12.34541758,1079311,2712322,1925,953794,994,19944.45239,19963.67239,42.80930801,88.96240251,-46.1530945,21.16129032,100340
2022/8/26,20215.51485,12141.71,4057.66,25.56,1751.25,108.8564,0.5,2.5,2.6726,2.57,130.3331466,-11.10349423,204844,481540,322,5905976,1098,19985.19428,20009.46193,59.15617325,83.00115665,-23.84498341,21.19354839,108883
2022/8/25,21591.28483,12639.27,4199.12,21.78,1753.55,108.4253,0.5,2.5,2.6581,2.6,129.8271319,-9.861570871,545943,1356579,678,600000,1049,20146.79195,20297.06609,181.0374341,102.6084121,78.42902195,21.22580645,108145
2022/8/24,21378.10481,12431.53,4140.77,22.82,1745.65,108.6456,0.5,2.5,2.6488,2.62,129.3211173,-8.619647516,1580180,3992858,2910,33230900,1484,20301.12287,20493.61859,257.459532,133.5786361,123.8808959,21.25806452,118005
2022/8/23,21516.13082,12381.3,4128.73,24.11,1746.55,108.5394,0.5,2.5,2.6463,2.58,128.8151026,-7.377724161,1802453,3992963,1634,12309658,1455,20459.98129,20679.5299,325.4110055,171.94511,153.4658955,21.29032258,116940
2022/8/22,21418.635,12381.57,4137.99,23.8,1733.25,108.9728,0.5,2.5,2.6344,2.57,128.3090879,-6.135800806,1746438,3993048,1978,6375524,974,20587.28595,20813.91265,367.1635074,210.9887895,156.1747179,21.32258065,122386
2022/8/21,21515.70635,12489.45,4168.153333,22.73333333,1739.083333,108.6852667,0.5,2.5,2.633766667,2.563333333,127.8030732,-4.893877452,564965,1508612,1119,87398103,2288,20734.16187,20941.5115,403.4349655,249.4780247,153.9569408,21.35483871,99167
2022/8/20,21163.4085,12597.33,4198.316667,21.66666667,1744.916667,108.3977333,0.5,2.5,2.633133333,2.556666667,127.2970585,-3.651954097,1667450,3992747,2206,929436310,31824,20873.69619,20981.85641,399.1516931,279.4127584,119.7389348,21.38709677,108997
2022/8/19,20840.72427,12705.21,4228.48,20.6,1750.75,108.1102,0.5,2.5,2.6325,2.55,126.7910439,-2.410030742,508463,1377686,965,208734794,694,20929.6815,20956.19602,365.5059234,296.6313914,68.87453204,21.41935484,132626
2022/8/18,23206.1852,12965.34,4283.74,19.56,1765.55,107.517,0.5,2.5,2.6374,2.52,126.2850292,-1.168107387,1555977,3999783,3033,2029236,420,21289.62651,21365.28496,523.6777059,342.0406543,181.6370516,21.4516129,101200
2022/8/17,23311.75915,12938.12,4274.04,19.9,1767.2,106.6483,0.5,2.5,2.6557,2.46,125.7790145,0.073815968,1571041,3993517,2089,516210,4472,21615.74538,21719.18936,650.0554833,403.6436201,246.4118632,21.48387097,134282
2022/8/16,23889.74606,13102.55,4305.2,19.69,1774.85,106.4602,0.5,2.5,2.6439,2.44,125.2729998,1.315739323,1936821,3993489,1401,79828,1342,21983.1685,22113.83603,787.7685899,480.4686141,307.2999759,21.51612903,128725
2022/8/15,24146.6057,13128.05,4297.14,19.95,1776.6,106.5155,0.5,2.5,2.6862,2.44,124.7669852,2.557662677,1590007,3993457,3407,482407,904,22238.70059,22483.43052,907.1762819,565.8101476,341.3661343,21.5483871,123834
2022/8/14,24323.00217,13101.09667,4291.476667,19.81,1781.766667,106.2366,0.5,2.5,2.704733333,2.45,124.2609705,3.799586032,1472021,3992987,2290,1606265,1922,22533.19032,22817.89809,1004.462639,653.5406459,350.921993,21.58064516,105992
2022/8/13,24427.97318,13074.14333,4285.813333,19.67,1786.933333,105.9577,0.5,2.5,2.723266667,2.46,123.7549558,5.041509387,1490249,3993362,2986,53662475,380,22824.37456,23110.63902,1077.611032,738.3547231,339.256309,21.61290323,97319
2022/8/12,24395.938,13047.19,4280.15,19.53,1792.1,105.6788,0.5,2.5,2.7418,2.47,123.2489411,6.283432742,13284,43380,19,221489192,423,23122.10486,23344.32974,1120.085046,814.7007877,305.3842583,21.64516129,152281
2022/8/11,23928.9778,12779.91,4207.27,20.2,1796.7,105.1061,0.5,2.5,2.7467,2.47,122.7429265,7.525356097,1591848,3997938,2464,5318468,7210,23363.432,23450.62939,1103.347519,872.430134,230.917385,21.67741935,150601
2022/8/10,23940.2045,12854.8,4210.24,19.74,1795.05,105.223,0.5,2.5,2.7412,2.43,122.2369118,8.767279452,1441220,3993128,2945,701111,2988,23641.1116,23539.64304,1078.555888,913.6552848,164.9006034,21.70967742,126500
2022/8/9,23158.6991,12493.93,4122.47,21.77,1795.25,106.3112,0.5,2.5,2.7515,2.47,121.7308971,10.00920281,1671519,3993084,1853,71414934,8751,23872.90909,23470.38051,984.4986992,927.8239677,56.67473152,21.74193548,116106
2022/8/8,23792.955,12644.46,4140.06,21.29,1784.05,106.3827,0.5,2.5,2.7452,2.48,121.2248824,11.25112616,1520411,3999764,3362,1264868,3243,23931.58607,23529.03042,950.1837236,932.2959189,17.88780471,21.77419355,130487
2022/8/7,23170.70242,12648.82333,4141.77,21.24333333,1780.45,106.4456,0.5,2.5,2.741533333,2.473333333,120.7188677,12.49304952,333747,889605,683,90626400,1200,23917.48039,23463.87987,862.832084,918.4031519,-55.57106791,21.80645161,100038
2022/8/6,22938.3603,12653.18667,4143.48,21.19666667,1776.85,106.5085,0.5,2.5,2.737866667,2.466666667,120.2128531,13.73497287,632773,1607383,1169,5460092,3010,23822.34182,23368.33086,766.0269315,887.9279078,-121.9009763,21.83870968,97751
2022/8/5,23225.78975,12657.55,4145.19,21.15,1773.25,106.5714,0.5,2.5,2.7342,2.46,119.7068384,14.97689623,1682373,3993558,2707,3106,606,23730.26022,23342.41429,704.381632,851.2186527,-146.8370206,21.87096774,113397
2022/8/4,22635.52,12720.58,4151.94,21.44,1783.2,105.7453,0.5,2.5,2.7203,2.46,119.2008237,16.21881958,1758371,3993542,1697,96532,187,23561.512,23213.88806,600.9698465,801.1688914,-200.1990449,21.90322581,106506
2022/8/3,22812.3048,12668.16,4155.17,21.95,1761.25,106.4004,0.5,2.5,2.7442,2.5,118.694809,17.46074294,1437111,3993600,1451,2287120,2255,23399.94517,23140.87292,527.2030485,746.3757229,-219.1726743,21.93548387,115306
2022/8/2,22963.82554,12348.76,4091.19,23.93,1779.75,106.3267,0.5,2.5,2.7303,2.48,118.1887944,18.70266629,1603817,3992873,2234,65050,11121,23256.73392,23108.68249,475.487661,692.1981105,-216.7104494,21.96774194,113295
2022/8/1,23311.59284,12368.98,4118.63,22.84,1772.4,105.3887,0.5,2.5,2.7425,2.51,117.6827797,19.94458965,913402,2566615,1683,1437128,1333,23194.99542,23145.57528,457.2933651,645.2171614,-187.9237963,22,122241
2022/7/31,23314.4296,12376.21667,4122.516667,22.33666667,1766.066667,105.5378333,0.5,2.5,2.750466667,2.516666667,117.176765,21.186513,37277,105374,107,7547900817,2255,23132.41793,23176.27606,438.0535491,603.784439,-165.7308898,22.32258065,130837
2022/7/30,23642.24323,12383.45333,4126.403333,21.83333333,1759.733333,105.6869667,0.5,2.5,2.758433333,2.523333333,117.6132345,21.63112365,1259477,2982065,900,254380,110,23180.77235,23260.99737,444.1379313,571.8551374,-127.7172061,22.64516129,114699
2022/7/29,23746.2734,12390.69,4130.29,21.33,1753.4,105.8361,0.5,2.5,2.7664,2.53,118.0497041,22.07573429,77086,215020,177,403212282,8051,23176.10419,23349.22937,452.1421992,547.9125498,-95.77035059,22.96774194,116986
2022/7/28,23847.01344,12162.59,4072.43,22.33,1753.5,106.1656,0.5,2.5,2.7873,2.48,118.4861736,22.52034494,898017,2108118,578,2102676,212,23243.73529,23439.73557,461.2969743,530.5894347,-69.29246038,23.29032258,127418
2022/7/27,22943.12042,12032.42,4023.61,23.24,1714.05,106.4861,0.5,1.75,2.7787,2.42,118.9226432,22.96495558,1564379,3998219,3412,907452,1450,23244.2113,23349.44191,391.1071473,502.6929772,-111.5858299,23.61290323,113900
2022/7/26,21206.71524,11562.57,3921.05,24.69,1720.05,107.2352,0,1.75,2.7888,2.36,119.3591127,23.40956623,1235219,3177206,2290,8175985,2362,23042.30385,22959.85524,193.1414036,440.7826625,-247.6412589,23.93548387,116187
2022/7/25,21340.4673,11782.67,3966.84,23.36,1718.9,106.5518,0,1.75,2.7851,2.36,119.7955823,23.85417687,1169215,3055945,2508,11566520,423,22912.79858,22665.42107,46.50867547,361.9278651,-315.4191896,24.25806452,111431
2022/7/24,22600.78471,11799.81667,3965.103333,23.25,1724.916667,106.5518,0,1.75,2.784333333,2.353333333,120.2320518,24.29878752,1079320,2860567,2149,1774317,327,22891.64657,22653.669,31.63361183,295.8690144,-264.2354026,24.58064516,96410
2022/7/23,22471.3157,11816.96333,3963.366667,23.14,1730.933333,106.5518,0,1.75,2.783566667,2.346666667,120.6685214,24.74339816,472939,1266004,776,563267845,3845,22842.39559,22620.51386,9.29085042,238.5533816,-229.2625312,24.90322581,121141
2022/7/22,22701.085,11834.11,3961.63,23.03,1736.95,106.5518,0,1.75,2.7828,2.34,121.1049909,25.18800881,1563127,3999742,3003,541250,2894,22781.34481,22635.16316,10.00913396,192.8445321,-182.8353981,25.22580645,129257
2022/7/21,23180.0875,12059.61,3998.95,23.11,1705.1,106.5673,0,1.75,2.7723,2.33,121.5414605,25.63261945,1155193,2992225,2456,1155660,2813,22767.9106,22734.24031,48.66885316,164.0093963,-115.3405431,25.5483871,161933
2022/7/20,23244.5742,11897.65,3959.9,23.88,1709.3,107.0345,0,1.75,2.7944,2.38,121.97793,26.0772301,1617259,3993067,2058,261670,7150,22728.14369,22827.02829,83.54741432,147.9169999,-64.36958559,25.87096774,164476
2022/7/19,23407.3451,11713.15,3936.69,24.5,1713.05,106.7089,0,1.75,2.7966,2.39,122.4143996,26.52184074,1598659,3999553,2461,677705,374,22694.25086,22932.54044,122.9063883,142.9148776,-20.0084893,26.19354839,166338
2022/7/18,22440.03658,11360.05,3830.85,25.3,1719.05,107.46,0,1.75,2.7963,2.37,122.8508691,26.96645139,1644470,3993494,3429,1400000,872,22553.55318,22842.99428,75.17833656,129.3675694,-54.18923282,26.51612903,162147
2022/7/17,20769.40226,11390.84,3841.62,24.94333333,1714.75,107.6339,0,1.75,2.7986,2.366666667,123.2873387,27.41106203,1527338,3993572,1800,1.13E+11,5957,22336.18136,22465.97755,-96.34214414,84.22562668,-180.5677708,26.83870968,110126
2022/7/16,21192.11367,11421.63,3852.39,24.58666667,1710.45,107.8078,0,1.75,2.8009,2.363333333,123.7238082,27.85567268,1066316,2567309,1586,32939149,10173,22334.7212,22234.36594,-195.9058022,28.1993409,-224.1051431,27.16129032,105801
2022/7/15,20831.31137,11452.42,3863.16,24.23,1706.15,107.9817,0,1.75,2.8032,2.36,124.1602778,28.30028332,1788918,3993495,1734,14923489,2661,22283.80561,21979.26511,-300.4609224,-37.53271175,-262.9282106,27.48387097,103145
2022/7/14,20587.5358,11251.19,3790.38,26.4,1700.7,108.6379,0,1.75,2.8065,2.34,124.5967473,28.74489397,1599440,3992945,1112,123173,454,22082.48072,21726.22341,-398.3997553,-109.7061205,-288.6936349,27.80645161,116890
2022/7/13,20187.1528,11247.58,3801.78,26.82,1724.6,108.0452,0,1.75,2.8135,2.31,125.0332169,29.18950461,1513589,3999560,3440,62228,2610,21854.06443,21446.39239,-502.5316757,-188.2712315,-314.2604442,28.12903226,114287
2022/7/12,19313.26076,11264.73,3818.8,27.29,1730.7,108.1571,0,1.75,2.8215,2.32,125.4696864,29.63411526,747164,1922684,1430,279286,1427,21515.282,21058.55028,-648.1018422,-280.2373536,-367.8644885,28.4516129,107710
2022/7/11,19992.29457,11372.6,3854.43,26.17,1740,108.2193,0,1.75,2.8385,2.32,125.906156,30.0787259,1560035,3993260,2424,2806392,1620,21196.50271,20864.6856,-700.5988274,-364.3096484,-336.289179,28.77419355,119029
2022/7/10,20857.65584,11460.17,3869.413333,25.66,1739.4,107.7779,0,1.75,2.8404,2.336666667,126.3426255,30.52333655,1437665,3992678,723,1243923,205,20957.81088,20863.40747,-664.7132438,-424.3903675,-240.3228763,29.09677419,104166
2022/7/9,21592.74175,11547.74,3884.396667,25.15,1738.8,107.3365,0,1.75,2.8423,2.353333333,126.7790951,30.96794719,103509,309420,263,184530,2530,20776.35054,20996.0137,-570.3833464,-453.5889633,-116.7943831,29.41935484,107656
2022/7/8,21801.08221,11635.31,3899.38,24.64,1738.2,106.8951,0,1.75,2.8442,2.37,127.2155646,31.41255784,1467003,3993066,2631,21979,330,20712.4551,21142.38979,-473.3583094,-457.5428325,-15.81547695,29.74193548,120842
2022/7/7,21647.16593,11621.35,3902.62,26.08,1747.95,107.0716,0,1.75,2.8428,2.33,127.6520342,31.85716848,1230168,3087216,1749,964789,28044,20800.23147,21234.16727,-404.2253675,-446.8793395,42.65397203,30.06451613,145646
2022/7/6,20557.53555,11361.85,3845.08,26.73,1754.3,107.0829,0,1.75,2.8325,2.29,128.0885037,32.30177913,1486072,3998140,1752,3402942,2792,20736.77366,21111.14332,-432.3769062,-443.9788528,11.60194663,30.38709677,125527
2022/7/5,20185.96233,11322.24,3831.39,27.54,1772,106.521,0,1.75,2.8526,2.3,128.5249733,32.74638977,1482809,3993011,3269,3122755856,2820,20672.23875,20942.92859,-479.1467515,-451.0124326,-28.13431897,30.70967742,130932
2022/7/4,20255.6454,11273.6425,3829.875,27.53,1808.4,105.1764,0,1.75,2.8553,2.31,128.9614428,33.19100042,1055811,2578593,1756,3458133,2304,20639.04971,20817.96801,-504.7706674,-461.7640795,-43.00658784,31.03225806,111257
2022/7/3,19310.0755,11225.045,3828.36,27.25333333,1804.75,105.1562667,0,1.75,2.843866667,2.32,129.3979124,33.63561106,293611,781180,534,482458,1296,20551.34198,20543.80574,-594.5240901,-488.3160816,-106.2080085,31.35483871,108361
2022/7/2,19246.50949,11176.4475,3826.845,26.97666667,1801.1,105.1361333,0,1.75,2.832433333,2.33,129.8343819,34.08022171,873822,2345352,1882,416829,2056,20544.66686,20307.93369,-663.139313,-523.2807279,-139.858585,31.67741935,122785
2022/7/1,19336.10444,11127.85,3825.33,26.7,1797.45,105.116,0,1.75,2.821,2.34,130.2708515,34.52483235,1575286,3993220,2785,2000000,2433,20479.04784,20131.23747,-702.1933596,-559.0632543,-143.1301054,32,143053
2022/6/30,19816.74636,11028.74,3785.38,28.71,1817,104.7057,0,1.75,2.8264,2.33,130.707321,34.969443,104464,267676,214,317228,2793,20374.95689,20074.05726,-686.4472504,-584.5400535,-101.9071969,32.3,147364
2022/6/29,20101.12,11177.89,3818.83,28.16,1817.75,105.1129,0,1.75,2.8398,2.36,131.0923598,35.7019436,1582471,3998326,3244,104741,327,20225.79472,20078.97776,-643.6027177,-596.3525863,-47.25013135,32.6,133115
2022/6/28,20293.4508,11181.54,3821.55,28.36,1819.05,104.5001,0,1.75,2.8367,2.48,131.4773985,36.4344442,1660560,3992760,2532,6830964,336,20075.03158,20117.97286,-587.357932,-594.5536555,7.195723437,32.9,139768
2022/6/27,20732.9834,11524.55,3900.11,26.95,1826.3,103.9569,0,1.75,2.834,2.55,131.8624373,37.1669448,1340386,3998269,1296,336101359,2577,19983.61333,20229.79296,-501.5355372,-575.9500318,74.4144946,33.2,154658
2022/6/26,21029.2163,11552.24,3903.986667,27.04333333,1826.016667,104.0147,0,1.75,2.819733333,2.553333333,132.2474761,37.8994454,1411271,3999830,1039,21818843,532,20030.7814,20375.14266,-404.94915,-541.7498554,136.8007055,33.5,118914
2022/6/25,21499.97104,11579.93,3907.863333,27.13666667,1825.733333,104.0725,0,1.75,2.805466667,2.556666667,132.6325148,38.631946,1244095,3993379,744,1625,325,20162.18227,20579.65691,-287.108165,-490.8215173,203.7133524,33.8,128224
2022/6/24,21279.53233,11607.62,3911.74,27.23,1825.45,104.1303,0,1.75,2.7912,2.56,133.0175536,39.3644466,1588633,3999544,2005,1372474,205,20264.57097,20706.90698,-209.0955732,-434.4763285,225.3807553,34.1,124250
2022/6/23,21075.1688,11232.19,3795.73,29.05,1841.9,104.4105,0,1.75,2.7788,2.5,133.4025924,40.0969472,11148,30957,36,228575116,327,20441.0803,20773.86368,-161.894245,-379.9599118,218.0656668,34.4,128157
2022/6/22,19976.05359,11053.08,3759.89,28.95,1841.85,104.2163,0,1.75,2.7834,2.54,133.7876311,40.8294478,1656461,3993569,1630,98797,2679,20514.03471,20628.8073,-210.7469048,-346.1173104,135.3704056,34.7,132512
2022/6/21,20739.94339,11069.3,3764.79,30.19,1840.25,104.4244,0,1.75,2.7884,2.61,134.1726699,41.5619484,691100,1516274,831,5000000,277,20654.4186,20649.01386,-185.683029,-314.0304541,128.3474251,35,144041
2022/6/20,20672.8011,11001.5625,3742.3025,31.03,1836.5,104.5045,0,1.75,2.786,2.6025,134.5577087,42.294449,1698095,3993500,1483,1909535,336,20740.02407,20653.33881,-169.2861231,-285.0815879,115.7954648,35.3,162743
2022/6/19,20554.9027,10933.825,3719.815,31.06333333,1838.183333,104.5590667,0,1.75,2.7807,2.595,134.9427474,43.0269496,1431102,3999681,1773,59993100,331,20785.40234,20635.44134,-163.9153584,-260.848342,96.93298362,35.6,177172
2022/6/18,19007.5031,10866.0875,3697.3275,31.09666667,1839.866667,104.6136333,0,1.75,2.7754,2.5875,135.3277862,43.7594502,207223,541054,418,323801,2385,20656.80757,20339.45257,-281.2787973,-264.9344331,-16.34436427,35.9,209849
2022/6/17,20468.2145,10798.35,3674.84,31.13,1841.55,104.6682,0,1.75,2.7701,2.58,135.712825,44.4919508,1644744,3998100,2614,351991,1576,20630.33068,20362.86383,-253.5007669,-262.6476998,9.146932917,36.2,132098
2022/6/16,20383.6889,10646.1,3666.77,32.95,1826.5,103.8326,0,1.75,2.7809,2.62,136.0978637,45.2244514,1540510,3993496,2536,9898989,40990,20565.77794,20366.6502,-235.5912381,-257.2364075,21.64516943,36.5,152572
2022/6/15,22490.59073,11099.16,3789.99,29.62,1823.75,104.8694,0,1,2.7826,2.7,136.4829025,45.956952,179433,480555,313,1004578,5861,20664.83991,20752.82121,-50.80281482,-215.9496889,165.1468741,36.8,168679
2022/6/14,22209.515,10828.35,3735.48,32.69,1818.3,105.4807,0,1,2.7835,2.6,136.8679413,46.6894526,1142464,3998218,841,684015,3408,20757.83818,21017.67463,72.13139397,-158.3334724,230.4648663,37.1,177975
2022/6/13,22509.0994,10809.23,3749.63,34.02,1830.85,105.2277,0,1,2.7669,2.74,137.25298,47.4219532,1578390,3993042,3069,4125763,3185,20901.23124,21288.84277,191.52383,-88.36201189,279.8858419,37.4,226032
2022/6/12,26704.72936,10986.16,3800.04,31.93,1830.566667,104.8826667,0,1,2.7643,2.746666667,137.6380188,48.1544538,1201748,2852528,1565,770892,2679,21574.09882,22273.54942,617.5764322,52.82567693,564.7507553,37.7,120204
2022/6/11,28399.9749,11163.09,3850.45,29.84,1830.283333,104.5376333,0,1,2.7617,2.753333333,138.0230576,48.8869544,551023,1455736,1078,1334905,3076,22340.10197,23387.44496,1079.573683,258.1752782,821.398405,38,116548
2022/6/10,29082.53195,11340.02,3900.86,27.75,1830,104.1926,0,1,2.7591,2.76,138.4080963,49.619455,1436921,3993380,2781,360105,3356,23181.07505,24422.91532,1483.683503,503.2769231,980.4065797,38.3,120200
2022/6/9,30111.70675,11754.23,4017.82,26.09,1844.85,103.3279,0,1,2.7689,2.75,138.7931351,50.3519556,493996,1222645,762,13670822,1193,24136.75546,25457.24104,1865.4851,775.7185586,1089.766542,38.6,111562
2022/6/8,30204.54858,12086.27,4115.77,23.96,1852.95,102.5613,0,1,2.7608,2.75,139.1781739,51.0844562,1074220,2580016,1740,10511170,110,25256.46001,26320.38786,2150.764503,1050.727747,1100.036755,38.9,132658
2022/6/7,31193.0692,12175.23,4160.68,24.02,1849.6,102.3352,0,1,2.7748,2.73,139.5632126,51.8169568,1754075,3998321,2017,7385615,330,26328.94548,27206.32992,2428.620215,1326.306241,1102.313974,39.2,141948
2022/6/6,31367.4226,12061.37,4121.43,25.07,1847.2,102.3982,0,1,2.766,2.76,139.9482514,52.5494574,14410,40465,40,133202,1420,27427.31885,27962.89223,2632.545386,1587.55407,1044.991316,39.5,129536
2022/6/5,29909.21037,12045.15667,4117.133333,24.97666667,1846.74,102.3222667,0,1,2.763525,2.753333333,140.3332902,53.281958,740729,1870766,1120,3437709,878,28169.18081,28316.76826,2645.990681,1799.241392,846.7492884,39.8,99970
2022/6/4,29840.07522,12028.94333,4112.836667,24.88333333,1846.28,102.2463333,0,1,2.76105,2.746666667,140.7183289,54.0144586,1855762,3240358,205,39508459,28043,28932.23683,28593.73316,2620.855948,1963.564303,657.2916444,40.1,94923
2022/6/3,29717.55805,12012.73,4108.54,24.79,1845.82,102.1704,0,1,2.758575,2.74,141.1033677,54.7469592,1771828,3998221,908,101216,2468,29653.0827,28798.06496,2561.52274,2083.155991,478.366749,40.4,109165
2022/6/2,30441.46505,12316.9,4176.82,24.72,1845.36,101.7797,0,1,2.7561,2.66,141.4884065,55.4794598,1588611,3993000,1389,23929,2819,30026.75627,29096.86497,2543.593033,2175.243399,368.3496337,40.7,110093
2022/6/1,29789.42113,11994.46,4101.23,25.69,1844.9,102.5679,0,1,2.7461,2.65,141.8734452,56.2119604,1461599,3993206,2532,1755583,2793,30165.70089,29222.78427,2448.543827,2229.903485,218.6403425,41,117717
2022/5/31,31852.83438,12081.39,4132.15,26.19,1838.7,101.7679,0,1,2.7986,2.64,142.258484,56.944461,1686147,3999588,2336,425291,7600,30442.73113,29700.9752,2510.774209,2286.077629,224.6965797,40.80645161,125285
2022/5/30,31720.0295,12093.825,4138.6725,26.54,1854.95,101.6454,0,1,2.77,2.6375,143.835407,56.05986458,1258544,3296057,2241,15112845648,5948,30603.56341,30068.07598,2520.323273,2332.926758,187.3965151,40.61290323,132114
2022/5/29,29445.7241,12106.26,4145.195,26.26666667,1853.9,101.6445667,0,1,2.765433333,2.635,145.41233,55.17526816,1678078,3992965,2509,864391,336,30527.68096,29954.9211,2317.657029,2329.872812,-12.21578312,40.41935484,91398
2022/5/28,29047.06027,12118.695,4151.7175,25.99333333,1852.85,101.6437333,0,1,2.760866667,2.6325,146.989253,54.29067174,1856856,3993447,1737,11256146,1160,30313.08007,29789.85549,2100.658646,2284.029979,-183.371333,40.22580645,88240
2022/5/27,28606.47447,12131.13,4158.24,25.72,1851.8,101.6429,0,1,2.7563,2.63,148.566176,53.40607532,1702680,3993132,2843,2265854,3052,30036.98525,29574.69531,1871.560093,2201.536002,-329.9759092,40.03225806,103966
2022/5/26,29353.61926,11740.65,4057.84,27.5,1848.25,101.7557,0,1,2.7606,2.62,150.143099,52.5214789,1239759,3138618,1976,348539,7480,29981.42614,29534.49966,1730.339898,2107.296781,-376.9568833,39.83870968,111074
2022/5/25,29557.53374,11434.74,3978.73,28.37,1847.2,102.1262,0,1,2.7951,2.56,151.720022,51.63688248,209054,505418,303,1217648,1874,29953.172,29538.68768,1616.245003,2009.086426,-392.8414222,39.64516129,121921
2022/5/24,29674.1123,11264.45,3941.48,29.45,1867.1,101.7692,0,1,2.8065,2.55,153.296945,50.75228606,1423088,3998186,2447,1102804,3482,29948.82742,29563.31033,1517.735385,1910.816217,-393.0808328,39.4516129,126751
2022/5/23,29114.08113,11535.28,3973.75,28.48,1856.2,102.0767,0,1,2.8147,2.6,154.873868,49.86768965,1554921,3992952,2571,102603,1885,29816.08903,29481.6323,1378.584503,1804.369874,-425.7853715,39.25806452,142432
2022/5/22,30366.04222,11475.06,3949.62,28.79666667,1848.866667,102.3956,0,1,2.8179,2.583333333,156.450791,48.98309323,1639618,3992782,3159,109120,1815,29873.75114,29642.4341,1353.724332,1714.240766,-360.5164338,39.06451613,158680
2022/5/21,29449.98556,11414.84,3925.49,29.11333333,1841.533333,102.7145,0,1,2.8211,2.566666667,158.027714,48.09849681,1263369,3993174,1302,769045,2050,29633.46626,29607.44346,1245.744187,1620.54145,-374.7972628,38.87096774,105572
2022/5/20,29234.03291,11354.62,3901.36,29.43,1834.2,103.0334,0,1,2.8243,2.55,159.604637,47.21390039,1566955,3993340,2528,1726807,206,29384.8666,29539.55063,1129.720852,1522.377331,-392.6564786,38.67741935,147520
2022/5/19,30376.33148,11388.5,3900.79,29.35,1844,102.8934,0,1,2.8149,2.59,161.18156,46.32930397,1602005,3992864,2067,5779899,2427,29477.92733,29691.6926,1117.068599,1441.315584,-324.2469852,38.48387097,142912
2022/5/18,28760.1539,11418.15,3923.68,30.96,1810.65,103.9245,0,1,2.8226,2.72,162.758483,45.44470755,564986,1405079,850,147404159,6760,29449.2367,29522.32193,965.4998923,1346.152446,-380.6525536,38.29032258,131845
2022/5/17,30452.62433,11984.52,4088.85,26.1,1825,103.2971,0,1,2.8291,2.71,164.335406,44.56011113,451782,1120656,446,10298980,1737,29633.85168,29691.46782,970.7585192,1271.073661,-300.3151414,38.09677419,166609
2022/5/16,29880.54816,11662.79,4008.01,27.47,1809.5,104.223,0,1,2.8359,2.68,165.912329,43.67551471,1094092,3999574,453,6087567.5,0,29686.54457,29725.84606,918.1800454,1200.494938,-282.3148921,37.90322581,196060
2022/5/15,31333.76562,11710.19333,4013.303333,27.93666667,1810.183333,104.2989667,0,1,2.8301,2.683333333,167.489252,42.79091829,1646131,3993010,1859,1876155,2596,29864.16776,30018.19507,982.4486728,1156.885685,-174.4370118,37.70967742,150626
2022/5/14,30123.7756,11757.59667,4018.596667,28.40333333,1810.866667,104.3749333,0,1,2.8243,2.686666667,169.066175,41.90632187,1122707,3999695,854,40000000,1910,29909.13409,30037.39153,925.0821696,1110.524982,-185.442812,37.51612903,140872
2022/5/13,29250.004,11805,4023.89,28.87,1811.55,104.4509,0,1,2.8185,2.69,170.643098,41.02172545,1246716,3993366,1982,132008,2712,29922.72638,29894.23016,799.8920788,1048.398401,-248.5063222,37.32258065,173856
2022/5/12,29130.0386,11370.96,3930.08,31.77,1837.05,104.7536,0,1,2.8293,2.59,172.220021,40.13712903,1376530,3993493,2379,41147680,2919,29799.12602,29755.28624,683.1232056,975.343362,-292.2201563,37.12903226,203239
2022/5/11,28984.5358,11364.24,3935.18,32.56,1851.95,104.02,0,1,2.8261,2.7,173.796944,39.25253261,1096656,3999606,558,2758301791,2810,29752.58104,29615.1498,572.2456804,894.7238257,-322.4781452,36.93548387,184822
2022/5/10,31024.7033,11737.67,4001.05,32.99,1857.35,103.9278,0,1,2.8191,2.65,175.373867,38.36793619,1077777,2739342,1625,105000,8460,29931.64808,29871.43225,641.6029108,844.0996427,-202.4967319,36.74193548,205069
2022/5/9,30363.86562,11623.25,3991.24,34.75,1860.9,103.7264,0,1,2.8359,2.75,176.95079,37.48333977,1318742,3058310,1201,1422109,1125,29930.40149,29960.96559,635.9145107,802.4626163,-166.5481056,36.5483871,238816
2022/5/8,33933.54281,11797.05333,4035.273333,33.23,1868.05,103.7048333,0,1,2.8386,2.786666667,178.527713,36.59874335,1156431,3126144,2200,7556001,7975,30447.74038,30683.25236,908.9714718,823.7643874,85.2070844,36.35483871,172363
2022/5/7,35552.564,11970.85667,4079.306667,31.71,1875.2,103.6832667,0,1,2.8413,2.823333333,180.104636,35.71414694,1500504,3999798,2243,102462,1540,30957.73435,31568.58175,1241.699027,907.3513152,334.3477114,36.16129032,153072
2022/5/6,36033.0634,12144.66,4123.34,30.19,1882.35,103.6617,0,1,2.8412,2.86,181.681559,34.82955052,332167,825577,539,4367143,512,31572.98587,32380.30569,1526.563028,1031.193658,495.3693706,35.96774194,163500
2022/5/5,36568.7596,12317.69,4146.87,31.2,1892.3,103.5715,0,1,2.8434,2.87,183.258482,33.9449541,1710972,3993060,1475,220444,7616,32096.48527,33141.84276,1775.083946,1179.971715,595.1122304,35.77419355,157763
2022/5/4,39699.03396,12964.86,4300.17,25.42,1863.65,102.5122,0,0.5,2.843633333,2.86,184.835405,33.06035768,1230658,3993157,1631,256417,1443,33054.01111,34334.05934,2199.273685,1383.832109,815.441576,35.58064516,151707
2022/5/3,37732.29975,12563.76,4175.48,29.25,1869.7,103.4861,0,0.5,2.843866667,2.83,186.412328,32.17576126,92018,242510,257,139380952,423,33902.24068,34951.92123,2349.662648,1576.998217,772.6644306,35.38709677,132370
2022/5/2,38503.90959,12536.02,4155.38,32.34,1880.1,103.6027,0,0.5,2.8441,2.81,187.989251,31.29116484,481828,1090396,413,274199,1477,34839.62778,35597.7373,2502.264897,1762.051553,740.213344,35.19354839,140078
2022/5/1,38467.094,12468.89333,4147.563333,32.69333333,1890.5,103.4742333,0,0.5,2.844333333,2.833333333,189.566174,30.40656842,515946,1316319,853,660519,549,35787.8836,36119.43852,2590.372369,1927.715716,662.6566524,35,140890
2022/4/30,37660.45292,12401.76667,4139.746667,33.04666667,1900.9,103.3457667,0,0.5,2.844566667,2.856666667,191.143097,29.521972,1211371,3230380,2392,3307105,1125,36451.45856,36399.62295,2565.535089,2055.279591,510.2554985,34.6,119651
2022/4/29,38592.00442,12334.64,4131.93,33.4,1911.3,103.2173,0,0.5,2.8448,2.88,195.4034913,29.87689357,1549860,3992967,2757,49708,3065,37274.27245,36798.23777,2591.150616,2162.453796,428.69682,34.2,146452
2022/4/28,39749.9386,12871.53,4287.5,29.99,1888.5,103.6704,0,0.5,2.8594,2.97,199.6638856,30.23181513,2110922,3993047,839,7679400,2938,37855.91202,37334.91065,2674.061796,2264.775396,409.2864004,33.8,161634
2022/4/27,39248.43928,12488.93,4183.96,31.6,1885.8,102.9669,0,0.5,2.8424,2.88,203.9242799,30.5867367,1444386,3992838,2128,947960,1380,38225.49955,37682.82494,2668.541416,2345.5286,323.0128162,33.4,167153
2022/4/26,38026.74626,12490.74,4175.2,33.52,1904.6,101.7393,0,0.5,2.8339,2.85,208.1846742,30.94165827,1113642,3993642,815,4916340,2321,38424.86784,37745.35609,2536.34861,2383.692602,152.656008,33,157378
2022/4/25,40475.27521,13004.85,4296.12,27.02,1895,101.7435,0,0.5,2.8363,2.91,212.4450685,31.29657983,356905,924850,701,9369143,1269,38815.5194,38241.70502,2599.198737,2426.793829,172.4049082,32.6,187800
2022/4/24,39479.99697,12949.66333,4288.006667,27.41666667,1910.516667,101.5367667,0,0.5,2.8476,2.933333333,216.7054628,31.6515014,348153,936933,807,379627,500,38793.6157,38466.84901,2539.424376,2449.319938,90.10443769,32.2,129862
2022/4/23,39419.5301,12894.47667,4279.893333,27.81333333,1926.033333,101.3300333,0,0.5,2.8441,2.956666667,220.9658571,32.00642297,269325,777879,637,3085932,2266,38962.33874,38640.06376,2458.829735,2451.221898,7.607836959,31.8,138774
2022/4/22,39757.5541,12839.29,4271.78,28.21,1941.55,101.1233,0,0.5,2.8406,2.98,225.2262514,32.36134453,1564330,3993052,2706,740832,2970,39087.70319,38843.24382,2394.629811,2439.90348,-45.27366969,31.4,206254
2022/4/21,40528.7777,13174.65,4393.66,22.68,1943.7,100.6273,0,0.5,2.839,3.02,229.4866457,32.7162661,971419,2541268,2093,320341,336,39293.87156,39149.70452,2378.563607,2427.635506,-49.07189885,31,244872
2022/4/20,41363.50366,13453.07,4459.45,20.32,1949.55,100.3037,0,0.5,2.8411,2.92,233.74704,33.07118767,1523742,3993459,3813,60721528,2070,39664.17663,39552.21346,2405.457813,2423.199967,-17.74215387,30.6,196643
2022/4/19,41504.4185,13619.66,4462.21,21.37,1964,100.9863,0,0.5,2.8183,2.93,238.0074343,33.42610923,1413502,3992884,2951,482600,1538,39955.41804,39907.15983,2410.357218,2420.631417,-10.27419954,30.2,166556
2022/4/18,40826.6711,13332.36,4391.69,22.17,1963.85,100.7877,0,0.5,2.8032,2.92,242.2678286,33.7810308,1704706,3998374,2514,670548,720,40063.09129,40074.3437,2332.662004,2403.037535,-70.37553023,29.8,157955
2022/4/17,39678.0001,13337.04,4391.915,22.3025,1963.7,100.6985,0,0.5,2.790966667,2.9125,246.5282229,34.13595237,106088,263699,154,274984,204,40106.04737,40002.28122,2153.574769,2353.144982,-199.5702126,29.4,120673
2022/4/16,40386.5108,13341.72,4392.14,22.435,1963.55,100.6093,0,0.5,2.778733333,2.905,250.7886172,34.49087393,23301,64461,71,136639,7751,40342.02382,40072.14115,2045.241466,2291.564278,-246.3228122,29,108618
2022/4/15,40558.127,13346.4,4392.365,22.5675,1963.4,100.5201,0,0.5,2.7665,2.8975,255.0490115,34.8457955,1006042,2528632,1661,9849950,306,40350.309,40160.50221,1950.747533,2223.400929,-272.6533962,28.6,151715
2022/4/14,39909.71687,13351.08,4392.59,22.7,1963.25,100.3048,0,0.5,2.7572,2.89,259.3094058,35.20071707,1281915,3729366,2414,205913,1757,40393.28099,40114.90488,1802.758059,2139.272355,-336.5142964,28.2,160735
2022/4/13,41160.0481,13643.59,4446.59,21.82,1976.75,99.8387,0,0.5,2.7703,2.8,263.5698001,35.55563863,758680,2095978,1165,1624,122,40567.33279,40304.93092,1766.009161,2064.619716,-298.6105553,27.8,156392
2022/4/12,40169.21512,13371.57,4397.45,24.26,1960.85,100.3367,0,0.5,2.7772,2.86,267.8301944,35.9105602,1514675,3992993,2803,75877,666,40608.4989,40280.25532,1638.051022,1979.305978,-341.2549557,27.4,172805
2022/4/11,39456.93304,13411.96,4412.53,24.37,1951.55,99.9775,0,0.5,2.7665,2.91,272.0905887,36.26548177,1450981,3993598,1907,2456869,1006,40501.31443,40130.56036,1462.311447,1875.907072,-413.5956242,27,163866
2022/4/10,42242.7841,13511.64,4437.78,23.3,1948.166667,99.93266667,0,0.5,2.7613,2.896666667,276.350983,36.62040333,685327,1854946,1041,3855570,335,40589.24247,40514.60104,1530.192361,1806.76413,-276.5717681,26.6,155906
2022/4/9,42788.71116,13611.32,4463.03,22.23,1944.783333,99.88783333,0,0.5,2.7561,2.883333333,280.6113773,36.9753249,803317,2205403,1660,562211233,2211,40717.67174,40928.07561,1609.487062,1767.308716,-157.8216544,26.2,184632
2022/4/8,42283.4292,13711,4488.28,21.16,1941.4,99.843,0,0.5,2.7509,2.87,284.8717716,37.33024647,1560516,3993285,2595,449010,1208,40863.34755,41174.50353,1612.963413,1736.439655,-123.4762425,25.8,224374
2022/4/7,43480.17472,13897.3,4500.21,21.55,1932.4,99.7712,0,0.5,2.757,2.82,289.1321659,37.68516803,1455775,3993328,1716,1089663,221,41243.56501,41593.71648,1692.77258,1727.70624,-34.93366063,25.4,229396
2022/4/6,43138.51947,13888.82,4481.15,22.1,1930.15,99.6457,0,0.5,2.7717,2.83,293.3925602,38.0400896,672797,1902143,1224,464943,1951,41518.76588,41874.58975,1708.755723,1723.916137,-15.16041349,25,170628
2022/4/5,45573.53741,14204.17,4525.12,21.03,1944.05,99.4903,0,0.5,2.77335,2.84,297.6529545,38.39501117,1545180,3993588,812,117279,231,42020.30692,42547.12569,1896.051575,1758.343224,137.7083509,24.6,186859
2022/4/4,46605.60297,14532.55,4582.64,18.57,1930.3,99.0122,0,0.5,2.775,2.8,301.9133488,38.74993273,1464040,3993367,3056,4560521,1296,42689.89553,43285.03065,2103.51593,1827.377766,276.1381647,24.2,171339
2022/4/3,46430.69671,14442.2,4570.38,18.92333333,1930,98.8651,0,0.5,2.77665,2.8,306.1737431,39.1048543,198458,554150,440,75274501,3475,43216.96039,43856.96993,2228.134901,1907.529193,320.6057084,23.8,157596
2022/4/2,45845.95756,14351.85,4558.12,19.27666667,1929.7,98.718,0,0.5,2.7783,2.8,310.4341374,39.45977587,1512951,3993531,2578,1112940,1834,43784.63464,44218.60405,2253.733138,1976.769982,276.9631561,23.4,153775
2022/4/1,46231.00476,14261.5,4545.86,19.63,1929.4,98.5709,0,0.5,2.7799,2.8,314.6945317,39.81469743,1465092,3998460,2436,13683440,4992,44462.04181,44584.49509,2278.821184,2037.180222,241.6409616,23,179037
2022/3/31,45540.82639,14220.52,4530.41,20.56,1942.15,98.3618,0,0.5,2.7844,2.84,318.954926,40.169619,1563704,3999752,1410,609787,2499,44791.84604,44758.3735,2217.450624,2073.234302,144.2163213,23.22580645,164113
2022/3/30,47100.45937,14442.27,4602.45,19.33,1933.85,97.8297,0,0.5,2.7841,2.86,315.6389288,39.24662484,1856838,3992679,1485,197570068,2266,45223.02086,45184.2073,2268.51335,2112.290112,156.2232384,23.4516129,200360
2022/3/29,47498.66565,14619.64,4631.6,18.9,1910,98.4257,0,0.5,2.7981,2.86,312.3229315,38.32363068,1496551,3999559,3068,522122,1246,45744.5445,45605.01791,2314.433499,2152.71879,161.7147099,23.67741935,234380
2022/3/28,46888.22115,14354.9,4575.52,19.63,1937.05,99.152,0,0.5,2.7935,2.95,309.0069343,37.40063652,1325060,3701447,2530,1046364,783,46085.34914,45838.32759,2275.339086,2177.242849,98.09623729,23.90322581,239616
2022/3/27,46842.71955,14293.03333,4564.7,20.02333333,1942.633333,99.0381,0,0.5,2.796933333,2.95,305.6909371,36.47764235,1480763,3993380,2073,11918150,945,46455.76915,46020.94431,2215.150013,2184.824282,30.32573114,24.12903226,202928
2022/3/26,44533.21742,14231.16667,4553.88,20.41666667,1948.216667,98.9242,0,0.5,2.800366667,2.95,302.3749399,35.55464819,217723,541723,421,312451,231,46351.73715,45750.44851,1958.515668,2139.562559,-181.0468907,24.35483871,193514
2022/3/25,44365.18255,14169.3,4543.06,20.81,1953.8,98.8103,0,0.5,2.8038,2.95,299.0589426,34.63165403,9440,24278,15,583086,990,46127.69511,45498.58197,1721.725116,2055.99507,-334.2699542,24.58064516,255709
2022/3/24,43948.89113,14191.84,4520.16,21.67,1965.2,98.7894,0,0.5,2.8247,2.92,295.7429454,33.70865987,1588045,3992887,3485,106224,1910,45879.51455,45216.82,1483.376221,1941.471301,-458.0950795,24.80645161,238723
2022/3/23,42925.97798,13922.6,4456.24,23.57,1931.75,98.647,0,0.5,2.8349,2.94,292.4269482,32.78566571,804504,1948896,739,39638,191,45587.51659,44800.30327,1198.131152,1792.803271,-594.6721185,25.03225806,193049
2022/3/22,42376.74422,14108.82,4511.61,22.94,1915.25,98.4386,0,0.5,2.834,2.91,289.110951,31.86267155,1444663,3999490,2627,1325368,757,45202.09054,44359.65617,917.1811131,1617.678839,-700.4977263,25.25806452,338732
2022/3/21,41051.83346,13838.46,4461.18,23.53,1935.05,98.4923,0,0.5,2.8095,2.9,285.7949537,30.93967739,421538,1061372,616,2029185,330,44753.19125,43758.23386,580.9204676,1410.327165,-829.4066974,25.48387097,211908
2022/3/20,41252.05199,13856.92,4461.826667,23.64333333,1935.3,98.40426667,0,0.5,2.8028,2.886666667,282.4789565,30.01668323,315522,835056,541,235536,204,44168.35051,43302.56443,326.8200672,1193.625745,-866.8056782,25.70967742,172926
2022/3/19,42166.22954,13875.38,4462.473333,23.75666667,1935.55,98.31623333,0,0.5,2.7961,2.873333333,279.1629593,29.09368906,1351503,3744297,1858,10747338,710,43635.1069,43095.95808,196.9399565,994.2885877,-797.3486312,25.93548387,168467
2022/3/18,41767.09817,13893.84,4463.12,23.87,1935.8,98.2282,0,0.5,2.7894,2.86,275.8469621,28.1706949,1438497,3993177,2750,1675673,6021,43122.9946,42854.34719,61.09816497,807.6505031,-746.5523382,26.16129032,134534
2022/3/17,40958.22516,13614.78,4411.67,25.67,1949.65,98.0175,0,0.5,2.8063,2.91,272.5309648,27.24770074,104034,283074,253,1290000,770,42534.54516,42509.59773,-110.5523464,624.0099332,-734.5622796,26.38709677,135071
2022/3/16,41147.27989,13436.55,4357.86,26.67,1913.2,98.3755,0,0.25,2.8298,2.8,269.2149676,26.32470658,1456928,3993266,2236,1628366,1596,42195.95141,42261.90358,-228.6952207,453.4689024,-682.1641232,26.61290323,189924
2022/3/15,39302.01679,12948.62,4262.45,29.83,1913.65,98.9916,0,0.25,2.8023,2.84,265.8989704,25.40171242,324222,810456,519,60802950,6370,41689.63483,41723.74234,-465.8515637,269.6048092,-735.4563729,26.83870968,187310
2022/3/14,39599.02437,12581.22,4173.11,31.77,1954.05,99.1193,0,0.25,2.7587,2.93,262.5829732,24.47871826,431761,1062001,824,67055,284,41254.64815,41337.42998,-622.6560532,91.15263673,-713.80869,27.06451613,159575
2022/3/13,37824.35153,12668.75,4183.51,31.43,1962.266667,99.12163333,0,0.25,2.790033333,2.933333333,259.2669759,23.5557241,155959,395878,277,317386,659,40744.48551,40698.68845,-879.9821208,-103.0743148,-776.907806,27.29032258,121519
2022/3/12,38875.98605,12756.28,4193.91,31.09,1970.483333,99.12396667,0,0.25,2.821366667,2.936666667,255.9509787,22.63272994,326664,835473,605,130687981,4770,40394.40969,40367.28801,-987.6715047,-279.9937528,-707.6777519,27.51612903,132194
2022/3/11,38770.04591,12843.81,4204.31,30.75,1978.7,99.1263,0,0.25,2.8527,2.94,252.6349815,21.70973577,1729386,3992913,1292,275346,1118,40166.23094,40076.88036,-1069.239078,-437.8428178,-631.3962603,27.74193548,148462
2022/3/10,39461.35102,13129.96,4259.52,30.23,1996.6,98.516,0,0.25,2.8446,2.86,249.3189843,20.78674161,888413,2131331,1096,1136316,1729,39987.16084,39964.96593,-1065.81339,-563.4369323,-502.3764578,27.96774194,158285
2022/3/9,41955.06532,13255.55,4277.88,32.45,1988.9,97.9601,0,0.25,2.845,2.84,246.002987,19.86374745,1541106,3993363,2372,1903023,2873,39966.04442,40326.80218,-852.0546488,-621.1604756,-230.8941732,28.19354839,189906
2022/3/8,38724.82009,12795.55,4170.7,35.13,2039.05,99.1289,0,0.25,2.8102,2.9,242.6869898,18.94075329,1688426,3999653,1866,1250000000,11250,39661.81661,40035.53271,-932.5532069,-683.4390218,-249.1141851,28.41935484,133210
2022/3/7,37991.87947,12830.96,4201.09,36.45,1980.95,99.2599,0,0.25,2.8346,2.77,239.3709926,18.01775913,1091615,2632697,1319,1007488592,592,39365.18204,39663.9594,-1043.462688,-755.4437551,-288.018933,28.64516129,147188
2022/3/6,38385.18525,12991.78667,4243.683333,34.96,1969.066667,99.01036667,0,0.25,2.829566667,2.736666667,236.0549954,17.09476497,371641,892639,486,624581,2860,39088.97258,39431.455,-1087.091448,-821.7732938,-265.3181547,28.87096774,122650
2022/3/5,39409.21247,13152.61333,4286.276667,33.47,1957.183333,98.76083333,0,0.25,2.824533333,2.703333333,232.7389981,16.17177081,86666,238136,218,19636217,1000,39099.69215,39427.41091,-1027.196238,-862.8578826,-164.3383554,29.09677419,121698
2022/3/4,39120.0424,13313.44,4328.87,31.98,1945.3,98.5113,0,0.25,2.8195,2.67,229.4230009,15.24877665,1779196,3999826,918,36000,200,39051.79395,39371.52572,-991.6315489,-888.6126159,-103.018933,29.32258065,149694
2022/3/3,42450.88343,13537.94,4363.49,30.48,1929.6,97.7267,0,0.25,2.8306,2.69,226.1070037,14.32578248,1658324,3999698,1431,4538671,1875,39514.44714,39931.40894,-686.7587153,-848.2418357,161.4831205,29.5483871,150098
2022/3/2,43938.47684,13752.02,4386.54,30.74,1928.5,97.3539,0,0.25,2.8168,2.71,222.7910065,13.40278832,1603764,3998151,2234,12598937,12457,40020.69622,40659.96674,-321.4035026,-742.8741691,421.4706665,29.77419355,158660
2022/3/1,44359.8712,13532.46,4306.26,33.32,1922,97.4044,0,0.25,2.798,2.62,219.4750092,12.47979416,1388822,3999710,2741,187195,770,40579.67875,41332.67664,2.121681055,-593.8749991,595.9966801,30,211023
2022/2/28,43181.1437,13751.4,4373.94,30.15,1909.85,96.7063,0,0.25,2.7938,2.62,216.159012,11.5568,1421759,3993278,2198,620601,641,40951.65802,41668.76156,161.542105,-442.7915783,604.3336832,30.17857143,185466
2022/2/27,37714.48389,13732.47333,4377.51,29.29666667,1901.5,96.65196667,0,0.25,2.798933333,2.593333333,213.3917254,11.42879171,941015,2520140,1711,21919487,4090,40527.59987,40949.80199,-151.4836118,-384.529985,233.0463732,30.35714286,131521
2022/2/26,39033.5353,13713.54667,4381.08,28.44333333,1893.15,96.59763333,0,0.25,2.804066667,2.566666667,210.6244389,11.30078343,1492197,3992838,2875,263387,495,40558.4714,40601.38986,-289.781897,-365.5803674,75.79847034,30.53571429,161648
2022/2/25,39219.47676,13694.62,4384.65,27.59,1884.8,96.5433,0,0.25,2.8092,2.54,207.8571523,11.17277514,1620319,3993625,2637,785677,531,40681.23112,40350.13293,-379.9999599,-368.4642859,-11.53567401,30.71428571,193110
2022/2/24,38296.16593,13473.58,4288.7,30.32,1936.3,97.0908,0,0.25,2.8065,2.55,205.0898657,11.04476686,1554150,3993060,2401,123916,710,40672.32919,39976.68439,-520.0075687,-398.7729425,-121.2346262,30.89285714,178626
2022/2/23,37287.48634,13037.49,4225.5,31.02,1904.7,96.2042,0,0.25,2.8313,2.53,202.3225791,10.91675857,566930,1546112,1061,241313003,10986,40460.15658,39487.73929,-704.238596,-459.8660732,-244.3725228,31.07142857,172708
2022/2/22,38302.8439,13381.52,4304.76,28.81,1900.1,96.0844,0,0.25,2.8465,2.45,199.5552926,10.78875029,641208,1710561,1069,748671,567,40378.43673,39272.30376,-759.5564491,-519.8041483,-239.7523007,31.25,177978
2022/2/21,37003.15356,13423.1575,4315.7875,28.545,1894.45,96.1321,0,0.25,2.8169,2.44,196.788006,10.660742,1129762,3992770,715,45383353,7358,39833.66374,38859.731,-897.9197351,-595.4272657,-302.4924694,31.42857143,170678
2022/2/20,38464.8528,13464.795,4326.815,28.28,1894.166667,96.1222,0,0.25,2.807833333,2.43,194.0207194,10.53273371,407378,1103456,842,2435576,1152,39286.30134,38787.93496,-879.4885271,-652.239518,-227.2490091,31.60714286,152590
2022/2/19,40112.55953,13506.4325,4337.8425,28.015,1893.883333,96.1123,0,0.25,2.798766667,2.42,191.2534329,10.40472543,77993,159641,67,512850,1460,38861.57017,39028.77579,-723.5844679,-666.508508,-57.07595995,31.78571429,143867
2022/2/18,39976.23595,13548.07,4348.87,27.75,1893.6,96.1024,0,0.25,2.7897,2.41,188.4861463,10.27671714,1520051,3992981,3821,13397,282,38541.07939,39201.04128,-604.0662516,-654.0200567,49.95380513,31.96428571,167864
2022/2/17,40491.0412,13716.72,4380.26,28.11,1893.45,95.8216,0,0.25,2.7922,2.43,185.7188597,10.14870886,1662850,3993307,2166,5361319,514,38818.73513,39435.58672,-462.475592,-615.7111637,153.2355718,32.14285714,200939
2022/2/16,43997.7116,14124.09,4475.01,24.29,1862.6,95.8266,0,0.25,2.8019,2.46,182.9515731,10.02070057,180245,410444,120,5067692,154,39315.15276,40265.06397,-66.53797106,-505.8765252,439.3385542,32.32142857,176011
2022/2/15,44602.5315,14139.76,4471.07,25.7,1848.55,95.9863,0,0.25,2.802,2.48,180.1842866,9.892692286,24468,69375,51,324728020,2510,39853.45823,41053.69443,292.6755755,-346.1661051,638.8416806,32.5,194553
2022/2/14,42594.9419,13790.92,4401.67,28.33,1866.15,96.2789,0,0.25,2.7974,2.48,177.417,9.764684,1414024,3993406,2567,2831176,1437,40283.33583,41333.92124,410.6257586,-194.8077323,605.4334909,32.67857143,327624
2022/2/13,42235.5136,13790.99667,4407.326667,28.00666667,1854.483333,96.19623333,0,0.25,2.796633333,2.463333333,174.6497134,9.636675714,818493,2244171,1501,6030671,849,40778.13855,41497.84712,469.6850317,-61.90917953,531.5942112,32.85714286,146416
2022/2/12,42126.3511,13791.07333,4412.983333,27.68333333,1842.816667,96.11356667,0,0.25,2.795866667,2.446666667,171.8824269,9.508667429,187665,462681,293,1576566,1088,41160.48927,41612.12057,501.8958863,50.85183364,451.0440527,33.03571429,139913
2022/2/11,42377.6527,13791.15,4418.64,27.36,1831.15,96.0309,0,0.25,2.7951,2.43,169.1151403,9.380659143,1709935,3992998,1607,16368768,559,41697.93919,41751.30823,541.4595509,148.9733771,392.4861738,33.21428571,160947
2022/2/10,43524.37792,14185.64,4504.08,23.91,1835.35,95.6799,0,0.25,2.7365,2.45,166.3478537,9.252650857,1434853,3992710,3254,541000,1665,42203.8917,42073.68454,657.7629005,250.7312818,407.0316188,33.39285714,188566
2022/2/9,44283.9142,14490.37,4587.18,19.96,1827.8,95.5588,0,0.25,2.7386,2.42,163.5805671,9.124642571,1059947,3993608,467,2266358,7958,42621.02717,42475.54448,801.9776737,360.9805602,440.9971135,33.57142857,235034
2022/2/8,44082.39258,14194.46,4521.54,21.44,1822.6,95.6095,0,0.25,2.7222,2.42,160.8132806,8.996634286,1250266,3993070,2014,159992,1006,43031.64283,42767.69868,889.7513107,466.7347103,423.0166005,33.75,197654
2022/2/7,43905.99798,14015.67,4483.87,22.86,1813.55,95.412,0,0.25,2.7353,2.4,158.045994,8.868626,1550349,3993264,2804,1635792,2479,43373.13851,42974.66219,934.3088493,560.2495381,374.0593112,33.92857143,209960
2022/2/6,42388.07234,14043.11667,4489.423333,22.98,1810.6,95.43076667,0,0.25,2.732225,2.403333333,155.2787074,8.740617714,888191,1915862,585,115069000,223,43212.17458,42868.00949,837.4831226,615.696255,221.7868676,34.10714286,168851
2022/2/5,41360.0538,14070.56333,4494.976667,23.1,1807.65,95.44953333,0,0.25,2.72915,2.406666667,152.5114209,8.612609429,1466854,3993640,2745,114966,558,42887.92681,42593.83573,670.0713662,626.5712772,43.50008894,34.28571429,204640
2022/2/4,41653.56036,14098.01,4500.53,23.22,1804.7,95.4683,0,0.25,2.726075,2.41,149.7441343,8.484601143,1568717,3992795,2076,823558,1020,42793.78866,42422.87657,554.6857968,612.1941811,-57.50838435,34.46428571,200217
2022/2/3,37027.78,13878.82,4477.44,24.35,1792.7,95.341,0,0.25,2.723,2.38,146.9768477,8.356592857,1114407,2795925,2247,32318,225,42273.0153,41441.94992,88.95467199,507.5462793,-418.5916073,34.64285714,143784
2022/2/2,36835.9015,14417.55,4589.38,22.09,1803.65,95.9872,0,0.25,2.719925,2.41,144.2095611,8.228584571,106989,287049,231,208170,2008,41743.97034,40604.48657,-292.2546614,347.5860912,-639.8407526,34.82142857,166251
2022/2/1,38761.9683,14346,4546.54,21.96,1799.85,96.253,0,0.25,2.71685,2.43,141.4422746,8.100576286,1576997,3998132,2517,52966,1540,41382.4019,40269.48325,-433.9460506,191.2796628,-625.2257134,35,188410
2022/1/31,38472.00624,14239.88,4515.55,24.83,1795.25,96.6369,0,0.25,2.713775,2.44,138.674988,7.972568,1321652,3993515,2061,81061569,4707,40877.16473,39942.66925,-563.1434456,40.39504113,-603.5384867,35.25806452,179778
2022/1/30,37937.339,14083.44333,4487.65,25.77333333,1792.883333,96.8291,0,0.25,2.7107,2.44,137.5998407,9.519635548,1292963,3999413,224,952062296,173400,40242.50721,39578.06375,-700.6004041,-107.8040479,-592.7963562,35.51612903,138478
2022/1/29,38131.8236,13927.00667,4459.75,26.71666667,1790.516667,97.0213,0,0.25,2.7232,2.44,136.5246934,11.0667031,97533,243465,178,34306,678,39647.45031,39315.11099,-784.7961112,-243.2024606,-541.5936506,35.77419355,156568
2022/1/28,37784.7229,13770.57,4431.85,27.66,1788.15,97.2135,0,0.25,2.7295,2.44,135.449546,12.61377065,1164730,2901676,1798,247134,221,39035.3228,39036.85861,-869.5068081,-368.4633301,-501.043478,36.03225806,189813
2022/1/27,37201.84235,13352.78,4326.51,30.49,1806.75,97.2288,0,0.25,2.734,2.4,134.3743987,14.16083819,1501678,3993565,3062,3983996,2178,38516.6998,38703.21929,-972.4642721,-489.2635185,-483.2007537,36.29032258,172294
2022/1/26,36775.5295,13542.12,4349.93,31.96,1835.95,96.4886,0,0.25,2.7188,2.38,133.2992514,15.70790574,1521238,3992656,1637,1823339,1223,38058.24737,38352.73024,-1076.0546,-606.6217348,-469.4328654,36.5483871,181781
2022/1/25,36948.63103,13539.29,4356.45,31.16,1847.3,95.9975,0,0.25,2.6938,2.41,132.2241041,17.25497329,1447392,3868371,2844,584942,1344,37587.75444,38097.43947,-1131.143715,-711.5261308,-419.6175838,36.80645161,179311
2022/1/24,36705.9179,13855.13,4410.13,29.9,1831.6,95.8958,0,0.25,2.6998,2.38,131.1489567,18.80204084,1577185,3886204,2368,929287,141,37555.56823,37844.43555,-1180.775906,-805.3760858,-375.3998201,37.06451613,188870
2022/1/23,36231.1426,13826.39333,4406.066667,29.55,1833.6,95.80776667,0,0.25,2.709333333,2.366666667,130.0738094,20.34910839,1019304,2668722,2184,8934186,585,37495.09234,37551.10956,-1244.079203,-893.1167093,-350.962494,37.32258065,165450
2022/1/22,35015.93463,13797.65667,4402.003333,29.2,1835.6,95.71973333,0,0.25,2.718866667,2.353333333,128.9986621,21.89617594,988431,2596008,1627,2012293,1207,37120.48897,37090.16866,-1376.43793,-989.7809535,-386.6569766,37.58064516,228883
2022/1/21,36400.668,13768.92,4397.94,28.85,1837.6,95.6317,0,0.25,2.7284,2.34,127.9235148,23.44324348,1529262,3999480,2710,1302390,2390,36913.35515,36964.80491,-1353.988824,-1062.622528,-291.3662965,37.83870968,213699
2022/1/20,40673.94412,14154.02,4482.73,25.59,1845.35,95.7948,0,0.25,2.737,2.33,126.8483675,24.99031103,1301906,3993638,1311,966021,1546,37187.01566,37639.19385,-980.082298,-1046.114482,66.03218364,38.09677419,166562
2022/1/19,41676.49878,14340.25,4532.76,23.85,1826.95,95.6069,0,0.25,2.723,2.4,125.7732201,26.53737858,1629183,3992853,2235,606504,261,37541.48318,38373.24929,-595.9906901,-956.0897234,360.0990333,38.35483871,154193
2022/1/18,42352.1359,14506.9,4577.11,22.79,1817.25,95.7298,0,0.25,2.7759,2.46,124.6980728,28.08444613,1478464,3993031,2427,135882,1000,37998.22448,39096.68322,-234.3753215,-811.746843,577.3715215,38.61290323,154438
2022/1/17,42199.00911,14603.6125,4598.545,21.89,1817.85,95.259,0,0.25,2.7911,2.455,123.6229255,29.63151368,1235764,3198433,1512,829311,317,38497.94116,39660.74247,39.39726411,-641.5180216,680.9152857,38.87096774,137749
2022/1/16,43104.67713,14700.325,4619.98,20.99,1819.55,95.2262,0,0.25,2.792266667,2.45,122.5477782,31.17858123,313596,770445,292,1269652,445,39130.85592,40286.91241,325.6895046,-448.0765163,773.766021,39.12903226,124308
2022/1/15,43145.30763,14797.0375,4641.415,20.09,1821.25,95.1934,0,0.25,2.793433333,2.445,121.4726308,32.72564877,863506,2338978,1937,32087,264,39750.52358,40806.62063,549.5221606,-248.5567809,798.0789415,39.38709677,119554
2022/1/14,43068.72658,14893.75,4662.85,19.19,1822.95,95.1606,0,0.25,2.7946,2.44,120.3974835,34.27271632,991319,2581331,1903,1384081,61248,40386.80445,41217.91262,712.5182356,-56.34177763,768.8600133,39.64516129,139135
2022/1/13,42580.3303,14806.81,4659.03,20.31,1820.35,94.8822,0,0.25,2.8022,2.43,119.3223362,35.81978387,377116,952243,619,1702428,800,41021.72322,41465.62493,793.1414603,113.55487,679.5865903,39.90322581,155209
2022/1/12,43900.027,15188.39,4726.35,17.62,1821.4,94.9984,0,0.25,2.8013,2.48,118.2471889,37.36685142,1511083,3993628,3007,59361,1512,41910.13245,41908.24349,952.5441057,281.3527171,671.1913886,40.16129032,163623
2022/1/11,42674.2972,15153.45,4713.07,18.41,1806.8,95.5957,0,0.25,2.8148,2.54,117.1720415,38.91391897,136122,371673,228,256738,5044,42537.49537,42047.52598,968.7979994,418.8417736,549.9562258,40.41935484,151517
2022/1/10,41786.2184,14942.83,4670.29,19.4,1794.2,95.953,0,0.25,2.8153,2.48,116.0968942,40.46098652,1706777,3999608,788,19156093,5096,42648.7228,42000.01551,899.6482055,515.0030599,384.6451455,40.67741935,163362
2022/1/9,41880.90095,14940.52,4672.536667,19.18666667,1793.666667,95.8816,0,0.25,2.819066667,2.48,115.0217469,42.00805406,861209,2559275,1226,272969,1074,42669.16302,41978.35832,842.7716395,580.5567759,262.2148636,40.93548387,139164
2022/1/8,41752.93,14938.21,4674.783333,18.97333333,1793.133333,95.8102,0,0.25,2.822833333,2.48,113.9465996,43.55512161,185072,496814,309,236520,1696,42609.24243,41937.37135,778.3974832,620.1249173,158.2725658,41.19354839,146927
2022/1/7,41512.9242,14935.9,4677.03,18.76,1792.6,95.7388,0,0.25,2.8266,2.48,112.8714523,45.10218916,421546,1130368,558,783100,141,42540.63394,41860.19914,699.9455022,636.0890343,63.85646788,41.4516129,179285
2022/1/6,43119.06386,15080.87,4696.05,19.61,1789.35,96.2316,0,0.25,2.822,2.46,111.7963049,46.64925671,1862933,3998417,1581,686066,136,42542.07261,42089.08364,758.628789,660.5969852,98.03180376,41.70967742,174937
2022/1/5,43529.7281,15100.17,4700.58,19.73,1826.25,96.1734,0,0.25,2.8042,2.53,110.7211576,48.19632426,1640765,3999776,1798,2000000000,58419,42580.51466,42351.01899,828.7199214,694.2215724,134.4983489,41.96774194,149229
2022/1/4,45884.45966,15622.72,4793.54,16.91,1811.4,96.2685,0,0.25,2.8019,2.57,109.6460103,49.74339181,1530794,3993329,2557,66951030,19976,42862.08797,42993.46275,1062.032358,767.7837296,294.2486288,42.22580645,152831
2022/1/3,46424.346,15832.8,4796.56,16.6,1813.575,96.2181,0,0.25,2.810225,2.6,108.570863,51.29045935,1559516,3998270,2866,129690562,17902,43246.48954,43617.25971,1275.791926,869.3853689,406.4065572,42.48387097,157281
2022/1/2,47313.6322,15770.19,4786.433333,16.80666667,1815.75,96.13543333,0,0.25,2.81855,2.586666667,107.4957156,52.8375269,332171,799445,385,2005000,226,43587.85006,44289.32743,1499.668641,995.4420234,504.2266179,42.74193548,114214
2022/1/1,47544.4994,15707.58,4776.306667,17.01333333,1817.925,96.05276667,0,0.25,2.826875,2.573333333,106.4205683,54.38459445,1026255,2501742,1607,1408342,221,44074.87028,44881.17688,1676.397142,1131.633047,544.7640948,43,93876
2021/12/31,46304.94959,15644.97,4766.18,17.22,1820.1,95.9701,0,0.25,2.8352,2.56,105.345421,55.931662,533206,1383649,902,4726045,1584,44526.7434,45140.04465,1696.873935,1244.681225,452.1927104,42.70967742,116434
2021/12/30,47161.0092,15741.56,4778.73,17.33,1805.85,95.9701,0,0.25,2.8557,2.58,104.7397347,55.88933123,1485842,3999782,3089,44645,2109,45054.75422,45507.49275,1761.869067,1348.118793,413.7502742,42.41935484,126646
2021/12/29,46408.30267,15766.22,4793.06,16.95,1794.25,95.9059,0,0.25,2.8538,2.53,104.1340484,55.84700045,1523114,3999752,2869,277559,2140,45520.29149,45671.27637,1732.667934,1425.028621,307.639313,42.12903226,111906
2021/12/28,47637.8884,15781.72,4786.35,17.54,1792.61,96.1703,0,0.25,2.874,2.5,103.528362,55.80466968,1447061,3993410,2500,3185406,1494,46132.78791,46028.84219,1788.130661,1497.649029,290.4816318,41.83870968,118350
2021/12/27,50650.17144,15871.26,4791.19,17.68,1790.97,96.0724,0,0.25,2.8733,2.5,102.9226757,55.7623389,1477072,3993571,1136,1551605368,2007,46885.89867,46869.08388,2051.502891,1608.419802,443.0830889,41.5483871,105198
2021/12/26,50799.97886,15816.7875,4774.84,17.75,1789.33,96.0925,0,0.25,2.878433333,2.4925,102.3169894,55.72000813,1454313,3992958,2940,13501503,2521,47612.92374,47583.79205,2246.420153,1736.019872,510.4002811,41.25806452,91493
2021/12/25,50629.98124,15762.315,4758.49,17.82,1787.69,96.1126,0,0.25,2.883566667,2.485,101.7113031,55.67767735,106602,282639,205,329269,605,48087.4759,48137.64463,2359.971815,1860.81026,499.1615541,40.96774194,110526
2021/12/24,50771.9277,15707.8425,4742.14,17.89,1786.05,96.1327,0,0.25,2.8887,2.4775,101.1056167,55.63534658,1316430,3993339,1486,210385,550,48522.23407,48616.60519,2433.36589,1975.321386,458.0445038,40.67741935,122898
2021/12/23,50795.70373,15653.37,4725.79,17.96,1805.2,96.0602,0,0.25,2.8867,2.47,100.4999304,55.59301581,981281,2576132,1983,6926148,327,48870.44122,49012.80493,2465.034369,2073.263983,391.7703862,40.38709677,133215
2021/12/22,48648.50605,15521.89,4696.56,18.63,1792.8,96.4557,0,0.25,2.9073,2.47,99.8942441,55.55068503,914849,2303330,1682,4286845,2073,48980.84189,48946.56877,2290.467871,2116.704761,173.7631102,40.09677419,120983
2021/12/21,48938.9095,15341.09,4649.23,21.01,1793.75,96.4557,0,0.25,2.9162,2.44,99.28855777,55.50835426,916379,2482796,1712,3704867,2938,49244.23788,48945.17617,2150.763136,2123.516436,27.24670049,39.80645161,137590
2021/12/20,46878.42809,14980.94,4568.02,22.87,1796.3,96.516,0,0.25,2.9135,2.39,98.68287145,55.46602348,1377678,3993024,3148,221290,1596,49215.97977,48569.40379,1852.428851,2069.298919,-216.8700676,39.51612903,124159
2021/12/19,46686.4963,15043.85333,4585.56,22.43666667,1800.1,96.5692,0,0.25,2.9131,2.386666667,98.07718513,55.42369271,156220,427906,403,1474468,773,49243.79913,48227.05698,1582.270065,1971.893148,-389.6230829,39.22580645,113612
2021/12/18,46871.01844,15106.76667,4603.1,22.00333333,1803.9,96.6224,0,0.25,2.9127,2.383333333,97.47149881,55.38136194,1333049,3384410,2700,1960802,889,49167.11214,47980.50452,1367.295346,1850.973588,-483.6782416,38.93548387,116620
2021/12/17,46305.32715,15169.68,4620.64,21.57,1807.7,96.6756,0,0.25,2.9123,2.38,96.86581248,55.33903116,1236868,3993313,1502,15157357,653,48732.62771,47675.92681,1138.159775,1708.410825,-570.2510499,38.64516129,116145
2021/12/16,47709.1644,15180.43,4668.67,20.57,1795.7,95.99,0,0.25,2.9127,2.42,96.26012616,55.29670039,1526766,3999621,2845,139053,3916,48423.54626,47681.97001,1057.65414,1578.259488,-520.6053484,38.35483871,123918
2021/12/15,48787.2417,15565.58,4709.85,19.29,1768.65,96.3421,0,0.25,2.9009,2.39,95.65443984,55.25436961,1485937,3993253,2813,121564433,12916,48239.27231,47882.9285,1068.527353,1476.313061,-407.7857076,38.06451613,146865
2021/12/14,48395.29567,15237.64,4634.09,21.89,1776.9,96.5608,0,0.25,2.9005,2.37,95.04875352,55.21203884,1643792,3993419,1980,729014,403,48001.6091,47976.08617,1033.602953,1387.77104,-354.1680862,37.77419355,141026
2021/12/13,46745.6254,15413.28,4668.97,20.31,1787.8,96.3529,0,0.25,2.9087,2.4,94.44306719,55.16970806,427005,1131747,833,21650,205,47596.60127,47752.36603,862.8639522,1282.789622,-419.9256699,37.48387097,144296
2021/12/12,50116.99176,15485.72,4683.32,19.77,1785.116667,96.2518,0,0.25,2.9045,2.413333333,93.83738087,55.12737729,1467578,3993671,3137,1268230,450,47743.44984,48182.29798,988.2017785,1223.872053,-235.6702749,37.19354839,140184
2021/12/11,49286.36663,15558.16,4697.67,19.23,1782.433333,96.1507,0,0.25,2.9003,2.426666667,93.23169455,55.08504652,1002583,2614684,1759,20477,1226,47778.19555,48383.03773,1008.878677,1180.873378,-171.9947011,36.90322581,127315
2021/12/10,47092.3307,15630.6,4712.02,18.69,1779.75,96.0496,0,0.25,2.8961,2.44,92.62600823,55.04271574,186328,506062,441,7008927,4203,47799.58582,48148.36373,838.5585242,1112.410407,-273.8518831,36.61290323,131883
2021/12/9,47834.99429,15517.37,4667.45,21.58,1776.15,96.2233,0,0.25,2.9108,2.47,92.0203219,55.00038497,41351,119120,99,2614298736,625,47914.43562,48091.38747,754.804406,1040.889207,-286.0848011,36.32258065,135187
2021/12/8,50471.21696,15786.99,4701.21,19.9,1783.8,95.9604,0,0.25,2.9082,2.52,91.41463558,54.95805419,1524905,3993593,2423,4011759,1210,48274.45547,48524.08374,890.8802876,1010.887423,-120.0071356,36.03225806,152439
2021/12/7,50559.94761,15686.92,4686.75,21.89,1781.35,96.3046,0,0.25,2.8876,2.47,90.80894926,54.91572342,952399,2369533,1754,916489,605,48699.91751,48894.24081,994.4181926,1007.593577,-13.17538442,35.74193548,161163
2021/12/6,50453.04698,15225.15,4591.67,27.18,1778.65,96.2777,0,0.25,2.8818,2.44,90.20326294,54.87339265,1478186,3992912,2290,68643,730,48974.30577,49177.66011,1055.677547,1017.210371,38.46717601,35.4516129,153780
2021/12/5,49217.9124,15178.59,4573.923333,28.34333333,1774.95,96.2423,0,0.25,2.893466667,2.436666667,89.59757661,54.83106187,836207,2214251,1476,18558,597,49017.37284,49184.97871,993.1130001,1012.390897,-19.27789678,35.16129032,124214
2021/12/4,49014.11288,15132.03,4556.176667,29.50666667,1771.25,96.2069,0,0.25,2.905133333,2.433333333,88.99189029,54.7887311,1582823,3993506,3019,524919,780,49079.25456,49153.91219,916.5201536,993.2167482,-76.69659459,34.87096774,196868
2021/12/3,53708.6772,15085.47,4538.43,30.67,1767.55,96.1715,0,0.25,2.9168,2.43,88.38620397,54.74640032,581966,1439864,546,11871,221,49775.55974,49982.05129,1220.561999,1038.685798,181.8762006,34.58064516,125774
2021/12/2,56405.66892,15381.32,4577.1,27.95,1765,96.1246,0,0.25,2.8991,2.47,87.78051765,54.70406955,1564700,3993617,2956,209289,2735,50404.42746,51149.98176,1660.006522,1162.949943,497.056579,34.29032258,121726
2021/12/1,57173.0795,15254.05,4513.04,31.12,1789.25,96.0407,0,0.25,2.8907,2.44,87.17483132,54.66173877,1678194,3999411,2680,224519,2108,51193.09874,52245.09044,2046.601149,1339.680184,706.9209646,34,138996
2021/11/30,57030.12565,15537.69,4567,27.19,1804.4,95.897,0,0.25,2.8948,2.5,86.569145,54.619408,1644752,3993068,1785,461060,3527,52186.87824,53115.09685,2314.761861,1534.69652,780.0653416,34,116550
2021/11/29,57876.49424,15782.83,4655.27,22.96,1785.95,96.172,0,0.25,2.8901,2.54,86.3178147,56.47580173,1607362,3980821,2073,228026,1068,53191.02823,53980.80546,2565.996815,1740.956579,825.0402365,34,142628
2021/11/28,57158.66834,15685.77333,4635.053333,24.84666667,1790.9,96.136,0,0.25,2.889433333,2.543333333,86.0664844,58.33219547,103944,221604,107,104859,720,53859.77337,54558.59871,2676.328724,1928.031008,748.2977162,34,118553
2021/11/27,54487.45022,15588.71667,4614.836667,26.73333333,1795.85,96.1,0,0.25,2.888766667,2.546666667,85.8151541,60.1885892,14566,41443,50,54826,1269,54252.52363,54545.66262,2519.183005,2046.261407,472.9215978,34,120878
2021/11/26,53663.60159,15491.66,4594.62,28.62,1800.8,96.064,0,0.25,2.8881,2.55,85.5638238,62.04498293,1534676,3993185,3823,28781125,1498,54573.57909,54385.28789,2301.634383,2097.336002,204.2983807,34,146605
2021/11/25,58907.05076,15668.445,4648.04,23.6,1788.15,96.786,0,0.25,2.9122,2.58,85.3124935,63.90137667,1483680,3998439,2849,28862251790,2217,55542.49293,55207.42659,2523.241699,2182.517142,340.7245576,34,114979
2021/11/24,57103.4606,15845.23,4701.46,18.58,1782.05,96.843,0,0.25,2.9334,2.61,85.0611632,65.7577704,1547142,3992778,3301,471094,700,56351.4277,55552.16005,2524.234636,2250.860641,273.3739954,34,116024
2021/11/23,57672.52894,15775.14,4690.7,19.38,1789.15,96.4934,0,0.25,2.943,2.62,84.8098329,67.61416413,1524220,3998431,2969,6981363,1368,56747.81288,55937.68167,2541.642137,2309.01694,232.6251967,34,128649
2021/11/22,56369.5245,15854.76,4682.94,19.17,1816.05,96.5036,0,0.25,2.9396,2.61,84.5585026,69.47055787,1143947,2938346,2128,92475,5500,56744.19843,56016.19855,2422.372534,2331.688059,90.68447567,34,132390
2021/11/21,58681.09231,15922.32,4687.946667,18.75,1831.066667,96.35813333,0,0.25,2.935566667,2.623333333,84.3071723,71.3269516,104305,287323,226,413599,447,56894.99972,56500.72468,2485.720876,2362.494622,123.226254,34,140192
2021/11/20,59815.37361,15989.88,4692.953333,18.33,1846.083333,96.21266667,0,0.25,2.931533333,2.636666667,84.055842,73.18334533,777424,2095948,1487,19021,268,57173.52451,57103.38813,2597.509443,2409.497586,188.0118565,34,128237
2021/11/19,58046.88915,16057.44,4697.96,17.91,1861.1,96.0672,0,0.25,2.9275,2.65,83.8045117,75.03973907,1986846,3993642,1094,11055627,5278,57190.564,57274.93377,2514.416147,2430.481298,83.93484832,34,150357
2021/11/18,56749.2716,15993.71,4704.54,17.59,1860.3,95.5414,0,0.25,2.9385,2.73,83.5531814,76.8961328,1365702,3555234,2633,41914,527,57149.62433,57179.35883,2317.146596,2407.814358,-90.66776194,34,134465
2021/11/17,60338.9249,15921.57,4688.67,17.11,1864.9,95.7991,0,0.25,2.9458,2.7,83.3018511,78.75252653,1458689,3993065,3207,25000000,2228,57734.7718,57753.82539,2422.538561,2410.759199,11.77936209,34,128054
2021/11/16,60189.9985,15973.86,4700.9,16.37,1859.2,95.9116,0,0.25,2.9487,2.73,83.0505208,80.60892027,1241785,3239335,2521,4634746,1512,58387.41149,58196.76595,2465.623167,2421.731992,43.89117471,34,141774
2021/11/15,63715.76978,15853.85,4682.8,16.49,1859.9,95.5242,0,0.25,2.9542,2.76,82.7991905,82.465314,1691913,3993525,2174,7822356,2850,58868.28339,59200.22119,2752.53875,2487.893344,264.6454065,34,137226
2021/11/14,65255.04686,15856.22,4682.816667,16.42333333,1860.116667,95.38833333,0,0.25,2.9539,2.75,82.5478602,84.32170773,572606,1525436,1053,73515,334,59683.44201,60301.09859,3068.753533,2604.065382,464.6881516,34,125767
2021/11/13,64471.04362,15858.59,4682.833333,16.35666667,1860.333333,95.25246667,0,0.25,2.9536,2.74,82.2965299,86.17810147,1449123,3998454,2453,2991482,4293,60363.29348,61059.27041,3218.987039,2727.049713,491.9373256,34,120378
2021/11/12,64315.36364,15860.96,4682.85,16.29,1860.55,95.1166,0,0.25,2.9533,2.73,82.0451996,88.0344952,74901,219561,145,263873,446,61157.8774,61651.28736,3287.588823,2839.157535,448.431288,34,121364
2021/11/11,64800.36102,15704.28,4649.27,17.66,1857.9,95.1507,0,0.25,2.9407,2.715,81.7938693,89.89088893,1431987,3993264,2068,181991,330,61769.80427,62223.84621,3342.56051,2939.83813,402.7223798,34,131369
2021/11/10,64871.25216,15622.71,4646.71,18.73,1859.4,94.8998,0,0.25,2.9151,2.7,81.542539,91.74728267,1608037,3998128,3162,2993729,671,62275.39212,62705.19274,3353.192772,3022.509058,330.6837133,34,154746
2021/11/9,66913.3364,15886.54,4685.25,17.78,1827.3,93.972,0,0.25,2.9315,2.63,81.2912087,93.6036764,1537526,3999551,2172,75474,1120,63162.03685,63470.30977,3486.211175,3115.249482,370.9616934,34,189677
2021/11/8,67500.02474,15982.36,4701.7,17.22,1822.35,94.0493,0,0.25,2.917,2.62,81.0398784,95.46007013,1520894,3993212,2313,2511209,2416,64237.11216,64202.98522,3597.50032,3211.699649,385.8006704,34,168461
2021/11/7,63180.13308,15978.77,4700.31,16.97333333,1815.516667,94.10756667,0,0.25,2.919066667,2.593333333,80.7885481,97.31646387,306054,792336,599,526631,204,64521.23298,64017.0121,3299.088773,3229.177474,69.91129874,34,103642
2021/11/6,61416.30848,15975.18,4698.92,16.72666667,1808.683333,94.16583333,0,0.25,2.921133333,2.566666667,80.5372178,99.1728576,913239,2348853,2077,312817,630,64643.86398,63544.1569,2886.990142,3160.740008,-273.7498653,34,97179
2021/11/5,61026.01799,15971.59,4697.53,16.48,1801.85,94.2241,0,0.25,2.9232,2.54,80.2858875,101.0292513,189450,526845,315,16913,1320,64374.8888,63086.31346,2500.086388,3028.609284,-528.5228954,34,115671
2021/11/4,61367.93383,15940.31,4680.06,15.44,1796.15,94.3281,0,0.25,2.9557,2.56,80.0345572,102.8856451,1477280,3992777,2768,289085000,31532,63986.1775,62773.8808,2195.740991,2862.035625,-666.2946341,34,119426
2021/11/3,62941.48199,15811.58,4660.57,15.1,1763.45,93.8671,0,0.25,2.9429,2.53,79.7832269,104.7420388,1557090,3993342,2284,1823638,732,63833.22133,62804.35375,2057.796263,2701.187753,-643.3914901,34,127439
2021/11/2,63175.51239,15649.6,4630.65,16.03,1790.45,94.107,0,0.25,2.9608,2.51,79.5318966,106.5984325,1162481,3917885,695,10000000,576,63719.23621,62871.83713,1944.93833,2549.937868,-604.9995381,34,137644
2021/11/1,61065.03107,15595.92,4613.67,16.41,1793.8,93.8717,0,0.25,2.9771,2.5,79.2805663,108.4548263,1217319,3992802,1035,1292915,1895,63345.70321,62543.32694,1665.99485,2373.149265,-707.1544148,34,112167
2021/10/31,61339.97564,15563.41,4610.906667,16.36,1785.583333,93.9614,0,0.25,2.981366667,2.503333333,79.029236,110.31122,366056,959825,605,39766221,23101,62992.57556,62324.5358,1450.396592,2188.59873,-738.2021382,34.09677419,105589
2021/10/30,61661.28735,15530.9,4608.143333,16.31,1777.366667,94.0511,0,0.25,2.985633333,2.506666667,79.08303381,109.9588605,1602196,3993289,2436,1750707,336,62467.37066,62203.94517,1290.583545,2008.995693,-718.4121478,34.19354839,91063
2021/10/29,62220.29366,15498.39,4605.38,16.26,1769.15,94.1408,0,0.25,2.9899,2.51,79.13683161,109.6065011,272292,660435,368,166680,555,61939.39755,62206.91762,1195.259485,1846.248451,-650.9889668,34.29032258,112918
2021/10/28,60438.74647,15448.12,4596.42,16.53,1803.5,93.3606,0,0.25,2.9954,2.57,79.19062942,109.2541416,1475227,3999289,2975,9941859,2841,61665.25889,61885.43196,964.836476,1669.966056,-705.1295803,34.38709677,125041
2021/10/27,58681.0152,15235.84,4551.68,16.98,1795.25,93.8649,0,0.25,2.9931,2.65,79.24442723,108.9017822,1530218,3999539,2876,2341317,8160,61391.72956,61302.81073,633.0924622,1462.591337,-829.4988753,34.48387097,126449
2021/10/26,60396.4959,15235.71,4574.79,15.98,1785.55,93.9591,0,0.25,2.9969,2.69,79.29822503,108.5494227,1645991,3999515,2110,32532090,282,61328.77735,61138.02622,502.8117954,1270.635429,-767.8236337,34.58064516,125247
2021/10/25,62989.5447,15226.71,4566.48,15.24,1805.25,93.8393,0,0.25,3.0031,2.66,79.35202284,108.1970633,1018927,2627581,1858,1061450,884,61490.93844,61474.66594,601.8628946,1136.880922,-535.0180275,34.67741935,134501
2021/10/24,60849.6164,15181.20667,4559.286667,15.30333333,1806.25,93.7634,0,0.25,2.9996,2.653333333,79.40582065,107.8447038,1469444,3993074,2962,1781820,16700,61281.75188,61361.02057,501.9016647,1009.885071,-507.983406,34.77419355,106803
2021/10/23,61238.6222,15135.70333,4552.093333,15.36666667,1807.25,93.6875,0,0.25,2.9961,2.646666667,79.45961845,107.4923444,1030334,2733230,2081,866340,517,61088.06286,61338.76632,448.8965864,897.6873738,-448.7907874,34.87096774,114275
2021/10/22,60694.00001,15090.2,4544.9,15.43,1808.25,93.6116,0,0.25,2.9926,2.64,79.51341626,107.1399849,741456,1965384,1437,6316266,6554,61050.95975,61221.53608,358.8071156,789.9113222,-431.1042066,34.96774194,147588
2021/10/21,62298.09301,15215.7,4549.78,15.01,1779.3,93.7562,0,0.25,3.0085,2.64,79.56721406,106.7876255,1523392,3993214,2525,190320,1130,61146.77149,61417.2737,412.0970617,714.3484701,-302.2514084,35.06451613,186417
2021/10/20,65986.30294,15121.68,4536.19,15.49,1778,93.6112,0,0.25,3.0155,2.57,79.62101187,106.435266,1415084,3993059,2884,267868969,2991,61579.27305,62248.00629,743.3683578,720.1524476,23.21591022,35.16129032,290630
2021/10/19,64217.0839,15129.09,4519.63,15.7,1779.55,93.7797,0,0.25,3.048,2.54,79.67480968,106.0829066,280351,748927,499,15000000,910,61778.95207,62606.0204,853.3056797,746.783094,106.5225857,35.25806452,176844
2021/10/18,61953.2331,15021.81,4486.46,16.31,1767.85,93.9591,0,0.25,3.0376,2.54,79.72860748,105.7305471,1492585,3993286,2117,2801,1063,61930.40073,62487.3318,749.1225412,747.2509835,1.871557749,35.35483871,140381
2021/10/17,61582.25155,14980.32,4481.43,16.30666667,1769.45,93.9613,0,0.25,3.020033333,2.546666667,79.78240529,105.3781877,794779,2251969,1533,70110,4886,62220.52437,62322.77176,629.3665966,723.6741061,-94.30750953,35.4516129,111977
2021/10/16,60860.89184,14938.83,4476.4,16.30333333,1771.05,93.9635,0,0.25,3.002466667,2.553333333,79.8362031,105.0258282,165786,485250,455,19714,1500,62266.96396,62056.97541,470.8240803,673.1041009,-202.2800206,35.5483871,141705
2021/10/15,61526.33413,14897.34,4471.37,16.3,1772.65,93.9657,0,0.25,2.9849,2.56,79.8900009,104.6734688,1405109,3992984,2808,548240,6876,62120.64291,61960.49518,394.3280575,617.3488922,-223.0208347,35.64516129,232707
2021/10/14,57351.73842,14823.43,4438.26,16.86,1798.7,93.9823,0,0.25,2.9768,2.52,79.94379871,104.3211093,1298004,3999609,1407,3910822,1666,61770.85511,61122.5394,-3.114673147,493.2561792,-496.3708523,35.74193548,130212
2021/10/13,57357.6067,14571.63,4363.8,18.64,1785.7,94.0244,0,0.25,2.9799,2.52,79.99759652,103.9687499,825232,2310253,1316,44948,330,61382.75356,60438.00618,-313.9978082,331.8053817,-645.8031899,35.83870968,113945
2021/10/12,56035.85825,14465.92,4350.65,19.85,1767.75,94.5196,0,0.25,2.9746,2.49,80.05139432,103.6163904,1543520,3993362,2294,90283,209,60916.93938,59637.61565,-659.4275158,133.5588022,-792.986318,35.93548387,114161
2021/10/11,57399.22647,14486.2,4361.19,20,1757.65,94.3669,0,0.25,2.9575,2.4925,80.10519213,103.264031,1557831,3992835,1559,545908,282,60427.05273,59230.6358,-813.7897651,-55.91091126,-757.8788538,36.03225806,142028
2021/10/10,54689.5713,14517.31333,4371.24,19.59,1762.85,94.27883333,0,0.25,2.9434,2.495,80.15898994,102.9116715,100941,267339,192,100000000,1600,59297.37957,58404.98771,-1141.60972,-273.0506731,-868.5590472,36.12903226,91018
2021/10/9,55102.17221,14548.42667,4381.29,19.18,1768.05,94.19076667,0,0.25,2.9293,2.4975,80.21278774,102.5593121,1800204,3999255,115,35394831,94266,58385.8884,57804.4758,-1352.524886,-488.9455157,-863.5793704,36.22580645,92850
2021/10/8,53892.9323,14579.54,4391.34,18.77,1773.25,94.1027,0,0.25,2.9174,2.5,80.26658555,102.2069526,1475700,3993207,3291,2729887,2529,57579.85832,57093.28607,-1598.822005,-710.9208135,-887.9011912,36.32258065,107673
2021/10/7,53809.13817,14654.02,4399.76,19.54,1762.1,94.2227,0,0.25,2.9128125,2.46,80.32038335,101.8545932,1495369,3992881,1949,154287,5200,56802.54698,56496.16827,-1780.254071,-924.7874649,-855.4666059,36.41935484,129606
2021/10/6,55385.44519,14501.91,4363.55,21,1759.7,94.2243,0,0.25,2.908225,2.43,80.37418116,101.5022337,1089224,3993209,788,55429662,3474,56255.00232,56294.21862,-1776.368616,-1095.103695,-681.2649208,36.51612903,195155
2021/10/5,51545.04937,14433.83,4345.72,21.3,1753.2,93.9797,0,0.25,2.9036375,2.45,80.42797897,101.1498743,1459780,3976555,3060,392137548,807,55256.87384,55430.7333,-2059.437301,-1287.970416,-771.4668848,36.61290323,153503
2021/10/4,49176.7613,14255.48,4300.46,22.96,1754.55,93.8182,0,0.25,2.89905,2.38,80.48177677,100.7975148,1180802,3068468,2273,2107843,742,54439.37613,54293.64748,-2446.668655,-1519.710064,-926.9585907,36.70967742,132624
2021/10/3,48144.1454,14359.22,4319.32,22.35666667,1755.383333,93.9037,0,0.25,2.8944625,2.38,80.53557458,100.4451554,493468,1418365,652,14509049,2717,53518.03,53175.5562,-2804.546697,-1776.677391,-1027.869306,36.80645161,97975
2021/10/2,47710.5155,14462.96,4338.18,21.75333333,1756.216667,93.9892,0,0.25,2.889875,2.38,80.58937239,100.0927959,534969,1437120,965,3864277,498,52685.49572,52181.91243,-3087.566389,-2038.85519,-1048.711199,36.90322581,89506
2021/10/1,48080.37284,14566.7,4357.04,21.15,1757.05,94.0747,0,0.25,2.8852875,2.38,80.64317019,99.74043645,1539358,3993406,2255,4387154022,1405,51753.61036,51436.17796,-3244.615234,-2280.007199,-964.6080347,37,149724
2021/9/30,43797.5922,14448.58,4307.54,23.14,1742.8,94.2638,0,0.25,2.8807,2.37,80.696968,99.388077,1016802,2274774,877,11856281,860,50664.41245,50047.34419,-3672.329847,-2558.471729,-1113.858118,36.76666667,109580
2021/9/29,41543.6399,14512.44,4359.46,22.56,1737.15,94.3703,0,0.25,2.8953,2.37,80.98995403,98.92335407,1484083,3992902,3456,2000000,1353,49308.55922,48501.21613,-4145.386438,-2875.85467,-1269.531768,36.53333333,110555
2021/9/28,40909.3105,14546.68,4352.63,23.25,1733.75,93.7215,0,0.25,2.8981,2.38,81.28294007,98.45863113,1560865,3993613,2828,14907750,330,48010.19704,47120.86966,-4519.375726,-3204.558882,-1314.816844,36.3,99868
2021/9/27,42278.30996,14969.97,4443.11,18.76,1755.3,93.4227,0,0.25,2.8838,2.35,81.5759261,97.9939082,1531197,3993459,2666,62495,1130,46857.11422,46240.40426,-4651.676485,-3493.982402,-1157.694083,36.06666667,103126
2021/9/26,43209.8655,14995.88,4447.233333,18.42333333,1752.466667,93.37213333,0,0.25,2.8872,2.346666667,81.86891213,97.52918527,288712,818920,571,122503550,60000,45639.55625,45689.39721,-4628.008245,-3720.787571,-907.2206739,35.83333333,85595
2021/9/25,42718.93784,15021.79,4451.356667,18.08666667,1749.633333,93.32156667,0,0.25,2.88425,2.343333333,82.16189817,97.06446233,1407745,3902947,2715,914557,1006,44756.94509,45149.31369,-4595.886237,-3895.807304,-700.0789332,35.6,97401
2021/9/24,42748.0353,15047.7,4455.48,17.75,1746.8,93.271,0,0.25,2.8813,2.34,82.4548842,96.5997394,893576,2422256,1570,586418,567,44114.07249,44712.71762,-4516.023486,-4019.85054,-496.1729452,35.36666667,161656
2021/9/23,44844.228,15052.24,4448.98,18.63,1750,93.0987,0,0.25,2.8818,2.31,82.74787023,96.13501647,831365,2305277,1488,445117,988,43784.08075,44736.6286,-4234.770647,-4062.834562,-171.9360855,35.13333333,117001
2021/9/22,43579.97298,14896.85,4395.64,20.87,1773.4,93.4763,0,0.25,2.8788,2.28,83.04085627,95.67029353,1471433,3999653,2864,117567,1098,43371.0265,44526.32757,-4067.008617,-4063.669373,-3.339244563,34.9,98217
2021/9/21,40538.4344,14746.4,4354.19,24.36,1774.45,93.2172,0,0.25,2.8802,2.29,83.3338423,95.2055706,1568079,3993039,2752,42890,2321,42616.83266,43801.25609,-4131.853311,-4077.30616,-54.54715058,34.66666667,101636
2021/9/20,42966.0101,14713.9,4357.73,25.71,1757.75,93.2498,0,0.25,2.8816,2.29,83.62682833,94.74084767,16510,49204,49,6407186,8025,42533.67445,43649.39318,-3941.918148,-4050.228558,108.3104097,34.43333333,131996
2021/9/19,47201.5018,14823.92333,4382.816667,24.07666667,1757.15,93.25196667,0,0.25,2.883,2.303333333,83.91981437,94.27612473,1360256,3992954,2298,16397,204,43099.46064,44295.23111,-3410.312422,-3922.245331,511.9329087,34.2,74123
2021/9/18,48210.7774,14933.94667,4407.903333,22.44333333,1756.55,93.25413333,0,0.25,2.8844,2.316666667,84.2128004,93.8114018,858398,2273384,1735,1004467,2578,43829.60733,45007.14862,-2874.436236,-3712.683512,838.2472756,33.96666667,82649
2021/9/17,47197.5518,15043.97,4432.99,20.81,1755.95,93.2563,0,0.25,2.8955,2.33,84.50578643,93.34667887,1051904,2885252,1957,63394,330,44321.53151,45405.40374,-2502.660227,-3470.678855,968.0186279,33.73333333,101046
2021/9/16,47816.2504,15181.92,4473.75,18.69,1747.95,92.8677,0,0.25,2.9155,2.35,84.79877247,92.88195593,1942356,3992919,746,54374,1848,44782.17,45843.7395,-2133.507508,-3203.244586,1069.737077,33.5,90855
2021/9/15,48092.9703,15161.53,4480.7,18.18,1796.95,92.4895,0,0.25,2.8938,2.35,85.0917585,92.417233,2141197,3998134,817,218403,2032,45319.57325,46252.69055,-1797.897295,-2922.175128,1124.277832,33.26666667,109407
2021/9/14,47012.9104,15037.76,4443.05,19.46,1792.75,92.6639,0,0.25,2.9181,2.33,85.38474453,91.95251007,575982,1503090,1141,103979,330,45746.06076,46390.91234,-1600.624587,-2657.865019,1057.240433,33.03333333,91267
2021/9/13,44990.02141,15105.58,4468.73,19.37,1793.9,92.6151,0,0.25,2.8809,2.37,85.67773057,91.48778713,21102,56088,70,25694708,3454,45760.6401,46136.2049,-1589.195523,-2444.13112,854.9355973,32.8,103761
2021/9/12,46058.0015,15108.88333,4465.346667,19.89666667,1794.133333,92.62333333,0,0.25,2.884,2.38,85.9707166,91.0230642,981785,2721638,1637,21768904,1482,46008.44295,46121.9861,-1476.935645,-2250.692025,773.7563802,32.56666667,77722
2021/9/11,45096.0509,15112.18667,4461.963333,20.42333333,1794.366667,92.63156667,0,0.25,2.8871,2.39,86.26370263,90.55834127,768754,2125072,1194,77794510,2274,46464.2046,45935.45243,-1448.888374,-2090.331295,641.4429212,32.33333333,78525
2021/9/10,44833.0831,15115.49,4458.58,20.95,1794.6,92.6398,0,0.25,2.8902,2.4,86.55668867,90.09361833,1443243,3993138,2826,8800000,338,46650.9119,45735.02164,-1431.379956,-1958.541027,527.1610713,32.1,100785
2021/9/9,46319.9526,15248.25,4493.28,18.8,1788.25,92.5094,0,0.25,2.8829,2.38,86.8496747,89.6288954,1573597,3992884,2864,6519995,1616,46562.75698,45841.37272,-1282.739839,-1823.380789,540.64095,31.86666667,104725
2021/9/8,45972.9463,15286.64,4514.07,17.96,1786,92.7157,0,0.25,2.8775,2.38,87.14266073,89.16417247,1381116,3993372,2463,58963755,989,46338.97387,45865.29519,-1179.347204,-1694.574072,515.226868,31.63333333,154503
2021/9/7,46881.9971,15374.33,4520.03,18.14,1802.15,92.5393,0,0.25,2.8569,2.36,87.43564677,88.69944953,1386805,3998083,1342,220000,328,46307.4184,46050.15009,-1012.384852,-1558.136228,545.7513767,31.4,240284
2021/9/6,52639.2443,15371.6275,4523.88,17.7075,1821.6,92.2235,0,0.25,2.8426,2.355,87.7286328,88.2347266,609530,1708541,1178,220711,1506,46789.71779,47248.16722,-410.7691592,-1328.662814,917.8936553,31.16666667,137763
2021/9/5,51698.7267,15368.925,4527.73,17.275,1822.3,92.19336667,0,0.25,2.842366667,2.35,88.02161883,87.77000367,349705,894130,538,95399,330,47150.29343,48057.35985,-9.763748229,-1064.883001,1055.119253,30.93333333,91052
2021/9/4,49974.09728,15366.2225,4531.58,16.8425,1823,92.16323333,0,0.25,2.842133333,2.345,88.31460487,87.30528073,343980,865551,530,363141,605,47446.41212,48405.85756,166.948272,-818.5167466,985.4650186,30.7,94327
2021/9/3,49987.63657,15363.52,4535.43,16.41,1823.7,92.1331,0,0.25,2.8419,2.34,88.6075909,86.8405578,1533712,3993382,2662,173459,2302,47946.17363,48693.45375,304.5753737,-593.8983225,898.4736962,30.46666667,113030
2021/9/2,49318.558,15331.18,4536.95,16.41,1812.55,92.2167,0,0.25,2.8413,2.32,88.90057693,86.37583487,1508211,3992898,2603,7944599,2350,48272.22928,48807.10906,355.5581417,-404.0070297,759.5651714,30.23333333,124469
2021/9/1,48744.6322,15309.38,4524.09,16.11,1811.8,92.5027,0,0.25,2.8401,2.34,89.19356297,85.91111193,1808144,3992867,653,3550387,2782,48637.08741,48795.74963,345.6667064,-254.0722825,599.7389889,30,103531
2021/8/31,47225.2696,15259.24,4522.68,16.48,1814.85,92.654,0,0.25,2.8637,2.33,89.486549,85.446389,1619269,3998104,2125,11093794,1276,48876.30606,48510.20781,212.7750702,-160.7028119,373.4778821,30.06451613,85170
2021/8/30,47020.6765,15265.89,4528.79,16.19,1810.7625,92.7007,0,0.25,2.8725,2.37,88.48442706,84.95247316,1276939,3993580,953,4499399,3316,48946.37845,48239.38394,89.91208716,-110.5798321,200.4919193,30.12903226,100326
2021/8/29,48876.7643,15220.42667,4522.316667,16.25666667,1806.675,92.7007,0,0.25,2.875433333,2.376666667,87.48230513,84.45855732,1525933,3992662,2825,39747772,460,49236.76025,48355.27127,140.6912601,-60.32561366,201.0168738,30.19354839,83476
2021/8/28,48864.0249,15174.96333,4515.843333,16.32333333,1802.5875,92.7007,0,0.25,2.878366667,2.383333333,86.48018319,83.96464148,1511028,3993495,2584,525146,1022,49434.96303,48447.77193,177.8559448,-12.68930196,190.5452468,30.25806452,79411
2021/8/27,49005.9495,15129.5,4509.37,16.39,1798.5,92.7007,0,0.25,2.8813,2.39,85.47806126,83.47072565,713190,1967784,1601,1756366,1317,49071.63355,48549.25876,216.2683474,33.10222792,183.1661195,30.32258065,97836
2021/8/26,47130.6185,14945.81,4470,18.84,1786.6,93.0585,0,0.25,2.8888,2.33,84.47593932,82.97680981,26253,78420,64,159208,327,48614.82273,48291.32417,94.29988398,45.34175913,48.95812484,30.38709677,87815
2021/8/25,48939.9658,15041.86,4496.19,16.79,1788.7,92.822,0,0.25,2.852,2.35,83.47381739,82.48289397,364245,1004685,806,936016,870,48511.40959,48409.25901,142.0013011,64.67366753,77.32763358,30.4516129,98782
2021/8/24,47734.0314,15019.8,4486.23,17.22,1808.45,92.884,0,0.25,2.8845,2.3,82.47169545,81.98897813,455055,1215315,869,1748924,330,48286.04907,48286.49036,81.55606266,68.05014655,13.50591611,30.51612903,119165
2021/8/23,49486.4032,14942.65,4479.53,17.15,1802,92.9875,0,0.25,2.8719,2.27,81.46957352,81.49506229,1003877,2710295,2057,1065273,1551,48302.83359,48504.65633,173.0596113,89.05203951,84.00757181,30.58064516,139656
2021/8/22,49223.94712,14866.65333,4466.91,17.62,1794.35,93.14403333,0,0.25,2.867566667,2.27,80.46745158,81.00114645,131152,368983,242,25220,7150,48350.76508,48635.43647,221.8415691,115.6099454,106.2316237,30.64516129,79512
2021/8/21,49000.4242,14790.65667,4454.29,18.09,1786.7,93.30056667,0,0.25,2.863233333,2.27,79.46532965,80.50723061,1390332,3998262,2351,7575,540,48528.28054,48701.79788,239.7020545,140.4283672,99.27368725,30.70967742,83918
2021/8/20,49270.61315,14714.66,4441.67,18.56,1779.05,93.4571,0,0.25,2.8589,2.27,78.46320771,80.01331477,1566935,3993044,2371,916510,336,48753.27421,48805.21883,272.5171992,166.8461336,105.6710656,30.77419355,113364
2021/8/19,46666.8683,14541.79,4405.8,21.67,1782.05,93.5586,0,0.25,2.8467,2.28,77.46108577,79.51939894,87864,248628,209,5606,283,48532.28461,48416.42783,87.41531963,150.9599708,-63.54465121,30.83870968,102697
2021/8/18,44856.0324,14525.91,4400.27,21.57,1783.45,93.157,0,0.25,2.8729,2.32,76.45896384,79.0254831,1465174,3993142,2929,772142,541,48131.48536,47769.08321,-203.0578524,80.1564062,-283.2142586,30.90322581,96506
2021/8/17,44569.5598,14656.18,4448.08,17.91,1789.45,93.1443,0,0.25,2.9023,2.33,75.4568419,78.53156726,1098380,2929157,1800,400000,269,47687.84639,47187.35168,-451.1750139,-26.10987781,-425.065136,30.96774194,98097
2021/8/16,45906.7425,14793.76,4479.71,16.12,1786.35,92.6184,0,0.25,2.8941,2.36,74.45471997,78.03765142,1238626,3993217,972,4812373,400,47565.45879,46954.51364,-533.7573607,-127.6393744,-406.1179863,31.03225806,99378
2021/8/15,47057.4919,14803.47333,4475.806667,15.89666667,1782.183333,92.58646667,0,0.25,2.892,2.363333333,73.45259803,77.54373558,773730,1861158,745,17379615,3983,47377.2114,46973.23696,-500.5782518,-202.2271499,-298.3511019,31.09677419,77118
2021/8/14,47053.5097,14813.18667,4471.903333,15.67333333,1778.016667,92.55453333,0,0.25,2.8899,2.366666667,72.4504761,77.04981974,61004,164384,149,4591875,697,47309.15923,46987.83201,-469.1962963,-255.6209792,-213.5753171,31.16129032,81771
2021/8/13,47799.97212,14822.9,4468,15.45,1773.85,92.5226,0,0.25,2.8878,2.37,71.44835416,76.5559039,523770,1391853,982,880973843,989,47140.51612,47135.49385,-379.7154681,-280.4398769,-99.27559114,31.22580645,98133
2021/8/12,44434.3365,14816.26,4460.83,15.59,1747.4,93.025,0,0.25,2.8842,2.41,70.44623223,76.06198806,188646,594378,292,2745269346,770,46661.55506,46644.37433,-573.7659175,-339.105085,-234.6608324,31.29032258,98097
2021/8/11,45670.172,14765.13,4447.7,16.06,1743.6,92.9175,0,0.25,2.8934,2.42,69.44411029,75.56807223,1589706,3993387,2888,231018,1130,46328.52984,46467.24663,-620.6759343,-395.4192549,-225.2566794,31.35483871,99731
2021/8/10,45543.91666,14788.09,4436.75,16.79,1723.35,93.0629,0,0.25,2.8745,2.4,68.44198835,75.07415639,1413280,3993058,2917,110015,338,45955.86019,46299.36846,-660.4272172,-448.4208473,-212.0063698,31.41935484,113397
2021/8/9,46265.47428,14860.18,4432.35,16.72,1738.85,92.9766,0,0.25,2.8594,2.37,67.43986642,74.58024055,1352661,3993060,2548,361801,696,45915.72079,46293.20588,-626.4849972,-484.0336773,-142.4513199,31.48387097,121767
2021/8/8,43780.2388,14852.04,4433.74,16.53,1746.866667,92.91186667,0,0.25,2.846733333,2.37,66.43774448,74.08632471,238301,671393,498,1563906005,3206,45808.14143,45836.30277,-791.0050621,-545.4279543,-245.5771078,31.5483871,97178
2021/8/7,44665.77153,14843.9,4435.13,16.34,1754.883333,92.84713333,0,0.25,2.834066667,2.37,65.43562255,73.59240887,521968,1419490,1022,276454,330,45817.7626,45623.47891,-840.2474584,-604.3918551,-235.8556033,31.61290323,110473
2021/8/6,42792.7879,14835.76,4436.52,16.15,1762.9,92.7824,0,0.25,2.8214,2.37,64.43350061,73.09849303,88106,257072,223,101800,1000,45506.36714,45108.80782,-1018.664013,-687.2462868,-331.4177267,31.67741935,104769
2021/8/5,40849.95098,14895.12,4429.1,17.28,1800.75,92.2726,0,0.25,2.8297,2.33,63.43137868,72.60457719,1471399,3993010,2589,37962492,3480,44885.61305,44334.47021,-1301.824499,-810.1619292,-491.6625696,31.74193548,95549
2021/8/4,39772.4717,14780.53,4402.66,17.97,1829.1,92.2753,0,0.25,2.8516,2.35,62.42925674,72.11066135,238518,763926,394,376833,1100,44157.50925,43505.01594,-1594.791039,-967.087751,-627.7032875,31.80645161,97689
2021/8/3,38255.05,14761.29,4423.15,18.04,1812.65,92.0668,0,0.25,2.8389,2.38,61.42713481,71.61674552,1070673,2948469,2216,1977431,204,43203.01704,42550.47668,-1927.196856,-1159.109572,-768.0872837,31.87096774,103494
2021/8/2,39153.01029,14681.07,4387.16,19.46,1811.45,92.0886,0,0.25,2.8241,2.37,60.42501287,71.12282968,1489825,3993346,2841,248178,440,42674.88442,41932.75552,-2094.034246,-1346.094507,-747.9397393,31.93548387,118549
2021/8/1,40120.70072,14678.27333,4389.86,19.05333333,1816.216667,92.09346667,0,0.25,2.8554,2.38,59.42289094,70.62891384,792604,2094187,1172,149115,204,42119.93729,41603.29101,-2123.688986,-1501.613403,-622.0755831,32,103030
2021/7/31,41700.99674,14675.47667,4392.56,18.64666667,1820.983333,92.09833333,0,0.25,2.8867,2.39,58.420769,70.134998,273061,747820,539,12866,268,41735.6453,41621.05569,-1996.657672,-1600.622256,-396.0354152,31.96774194,88543
2021/7/30,42094.78,14672.68,4395.26,18.24,1825.75,92.1032,0,0.25,2.918,2.4,58.92742552,69.87449055,972102,2629731,1774,194233,452,41318.57587,41707.18738,-1842.96487,-1649.090779,-193.8740909,31.93548387,93955
2021/7/29,39993.53,14778.26,4419.15,17.7,1829.3,91.9077,0,0.25,2.9491,2.43,59.43408203,69.6139831,27863,73064,77,857390335,2039,40939.90499,41395.61331,-1869.168916,-1693.106406,-176.0625095,31.90322581,106512
2021/7/28,39999.97,14762.58,4400.64,18.31,1796.6,92.2871,0,0.25,2.9585,2.41,59.94073855,69.35347565,1425830,3992744,3539,223518,836,40473.32483,41141.85998,-1867.884349,-1728.061995,-139.8223539,31.87096774,133752
2021/7/27,39184.61,14660.58,4401.46,19.36,1800.35,92.4901,0,0.25,2.9376,2.38,60.44739506,69.09296819,1421864,3993014,3057,6900,1152,40112.50704,40785.99635,-1910.634453,-1764.576487,-146.0579667,31.83870968,128220
2021/7/26,37211.42,14840.71,4422.3,17.58,1800.2,92.6325,0,0.25,2.9595,2.4,60.95405158,68.83246074,1431324,3993564,3000,77194,6033,39748.65395,40136.07338,-2079.759983,-1827.613186,-252.1467971,31.80645161,184548
2021/7/25,35227.35,14839.47,4418.796667,17.45333333,1800,92.72446667,0,0.25,2.965866667,2.383333333,61.4607081,68.57195329,217668,542802,323,16790,570,39294.14178,39243.57822,-2346.838162,-1931.458181,-415.3799806,31.77419355,83272
2021/7/24,34211.77,14838.23,4415.293333,17.32666667,1799.8,92.81643333,0,0.25,2.972233333,2.366666667,61.96736461,68.31144584,401923,1189258,624,48964196,3090,38889.81378,38328.704,-2610.357781,-2067.238101,-543.1196802,31.74193548,97003
2021/7/23,33506.09382,14836.99,4411.79,17.2,1799.6,92.9084,0,0.25,2.9786,2.35,62.47402113,68.05093839,1493086,3993349,2822,115672235,1472,38325.12213,37451.86578,-2843.364612,-2222.463403,-620.9012085,31.70967742,87678
2021/7/22,32338.55,14684.6,4367.48,17.69,1799.45,92.8377,0,0.25,2.9931,2.28,62.98067765,67.79043094,317,1268,1,182836571,0,37546.90706,36522.172,-3086.654204,-2395.301563,-691.3526402,31.67741935,106901
2021/7/21,32142.94,14631.95,4358.69,17.91,1802.15,92.7903,0,0.25,2.9918,2.28,63.48733416,67.52992348,639861,1588905,1011,250000907,907,36591.10138,35725.948,-3257.694377,-2567.780126,-689.914251,31.64516129,150305
2021/7/20,29759.93,14498.88,4323.06,19.73,1823.05,92.9695,0,0.25,2.9917,2.26,63.99399068,67.26941603,1657340,3993098,2211,65147233,3393,35357.61638,34641.21746,-3544.673153,-2763.158731,-781.5144213,31.61290323,102358
2021/7/19,30851.95,14274.98,4258.49,22.5,1814.9,92.8327,0,0.25,3.0164,2.24,64.50064719,67.00890858,58512,142020,108,1500525,295879,34443.45838,33952.25974,-3642.006232,-2938.928231,-703.0780001,31.58064516,83081
2021/7/18,31813,14325.73333,4281.38,21.15,1818.033333,92.79323333,0,0.25,3.017433333,2.27,65.00730371,66.74840113,1532327,3992984,2207,60401,10401,33624.76138,33563.30342,-3600.09504,-3071.161593,-528.9334468,31.5483871,75089
2021/7/17,31570.17,14376.48667,4304.27,19.8,1821.166667,92.75376667,0,0.25,3.018466667,2.3,65.51396023,66.48789368,955394,2897567,1271,100000,129,32863.31738,33200.91553,-3545.602966,-3166.049868,-379.5530986,31.51612903,73357
2021/7/16,31385.55,14427.24,4327.16,18.45,1824.3,92.7143,0,0.25,3.0195,2.33,66.02061674,66.22738623,289057,856333,571,576255,204,32280.73038,32870.84907,-3477.231536,-3228.286201,-248.9453344,31.48387097,86926
2021/7/15,31641.44705,14543.13,4360.03,17.01,1823.75,92.5861,0,0.25,3.0312,2.32,66.52727326,65.96687877,1611947,3993035,2546,2682119,2103,31922.14009,32647.32143,-3363.624166,-3255.353794,-108.2703717,31.4516129,92346
2021/7/14,32776.13963,14644.95,4374.3,16.33,1823.2,92.3701,0,0.25,2.9932,2.34,67.03392977,65.70637132,246401,688202,522,6272718,714,31778.57705,32670.74292,-3145.766856,-3233.436407,87.6695505,31.41935484,98812
2021/7/13,32567.57251,14677.65,4369.21,17.12,1813.85,92.7873,0,0.25,3.0272,2.36,67.54058629,65.44586387,621953,1802801,989,158820607,3512,31684.72492,32651.98466,-2955.869568,-3177.923039,222.0534712,31.38709677,141201
2021/7/12,33219.352,14733.24,4384.63,16.17,1792.4,92.24,0,0.25,3.0491,2.33,68.04724281,65.18535642,243337,682465,426,40051200,8000,31772.80512,32755.14236,-2721.410712,-3086.620574,365.2098615,31.35483871,98470
2021/7/11,34249.77404,14722.8,4379.603333,16.17333333,1796.933333,92.19373333,0,0.25,3.052833333,2.313333333,68.55389932,64.92484897,447143,1328255,810,85520447,1102,31983.48852,33026.89357,-2424.50574,-2954.197607,529.6918669,31.32258065,70863
2021/7/10,33548.81733,14712.36,4374.576667,16.17666667,1801.466667,92.14746667,0,0.25,3.056566667,2.296666667,69.06055584,64.66434152,1368980,3993410,2550,1150000,2330,32362.37726,33121.7888,-2220.174964,-2807.393078,587.2181143,31.29032258,85014
2021/7/9,33866.19638,14701.92,4369.55,16.18,1806,92.1012,0,0.25,3.0603,2.28,69.56721235,64.40383406,323449,907264,583,53597,330,32663.80189,33257.13563,-2009.467623,-2647.807987,638.3403645,31.25806452,98121
2021/7/8,32837.96027,14559.79,4320.82,19,1807.7,92.3757,0,0.25,3.0659,2.22,70.07386887,64.14332661,933133,2576344,1484,977153,420,32766.29792,33180.92193,-1903.50814,-2498.948018,595.4398774,31.22580645,108695
2021/7/7,33867.46512,14665.06,4358.13,16.2,1804.65,92.7206,0,0.25,3.1405,2.28,70.58052539,63.88281916,1461204,3993519,2744,1107718,9079,32996.02743,33305.74797,-1716.673309,-2342.493076,625.8197673,31.19354839,111493
2021/7/6,34106.80638,14663.64,4343.54,16.44,1809.85,92.5395,0,0.25,3.1388,2.31,71.0871819,63.62231171,1079439,2864586,1474,112025743,744,33268.15307,33451.39495,-1531.636764,-2180.321814,648.6850497,31.16129032,95429
2021/7/5,33866.54475,14657.5625,4345.74,16.0975,1791.35,92.2566,0,0.25,3.1409,2.315,71.59383842,63.36180426,1435034,3856472,2444,836743,87588,33490.66284,33526.87673,-1388.376732,-2021.932797,633.5560653,31.12903226,88486
2021/7/4,35312.38754,14651.485,4347.94,15.755,1789.616667,92.2528,0,0.25,3.141433333,2.32,72.10049494,63.10129681,1417405,3993343,2317,105603128,17017,33744.28763,33851.51506,-1144.976122,-1846.541462,701.5653399,31.09677419,85810
2021/7/3,34698.30313,14645.4075,4350.14,15.4125,1787.883333,92.249,0,0.25,3.141966667,2.325,72.60715145,62.84078935,1738345,3993358,1043,723163,11180,33957.36069,34005.47653,-990.216269,-1675.276424,685.0601546,31.06451613,92900
2021/7/2,33846.00709,14639.33,4352.34,15.07,1786.15,92.2452,0,0.25,3.1425,2.33,73.11380797,62.5802819,1204657,3993322,1355,3898715,18609,34020.0262,33976.48209,-925.6705834,-1525.355256,599.6846721,31.03225806,101685
2021/7/1,33628.67,14522.38,4319.94,15.48,1781.5,92.5361,0,0.25,3.0899,2.35,73.62046448,62.31977445,1616431,3999541,2180,1191364,5500,33957.9158,33913.24352,-881.889081,-1396.662021,514.7729396,31,110932
2021/6/30,35060.42897,14503.95,4297.5,15.83,1763.15,92.3671,0,0.25,3.1368,2.32,74.127121,62.059267,1395407,3998336,3217,151267913,81917,34109.07696,34121.8227,-723.3229256,-1261.994202,538.671276,31.46666667,110739
2021/6/29,35840.38647,14528.33,4291.8,16.02,1755.45,92.0941,0,0.25,3.1528,2.32,74.75645473,62.119512,1216971,3992877,1238,354404,26418,34306.49597,34434.28884,-528.6283544,-1115.321032,586.6926778,31.93333333,120506
2021/6/28,34439.12,14500.51,4290.61,15.76,1780.3,91.8795,0,0.25,3.1439,2.33,75.38578847,62.179757,1498592,3993653,2937,355621,3164,34466.61194,34435.16723,-481.8475584,-988.6263374,506.778779,32.4,128407
2021/6/27,34579.03,14453.80333,4287.306667,15.71333333,1782.416667,91.8549,0,0.25,3.1439,2.333333333,76.0151222,62.240002,1316218,3993169,2532,1421105,7668,34537.76843,34461.3241,-428.5438857,-876.6098471,448.0659614,32.86666667,122259
2021/6/26,31858.58,14407.09667,4284.003333,15.66666667,1784.533333,91.8303,0,0.25,3.1439,2.336666667,76.64445593,62.300247,1663504,3999568,3578,11869231,330,34312.94579,33988.0979,-598.9140124,-821.0706801,222.1566678,33.33333333,105096
2021/6/25,31708.50893,14360.39,4280.7,15.62,1786.65,91.8057,0,0.25,3.1439,2.34,77.27378967,62.360492,1414883,3998207,401,222861248,146081,34097.14221,33573.62718,-737.5411315,-804.3647704,66.82363894,33.8,154086
2021/6/24,34580.35118,14369.71,4266.49,15.97,1784.85,91.8153,0,0.25,3.1358,2.3,77.9031234,62.420737,1308845,3993068,1768,65828,788,34023.93858,33756.6679,-608.6542661,-765.2226695,156.5684035,34.26666667,105656
2021/6/23,33646.15,14271.73,4241.84,16.32,1791.6,91.8138,0,0.25,3.144,2.34,78.53245713,62.480982,1574728,3998386,3005,14113,6047,33918.72326,33736.57374,-575.2614681,-727.2304293,151.9689611,34.73333333,125027
2021/6/22,32366.97,14253.27,4246.44,16.66,1775.05,91.7193,0,0.25,3.1553,2.31,79.16179087,62.541227,1310596,3992914,3672,551905,13056,33770.81955,33487.55488,-644.5861823,-710.7015799,66.11539755,35.2,153834
2021/6/21,31606.39,14141.48,4224.79,17.89,1775.05,91.8554,0,0.25,3.1558,2.25,79.7911246,62.601472,1323615,3992994,2581,1616401,7224,33568.59155,33145.5249,-752.227754,-719.0068147,-33.22093934,35.66666667,153833
2021/6/20,35648.51716,14104.44667,4205.343333,18.82666667,1774.4,92.01083333,0,0.25,3.167466667,2.246666667,80.42045833,62.661717,1361968,3998509,2244,6227868,3916,33627.40037,33600.6144,-505.5410322,-676.3136582,170.772626,36.13333333,100940
2021/6/19,35635.38,14067.41333,4185.896667,19.76333333,1773.75,92.16626667,0,0.25,3.179133333,2.243333333,81.04979207,62.721962,1070397,3998319,437,55799571,44664,33606.89973,33970.57178,-307.554787,-602.561884,295.007097,36.6,98521
2021/6/18,35577.47,14030.38,4166.45,20.7,1773.1,92.3217,0,0.25,3.1908,2.24,81.6791258,62.782207,1563574,3992743,2023,205843,338,33720.73473,34262.7351,-153.5520617,-512.7599195,359.2078578,37.06666667,125163
2021/6/17,38082.08,14161.35,4221.86,17.75,1778.7,91.9096,0,0.25,3.1842,2.27,82.30845953,62.842452,1408601,3993023,2372,19342157,288,34071.03973,34957.16144,168.6531739,-376.4773008,545.1304747,37.53333333,122733
2021/6/16,38290.04332,14039.68,4223.7,18.15,1860.75,91.4019,0,0.25,3.1785,2.32,82.93779327,62.902697,726434,1922177,956,362704082,33981,34714.18606,35563.13996,435.7608661,-214.0296674,649.7905336,38,116771
2021/6/15,40204.51,14072.86,4246.59,17.02,1865.1,90.522,0,0.25,3.1603,2.38,83.567127,62.962942,1409403,3998337,2370,985029619,58743,35563.78617,36407.02543,792.7883277,-12.66606841,805.4543961,38.46666667,139190
2021/6/14,40499.97,14174.14,4255.15,16.39,1865.6,90.5077,0,0.25,3.159625,2.36,84.19646073,63.023187,1494372,3999474,2068,148614,432,36155.74805,37151.19717,1087.045532,207.2762516,879.7692802,38.93333333,173293
2021/6/13,38990,14139.23333,4252.58,16.14333333,1870.75,90.50823333,0,0.25,3.15895,2.346666667,84.82579447,63.083432,2336344,3999583,157,10200166,56086,36690.13305,37485.52495,1184.747495,402.7705003,781.9769945,39.4,149747
2021/6/12,35538.3,14104.32667,4250.01,15.89666667,1875.9,90.50876667,0,0.25,3.158275,2.333333333,85.4551282,63.143677,1063232,3993416,353,46124,236,37007.26605,37131.48405,972.443933,516.7051868,455.7387462,39.86666667,133446
2021/6/11,37200.35,14069.42,4247.44,15.65,1881.05,90.5093,0,0.25,3.1576,2.32,86.08446193,63.203922,1964578,3993025,992,3274126,449890,37566.66205,37144.00513,927.6124367,598.8866368,328.7257999,40.33333333,145724
2021/6/10,36870.06,14020.33,4239.18,16.1,1888.65,90.0465,0,0.25,3.1541,2.35,86.71379567,63.264167,1314225,3993324,3342,385312,5831,37688.81633,37094.19693,855.5690428,650.223118,205.3459249,40.8,192780
2021/6/9,37345.04492,13911.75,4219.55,17.89,1894.6,90.1324,0,0.25,3.1739,2.32,87.3431294,63.324412,1540946,3993512,2878,2481594,3302,37859.78282,37139.80565,827.2652489,685.6315442,141.6337047,41.26666667,297825
2021/6/8,33369.13806,13924.91,4227.26,17.07,1893.15,90.1144,0,0.25,3.1613,2.36,87.97246313,63.384657,1291648,3993130,2330,739703,1746,37638.94963,36454.22973,478.4960282,644.204441,-165.7084127,41.73333333,187281
2021/6/7,33550.00408,13881.72,4226.52,16.42,1888.4,89.9816,0,0.25,3.1754,2.39,88.60179687,63.444902,1507785,3999639,2248,151233435,4706,37185.74204,35926.1887,214.2189022,558.2073332,-343.988431,42.2,172116
2021/6/6,35781.01,13859.31,4227.643333,16.42,1889.133333,90.03416667,0,0.25,3.1572,2.393333333,89.2311306,63.505147,1542556,3993106,1161,94603790,12031,36934.83871,35899.79257,182.694915,483.1048496,-300.4099346,42.66666667,211698
2021/6/5,35510.26,13836.9,4228.766667,16.42,1889.866667,90.08673333,0,0.25,3.139,2.396666667,89.86046433,63.565392,811519,2113705,1093,283878,204,36465.41371,35828.96847,134.3163505,413.3471498,-279.0307992,43.13333333,174730
2021/6/4,36908.14,13814.49,4229.89,16.42,1890.6,90.1393,0,0.25,3.1208,2.4,90.48979807,63.625637,751112,1894970,1045,331551,7872,36106.23071,36025.18148,206.394041,371.956528,-165.562487,43.6,184618
2021/6/3,39152.71,13614.51,4192.85,18.04,1866.55,90.495,0,0.25,3.1182,2.42,91.1191318,63.685882,1332681,3999633,2222,1394688,20000,36122.50171,36593.82303,439.5671143,385.4786453,54.08846901,44.06666667,88708
2021/6/2,37622.43,13756.33,4208.12,17.48,1902.75,89.8985,0,0.25,3.1053,2.44,91.74846553,63.746127,1313257,3993115,2720,349951,10000,36330.91471,36780.84248,495.1696405,407.4168443,87.75279616,44.53333333,92542
2021/6/1,36606.39,13736.48,4202.04,17.9,1899.35,89.9314,0,0.25,3.0946,2.46,92.37779927,63.806372,1430434,3998326,2081,558016752,15958,36271.51871,36749.12384,452.0382905,416.3411336,35.6971569,45,105694
2021/5/31,37303.75009,13739.545,4202.5575,17.615,1899.5,89.8467,0,0.25,3.1084,2.45,93.007133,63.866617,1440830,3992927,2206,352892,26418,36314.88772,36849.96498,468.7243533,426.8177775,41.90657581,45.70967742,101203
2021/5/30,35618.15758,13742.61,4203.075,17.33,1899.65,89.91603333,0,0.25,3.111533333,2.44,92.85097458,63.29997155,1712565,3999282,670,978370,4992,36142.19898,36626,341.9926716,409.8527563,-67.86008473,46.41935484,109381
2021/5/29,34523.41,13745.675,4203.5925,17.045,1899.8,89.98536667,0,0.25,3.114666667,2.43,92.69481616,62.7333261,1535385,3992877,1337,319771,7232,36257.62618,36243.71091,151.4738241,358.1769699,-206.7031458,47.12903226,98843
2021/5/28,35670.7,13748.74,4204.11,16.76,1899.95,90.0547,0,0.25,3.1178,2.42,92.53865774,62.16668065,1588080,3993024,990,4670547,9944,36469.69577,36139.52711,92.00243269,304.9420624,-212.9396297,47.83870968,104815
2021/5/27,38479.69228,13736.28,4200.88,16.74,1891.45,90.0015,0,0.25,3.0994,2.42,92.38249932,61.60003519,1435903,3998371,2427,1733447,8547,36739.564,36565.01168,268.4387336,297.6413967,-29.20266308,48.5483871,100263
2021/5/26,39184.76165,13738,4195.99,17.36,1899.75,90.0576,0,0.25,3.096,2.4,92.2263409,61.03338974,1121101,3998251,928,57000,12682,37107.01416,37041.32986,459.8580218,330.0847217,129.7733001,49.25806452,114558
2021/5/25,38165.78818,13657.17,4188.13,18.84,1887,89.6685,0,0.25,3.1113,2.42,92.07018248,60.46674429,1411797,3993582,2404,385748,14342,37232.77898,37245.77683,523.3042177,368.7286209,154.5755968,49.96774194,107640
2021/5/24,38619.3971,13661.17,4197.05,18.4,1880.15,89.8363,0,0.25,3.0987,2.44,91.91402406,59.90009884,1414469,3993344,2802,13978832,52832,37179.44769,37495.52597,603.2345223,415.6298012,187.6047211,50.67741935,151342
2021/5/23,34834.68224,13597.77667,4183.32,18.98333333,1878.733333,89.90526667,0,0.25,3.1023,2.436666667,91.75786565,59.33345339,1440386,3999644,2742,67609383,22300,36900.67291,37011.7362,357.0689372,403.9176284,-46.84869117,51.38709677,160368
2021/5/22,37555,13534.38333,4169.59,19.56666667,1877.316667,89.97423333,0,0.25,3.1059,2.433333333,91.60170723,58.76680794,1533029,3998270,1343,6598564,46560,36995.53391,37110.51144,377.1404061,398.5621839,-21.42177785,52.09677419,174133
2021/5/21,37242.9427,13470.99,4155.86,20.15,1875.9,90.0432,0,0.25,3.1095,2.43,91.44554881,58.20016248,1291154,3993509,2479,29456969,21483,36989.45317,37134.58985,363.67456,391.5846591,-27.9100991,52.80645161,185009
2021/5/20,40389.77811,13535.74,4159.12,20.67,1878.3,89.7602,0,0.25,3.1366,2.41,91.28939039,57.63351703,1292390,3993170,2461,4941519,40110,37466.61523,37726.44226,600.0095611,433.2696395,166.7399216,53.51612903,173415
2021/5/19,36974.61474,13299.74,4115.68,22.18,1888.45,90.1828,0,0.25,3.158,2.48,91.13323197,57.06687158,1235865,3998394,2028,10864047,20566,37711.7357,37589.74635,505.8999109,447.7956938,58.10421706,54.22580645,363566
2021/5/18,43019.7743,13303.64,4127.83,21.34,1866.75,89.795,0,0.25,3.1691,2.52,90.97707355,56.50022613,1172162,3993533,1777,73520,26560,38446.64313,38577.02416,908.6369884,539.9639527,368.6730357,54.93548387,120021
2021/5/17,43590.92217,13379.05,4163.29,19.72,1853.7,90.2163,0,0.25,3.1683,2.54,90.82091513,55.93358068,1302266,3993353,2433,1000000,7956,38957.76612,39488.64198,1259.378552,683.8468725,575.5316792,55.64516129,184558
2021/5/16,46395.05,13396.02667,4166.81,19.41666667,1848.5,90.24733333,0,0.25,3.164266667,2.53,90.66475671,55.36693523,1351198,3993097,1210,10501885,15079,39678.79495,40744.35253,1743.51529,895.7805559,847.7347336,56.35483871,148557
2021/5/15,46786.61,13413.00333,4170.33,19.11333333,1843.3,90.27836667,0,0.25,3.160233333,2.52,90.50859829,54.80028977,1301199,3999657,1314,245238,1275,40540.87714,41842.94479,2134.191135,1143.462672,990.7284632,57.06451613,95522
2021/5/14,49884.92,13429.98,4173.85,18.81,1838.1,90.3094,0,0.25,3.1562,2.51,90.35243987,54.23364432,1490659,3993361,1100,1094700,2880,41667.42943,43305.1221,2663.113565,1447.39285,1215.720715,57.77419355,120644
2021/5/13,49655.62103,13124.99,4112.5,23.13,1821.8,90.737,0,0.25,3.1749,2.51,90.19628145,53.66699887,1415999,3993050,2186,203339,5637,43149.52331,44459.75827,3028.870952,1763.688471,1265.182481,58.48387097,249599
2021/5/12,50482.43448,13031.68,4063.04,27.59,1830.7,90.8033,0,0.25,3.1531,2.54,90.04012303,53.10035342,1798250,3999257,463,24347,7845,44442.26675,45554.79031,3346.872588,2080.325294,1266.547294,59.19354839,104572
2021/5/11,56721.83384,13389.43,4152.1,21.84,1829.1,90.1777,0,0.25,3.1646,2.53,89.88396461,52.53370797,1183758,3993333,1298,143619,15316,46390.15587,47585.16186,4055.608034,2475.381842,1580.226192,59.90322581,72974
2021/5/10,55772.28125,13401.86,4188.43,19.66,1840.45,90.3102,0,0.25,3.1823,2.54,89.72780619,51.96706252,1135049,3999401,970,178949005,340280,47928.40618,49073.72902,4488.919553,2878.089384,1610.830168,60.61290323,74446
2021/5/9,58169.72762,13518.65333,4203.153333,18.67,1839.15,90.28663333,0,0.25,3.18105,2.523333333,89.57164777,51.40041706,1596349,3993676,1983,4942653,7449,50047.91747,50727.54695,4968.502139,3296.171935,1672.330204,61.32258065,62002
2021/5/8,58711.17203,13635.44667,4217.876667,17.68,1837.85,90.26306667,0,0.25,3.1798,2.506666667,89.41548935,50.83377161,1734505,3998365,1699,3418365,1130,51617.05724,52179.11515,5330.814521,3703.100452,1627.714069,62.03225806,82542
2021/5/7,57339.55,13752.24,4232.6,16.69,1836.55,90.2395,0,0.25,3.175,2.49,89.25933094,50.26712616,1805219,3993617,1082,70213157,243599,52991.92003,53117.37603,5444.510334,4051.382429,1393.127905,62.74193548,103515
2021/5/6,56484.49,13632.84,4201.62,18.39,1813.15,90.8715,0,0.25,3.1725,2.45,89.10317252,49.70048071,1552196,3998360,983,542477,12921,54000.86402,53729.57857,5403.332633,4321.772469,1081.560164,63.4516129,84935
2021/5/5,57338.36,13582.42,4167.59,19.15,1782.25,91.267,0,0.25,3.177733333,2.47,88.9470141,49.13383526,1518796,3993172,1996,429420,4725,55056.03903,54385.72065,5377.609447,4532.939865,844.6695822,64.16129032,93866
2021/5/4,53329.38764,13633.5,4164.66,19.48,1797.75,91.2831,0,0.25,3.182966667,2.42,88.79085568,48.56718981,1700303,3993125,580,351419,44542,55400.48579,54193.6601,4976.368593,4621.625611,354.7429822,64.87096774,87287
2021/5/3,57211.40864,13895.12,4192.66,18.31,1790.225,90.9698,0,0.25,3.1882,2.42,88.63469726,48.00054435,1480694,3993572,1210,174258,34512,56156.06455,54742.34165,4914.972236,4680.294936,234.6773,65.58064516,89710
2021/5/2,56563.76,13917.64,4188.83,18.41,1782.7,91.07936667,0,0.25,3.193433333,2.416666667,88.47853884,47.4338989,1786678,3993538,691,175493406,131000,56764.1971,55073.50863,4759.194318,4696.074812,63.11950587,66.29032258,78756
2021/5/1,57793.51887,13940.16,4185,18.51,1775.175,91.18893333,0,0.25,3.198666667,2.413333333,88.32238042,46.86725345,1440263,3993164,1766,503021553,35816,56871.36561,55568.05594,4681.010682,4693.061986,-12.05130415,67,99595
2021/4/30,57758.64693,13962.68,4181.17,18.61,1767.65,91.2985,0,0.25,3.2039,2.41,88.166222,46.300608,1210265,3993203,2142,8904202,29380,57070.00217,55966.34521,4563.629038,4667.175396,-103.5463583,66.53333333,92350
2021/4/29,53610.42906,14082.55,4211.47,17.61,1762.65,90.6555,0,0.25,3.2036,2.42,87.8479735,45.63688743,1458059,3993548,2474,66265051,60455,56614.07232,55537.99682,4088.744227,4551.489163,-462.7449352,66.06666667,96503
2021/4/28,54766.5393,14051.03,4183.18,17.28,1772.2,90.6064,0,0.25,3.2157,2.41,87.529725,44.97316687,1497552,3993084,2396,21962469,33900,56219.60904,55397.73182,3762.313421,4393.654014,-631.3405935,65.6,97333
2021/4/27,54924.0147,14090.22,4186.72,17.56,1784.15,90.8749,0,0.25,3.2171,2.39,87.2114765,44.3094463,1310505,3993579,2849,1090047,3674,55978.05551,55311.60143,3476.249562,4210.173124,-733.9235615,65.13333333,102971
2021/4/26,53954.40657,14138.78,4187.62,17.64,1773.35,90.8405,0,0.25,3.2119,2.36,86.893228,43.64572573,1274638,3992905,2395,15574528,85500,55725.04717,55064.83873,3135.16242,3995.170983,-860.0085631,64.66666667,110552
2021/4/25,48987.68164,14098.12333,4185.136667,17.53666667,1776.166667,90.83683333,0,0.25,3.2076,2.353333333,86.5749795,42.98200517,1507632,3992781,1552,1011182,11786,54889.97934,53959.90108,2435.99458,3683.335702,-1247.341123,64.2,81258
2021/4/24,50007.71595,14057.46667,4182.653333,17.43333333,1778.983333,90.83316667,0,0.25,3.19435,2.346666667,86.256731,42.3182846,1608812,3992696,693,44672696,9804,54557.81217,53241.32196,1941.823145,3335.033191,-1393.210046,63.73333333,86049
2021/4/23,51020.04115,14016.81,4180.17,17.33,1781.8,90.8295,0,0.25,3.1811,2.34,85.9384825,41.65456403,1261696,3999295,3198,72707970,73024,53938.67542,52837.45272,1613.278041,2990.682161,-1377.40412,63.26666667,132963
2021/4/22,51843.6798,13818.41,4134.98,18.71,1787.75,91.2774,0,0.25,3.1786,2.33,85.620234,40.99084347,1301410,3998458,2076,18866061,24164,53466.6674,52656.76674,1403.189341,2673.183597,-1269.994256,62.8,108961
2021/4/21,53889.33,13950.22,4173.42,17.5,1798.2,91.1151,0,0.25,3.1799,2.33,85.3019855,40.3271229,1361738,3993449,2478,2951074,51991,53076.24851,52880.86915,1385.784942,2415.703866,-1029.918924,62.33333333,96848
2021/4/20,56363.62,13786.27,4134.94,18.68,1777.85,91.1943,0,0.25,3.1697,2.32,84.983737,39.66340233,1451880,3993108,2626,54592263,1380412,52936.74582,53514.09658,1553.735854,2243.310264,-689.5744092,61.86666667,112302
2021/4/19,55653.24487,13914.77,4163.26,17.29,1774.5,91.0992,0,0.25,3.1795,2.34,84.6654885,38.99968177,1405583,3999572,2173,198721,48590,53141.0274,53903.03263,1610.946834,2116.837578,-505.8907434,61.4,122950
2021/4/18,56037.12872,13960.62667,4170.663333,16.94333333,1774.483333,91.2449,0,0.25,3.181933333,2.346666667,84.34724,38.3359612,1150187,3998186,3029,573014,22826,53268.08634,54291.0501,1668.035096,2027.077081,-359.0419852,60.93333333,178464
2021/4/17,60078.27,14006.48333,4178.066667,16.59666667,1774.466667,91.3906,0,0.25,3.184366667,2.353333333,84.0289915,37.67224063,1321193,3998420,2556,3230563,74279,53783.51187,55343.2719,2016.123665,2024.886398,-8.762733457,60.46666667,100583
2021/4/16,61504.76862,14052.34,4185.47,16.25,1774.45,91.5363,0,0.25,3.1868,2.36,83.710743,37.00852007,1460882,3993266,2009,43263989,30135,54538.54808,56463.54403,2379.661622,2095.841443,283.820179,60,113640
2021/4/15,63183.14,14038.76,4170.42,16.57,1757.2,91.6795,0,0.25,3.1866,2.33,83.3924945,36.3447995,1431693,3993477,1924,158304,20437,55958.09391,57685.28875,2771.253332,2230.923821,540.3295117,59.53333333,110223
2021/4/14,62628.97594,13857.84,4124.66,16.99,1735.55,91.6507,0,0.25,3.189,2.33,83.074246,35.68107893,1463196,3993603,2427,284415,17920,57220.21991,58584.14097,3002.2679,2385.192637,617.0752638,59.06666667,161204
2021/4/13,63528.48,13996.1,4141.59,16.65,1747.95,91.8444,0,0.25,3.1863,2.33,82.7559975,35.01735837,432,1620,1,6392868.5,0,58471.0638,59483.1117,3220.803651,2552.314839,668.4888111,58.6,171108
2021/4/12,59940.53,13850,4127.99,16.91,1732.85,92.1065,0,0.25,3.2268,2.33,82.437749,34.3536378,1365798,3993267,2663,12501322,15660,59280.74882,59566.27867,3069.09857,2655.671586,413.4269844,58.13333333,132176
2021/4/11,60018.28649,13866.73,4128.26,16.83666667,1735.633333,92.12986667,0,0.25,3.231066667,2.323333333,82.1195005,33.68991723,1274269,3999484,2102,4644356,12875,59893.64446,59648.46191,2921.468628,2708.830994,212.6376337,57.66666667,94714
2021/4/10,59747.4368,13883.46,4128.53,16.76333333,1738.416667,92.15323333,0,0.25,3.235333333,2.316666667,81.801252,33.02619667,1469952,3993048,2040,41432969253,13095,60232.02614,59666.45734,2750.90481,2717.245757,33.65905288,57.2,110849
2021/4/9,58159.44,13900.19,4128.8,16.69,1741.2,92.1766,0,0.25,3.2396,2.31,81.4830035,32.3624761,1317461,3993344,1823,348197,5239,60482.64566,59392.45419,2459.24504,2665.645614,-206.4005742,56.73333333,102638
2021/4/8,58019.88,13829.31,4097.17,16.95,1755.5,92.0645,0,0.25,3.2485,2.33,81.164755,31.69875553,1325214,3999492,2670,33965,16319,60680.92078,59142.89525,2191.578096,2570.83211,-379.2540139,56.26666667,104094
2021/4/7,56073.47156,13688.84,4079.95,17.16,1738.05,92.4201,0,0.25,3.2349,2.34,80.8465065,31.03503497,1310147,3993338,2183,432100,15554,60280.44094,58584.81821,1801.62323,2416.990334,-615.3671042,55.8,86985
2021/4/6,58093.23833,13698.38,4073.94,18.12,1744.65,92.2895,0,0.25,3.2285,2.32,80.528258,30.3713144,1409669,3993245,2523,500090909,90909,59939.28791,58495.44005,1636.692713,2260.93081,-624.2380973,55.33333333,32289
2021/4/5,58777.73936,13705.59,4077.91,17.91,1740.93,92.5911,0,0.25,3.2254,2.35,80.2100095,29.70759383,1439983,3998287,1832,235651752,43750,59498.74785,58546.7672,1543.425948,2117.429838,-574.0038893,54.86666667,44761
2021/4/4,58215.19,13649.22,4063.4,17.765,1737.21,92.72663333,0,0.25,3.2223,2.353333333,79.891761,29.04387327,1461300,3997938,2500,303041667,16800,59057.36925,58486.48043,1407.889065,1975.521683,-567.6326182,54.4,87528
2021/4/3,57139.13796,13592.85,4048.89,17.62,1733.49,92.86216667,0,0.25,3.2192,2.356666667,79.5735125,28.3801527,1290806,3998321,2472,2564547,2724,58418.43505,58241.50908,1199.81597,1820.38054,-620.5645705,53.93333333,75450
2021/4/2,58963.3276,13536.48,4034.38,17.475,1729.77,92.9977,0,0.25,3.2161,2.36,79.255264,27.71643213,1570585,3993559,1913,9036026,16691,58320.71481,58372.74881,1168.642024,1690.032837,-521.3908132,53.46666667,30540
2021/4/1,58755.61518,13480.11,4019.87,17.33,1726.05,92.8963,0,0.25,3.2176,2.35,78.9370155,27.05271157,1230154,3993199,2943,3427083,11752,58194.44768,58442.36088,1114.330483,1574.892366,-460.5618836,53,69301
2021/3/31,58719.45437,13246.87,3972.89,19.4,1691.05,93.1839,0,0.25,3.2234,2.37,78.618767,26.388991,1155905,3998162,1360,92703,2175,58091.64944,58492.74151,1056.195159,1471.152925,-414.9577656,52.77419355,108145
2021/3/30,58693.94856,13045.4,3958.55,19.61,1683.95,93.286,0,0.25,3.2145,2.35,78.46838103,25.4422379,1563567,3993222,1830,4213389,34107,58145.10029,58529.32461,996.5764776,1376.237635,-379.6611577,52.5483871,111290
2021/3/29,57664.85097,13059.65,3971.09,20.74,1705.95,92.9354,0,0.25,3.2306,2.36,78.31799506,24.49548481,1310009,3999665,1912,10114998,17154,58109.59739,58372.14758,856.4164324,1272.273395,-415.8569623,52.32258065,104638
2021/3/28,55861.95,13086.01,3972.24,20.11333333,1714.566667,92.86533333,0,0.25,3.2259,2.353333333,78.1676091,23.54873171,1449425,3993320,1377,548878,21924,58088.44523,57915.74802,593.0235398,1136.423424,-543.399884,52.09677419,86361
2021/3/27,55917.88011,13112.37,3973.39,19.48666667,1723.183333,92.79526667,0,0.25,3.2212,2.346666667,78.01722313,22.60197861,1101696,3993564,978,353443,1582,57870.90941,57552.49931,384.3651451,986.011768,-601.646623,51.87096774,106231
2021/3/26,55002.76979,13138.73,3974.54,18.86,1731.8,92.7252,0,0.25,3.2165,2.34,77.86683716,21.65522552,1338023,3993440,2254,6717500,17500,57493.41245,57088.91213,143.5058627,817.510587,-674.0047242,51.64516129,137602
2021/3/25,51412.19201,12977.68,3909.52,19.81,1737.3,92.8846,0,0.25,3.2236,2.32,77.71645119,20.70847242,1293758,3992813,2737,1460818,32454,56813.11265,56056.7812,-333.2648037,587.3555088,-920.6203126,51.41935484,137938
2021/3/24,52584.7854,12961.89,3889.14,21.2,1730.5,92.5886,0,0.25,3.2127,2.31,77.56606523,19.76171932,1167593,3993389,1149,9283377,22946,56357.6774,55425.50923,-609.4649722,347.9914126,-957.4563848,51.19354839,130216
2021/3/23,54599.96181,13227.7,3910.52,20.3,1726.2,92.3527,0,0.25,3.2484,2.29,77.41567926,18.81496623,1300000,3999403,1720,1575911,11302,55921.34082,55275.4097,-658.1608325,146.7609636,-804.9217961,50.96774194,94277
2021/3/22,54249.99078,13377.54,3940.59,18.88,1736.15,91.8031,0,0.25,3.2522,2.33,77.26529329,17.86821313,1377013,3993019,2064,680247,7232,55470.77838,55088.9699,-716.7303684,-25.93730281,-690.7930656,50.74193548,103950
2021/3/21,57392.2057,13323.44,3931.426667,19.57,1735.833333,91.85183333,0,0.25,3.254566667,2.323333333,77.11490732,16.92146003,1450287,3992958,2103,219626,3008,55338.05351,55507.74004,-503.7892947,-121.5077012,-382.2815935,50.51612903,80437
2021/3/20,58219.82,13269.34,3922.263333,20.26,1735.516667,91.90056667,0,0.25,3.256933333,2.316666667,76.96452135,15.97470694,1540078,3997885,1385,9399967,12204,55290.64066,56000.84549,-265.1934177,-150.2448445,-114.9485732,50.29032258,92396
2021/3/19,58091.62367,13215.24,3913.1,20.95,1735.2,91.9493,0,0.25,3.2593,2.31,76.81413539,15.02795384,1434532,3992935,2113,8561163,22473,55333.31793,56380.98698,-85.46366662,-137.2886089,51.8249423,50.06451613,106380
2021/3/18,57687.52056,13116.17,3915.46,21.58,1725.9,91.8283,0,0.25,3.2744,2.27,76.66374942,14.08120074,1317844,3993352,2367,13415884,20561,55515.87498,56618.53854,24.08804029,-105.0132791,129.1013194,49.83870968,106755
2021/3/17,58711.97874,13525.2,3974.12,19.23,1729.65,91.9738,0,0.25,3.2739,2.3,76.51336345,13.13444765,1254150,3992901,2229,4938221,15904,55795.28485,56999.16403,191.3678018,-45.7370629,237.1048647,49.61290323,106258
2021/3/16,56455.99844,13471.57,3962.71,19.79,1735,91.8752,0,0.25,3.2811,2.3,76.36297748,12.18769455,1489153,3998698,2196,50442567,5150,55940.60771,56900.40665,140.2823739,-8.533175554,148.8155494,49.38709677,99951
2021/3/15,55723.94916,13459.71,3968.94,20.03,1723.65,91.8032,0,0.25,3.2907,2.27,76.21259152,11.24094145,1353955,3992773,2862,4186993,30174,56371.78343,56686.50529,40.2624251,1.225944576,39.03648052,49.16129032,116563
2021/3/14,59380.01894,13413.09333,3960.406667,20.25,1717.366667,91.758,0,0.25,3.284166667,2.266666667,76.06220555,10.29418835,1567498,3993592,1516,42030,5978,57051.30678,57176.23504,253.0926765,51.59929095,201.4933855,48.93548387,102059
2021/3/13,61297.99739,13366.47667,3951.873333,20.47,1711.083333,91.7128,0,0.25,3.277633333,2.263333333,75.91181958,9.347435258,1451654,3993302,2672,148945702,10608,57721.11034,57925.64638,569.9569073,155.2708142,414.6860931,48.70967742,154790
2021/3/12,57278.15502,13319.86,3943.34,20.69,1704.8,91.6676,0,0.25,3.2711,2.26,75.76143361,8.400682161,1446781,3993592,1913,31878068,35267,58023.92676,57807.92068,491.0459372,222.4258388,268.6200984,48.48387097,104787
2021/3/11,57633.69981,13398.67,3939.34,21.91,1724.25,91.4172,0,0.25,3.2624,2.28,75.61104765,7.453929065,1305127,3999616,2795,2094905,22600,58048.07617,57776.24416,451.9876853,268.3382081,183.6494772,48.25806452,95858
2021/3/10,55998.73927,13068.83,3898.81,22.56,1716.2,91.7818,0,0.25,3.2649,2.26,75.46066168,6.507175968,1522357,3998395,2363,201544,14802,57825.9681,57453.06145,285.8114314,271.8328528,13.97857861,48.03225806,81908
2021/3/9,54759.46169,13073.82,3875.44,24.03,1716.9,91.9696,0,0.25,3.2692,2.21,75.31027571,5.560422871,1429161,3993423,2196,17793665,9812,57492.7519,56963.31604,53.49950033,228.1661823,-174.6666819,47.80645161,85849
2021/3/8,52326.86244,12609.16,3821.35,25.47,1687.05,92.4074,0,0.25,3.2692,2.21,75.15988974,4.613669774,1515898,3993400,1954,4483325,6780,56956.68609,56120.32448,-323.1744542,117.898055,-441.0725092,47.58064516,81828
2021/3/7,51409.22675,12712.82333,3828.213333,25.2,1690.116667,92.2706,0,0.25,3.274633333,2.213333333,75.00950377,3.666916677,1584474,3993561,607,229012,1808,56226.41089,55263.76125,-687.8081835,-43.24319272,-644.5649908,47.35483871,68935
2021/3/6,48884.80043,12816.48667,3835.076667,24.93,1693.183333,92.1338,0,0.25,3.280066667,2.216666667,74.85911781,2.720163581,1280016,3999630,2276,114398,2230,55469.29109,54103.95019,-1167.030348,-268.0006238,-899.0297244,47.12903226,40281
2021/3/5,48901.91568,12920.15,3841.94,24.66,1696.25,91.997,0,0.25,3.2855,2.22,74.70873184,1.773410484,1358694,3993345,3024,1785100,10000,54787.08774,53158.12574,-1527.824499,-519.9653988,-1007.8591,46.90322581,70950
2021/3/4,48523.77958,12723.47,3768.47,28.57,1712.1,91.6141,0,0.25,3.2762,2.2,74.55834587,0.826657387,1393483,3993169,2601,3731885,24634,53701.46381,52315.51734,-1823.251576,-780.6226344,-1042.628942,46.67741935,81460
2021/3/3,50593.57978,12997.75,3819.72,26.67,1711.4,90.9909,0,0.25,3.2683,2.21,74.4079599,-0.12009571,1736042,3993137,1422,2823686,26314,52631.02205,52002.43779,-1868.821475,-998.2624025,-870.5590726,46.4516129,94227
2021/3/2,48245.59608,13358.79,3870.29,24.1,1723.85,90.7646,0,0.25,3.2557,2.2,74.25757394,-1.066848806,1180459,3993514,1898,844400,24084,51727.76615,51319.37566,-2070.530819,-1212.716086,-857.8147335,46.22580645,103342
2021/3/1,49557.93686,13588.83,3901.82,23.35,1734.15,91.0173,0,0.25,3.2774,2.16,74.10718797,-2.013601903,1347900,3993546,2509,21002847,47078,50920.18986,50999.11406,-2100.28126,-1390.229121,-710.0521391,46,89756
2021/2/28,44986.74483,13456.67,3871.596667,24.88333333,1737.05,90.9915,0,0.25,3.281866667,2.156666667,73.956802,-2.960355,1426411,3998716,2482,8287854,15434,49818.99041,49905.95602,-2464.308675,-1605.045032,-859.2636438,46.71428571,73439
2021/2/27,46202.31375,13324.51,3841.373333,26.41666667,1739.95,90.9657,0,0.25,3.286333333,2.153333333,74.08044125,-2.595986179,1456541,3998639,2830,49912,13260,48963.27562,49232.56651,-2624.463589,-1808.928743,-815.5348463,47.42857143,66315
2021/2/26,46205.25772,13192.35,3811.15,27.95,1742.85,90.9399,0,0.25,3.2908,2.15,74.2040805,-2.231617357,1299970,3992857,2597,2019996,10496,48351.11515,48682.14673,-2719.797823,-1991.102559,-728.6952636,48.14285714,81742
2021/2/25,47372.37799,13119.43,3829.34,28.89,1779.65,90.2149,0,0.25,3.2925,2.14,74.32771975,-1.867248536,289,1156,1,25175630.5,0,47947.43027,48444.00696,-2670.391427,-2126.960333,-543.4310947,48.85714286,82520
2021/2/24,49577.66705,13597.97,3925.43,21.34,1788,90.0435,0,0.25,3.2611,2.17,74.451359,-1.502879714,1262901,3993321,2839,48331265,22501,48016.71693,48650.12698,-2425.330407,-2186.634348,-238.6960596,49.57142857,103733
2021/2/23,48514.38215,13465.2,3881.37,23.11,1799.65,90.1173,0,0.25,3.2832,2.16,74.57499825,-1.138510893,1247484,3993549,2608,145294,15609,47977.96358,48625.4461,-2290.512387,-2207.409956,-83.10243182,50.28571429,131691
2021/2/22,54153.65519,13533.05,3876.5,23.45,1807.45,90.0869,0,0.25,3.2917,2.16,74.6986375,-0.774142071,1270695,3998478,2815,193880,15812,48540.95114,49630.57503,-1708.92649,-2107.713262,398.7867728,51,110348
2021/2/21,57367.94614,13646.85333,3886.57,22.98333333,1800.366667,90.1712,0,0.25,3.27915,2.153333333,74.82227675,-0.40977325,1441858,3993304,1472,382713398,24945,49218.38778,51037.36977,-977.3824028,-1881.64709,904.2646877,51.71428571,111638
2021/2/20,56008.78744,13760.65667,3896.64,22.51666667,1793.283333,90.2555,0,0.25,3.2666,2.146666667,74.945916,-0.045404429,1319336,3999476,2254,1151910,36401,49994.70691,51941.26389,-501.5199815,-1605.621669,1104.101687,52.42857143,118093
2021/2/19,55795.15505,13874.46,3906.71,22.05,1786.2,90.3398,0,0.25,3.271,2.14,75.06955525,0.318964393,1486615,3998737,2318,48159438,26633,50618.42873,52641.97138,-140.0198708,-1312.501309,1172.481438,53.14285714,150898
2021/2/18,51656.84687,13865.36,3913.97,22.49,1773.15,90.5555,0,0.25,3.292,2.16,75.1931945,0.683333214,1217363,3998696,2679,62155088,19615,51285.43894,52462.85783,-185.3190706,-1087.064861,901.7457908,53.85714286,116096
2021/2/17,52127.62093,13965.5,3931.33,21.5,1780.7,90.9146,0,0.25,3.28595,2.21,75.31683375,1.047702036,1395737,3999401,2183,46462,25311,51877.96965,52401.90567,-181.1433725,-905.8805636,724.7371912,54.57142857,147890
2021/2/16,49261.05077,14047.5,3932.59,21.46,1794.25,90.5987,0,0.25,3.2799,2.24,75.440473,1.412070857,1259617,3992923,2117,108256,8136,52183.54896,51830.84114,-404.4797657,-805.600404,401.1206384,55.28571429,147792
2021/2/15,47981.97749,14059.4925,3933.15,21.0875,1817.3,90.3644,0,0.25,3.27385,2.2325,75.56411225,1.776439679,1350684,3998673,2166,1000000000,283396,52244.50891,51131.04775,-676.883301,-779.8569834,102.9736824,56,101777
2021/2/14,48673.32971,14071.485,3933.71,20.715,1816.983333,90.39103333,0,0.25,3.2678,2.225,75.6877515,2.1408085,1205617,3993289,1269,28141729,1600,52154.07517,50684.18992,-827.4405,-789.3736868,-38.06681329,56.71428571,99797
2021/2/13,47056.76956,14083.4775,3934.27,20.3425,1816.666667,90.41766667,0,0.25,3.26175,2.2175,75.81139075,2.505177321,1363950,3993339,2234,6053861,27027,52008.31392,50024.65895,-1064.925263,-844.4840021,-220.4412613,57.42857143,93740
2021/2/12,47622.56892,14095.47,3934.83,19.97,1816.35,90.4443,0,0.25,3.2557,2.21,75.93503,2.869546143,1394853,3993375,2432,1358430,58812,51355.20529,49587.91531,-1193.717932,-914.3307881,-279.3871442,58.14285714,122503
2021/2/11,47680.42444,14025.77,3916.38,21.25,1840.1,90.4038,0,0.25,3.24965,2.2,76.05866925,3.233914964,1240761,3998754,2634,1839066,35708,50386.45312,49241.09879,-1276.404991,-986.7456287,-289.6593624,58.85714286,115390
2021/2/10,44866.50228,13972.53,3909.88,21.99,1842.65,90.4287,0,0.25,3.2436,2.21,76.1823085,3.598283786,1179067,3993013,1313,573434,50964,49272.2246,48445.7176,-1551.114797,-1099.619462,-451.4953343,59.57142857,124292
2021/2/9,46511.52058,14007.7,3911.23,21.63,1839.6,90.44,0,0.25,3.2474,2.22,76.30594775,3.962652607,1354121,3999230,2629,2799580,13500,48343.86116,48094.04542,-1617.440224,-1203.183615,-414.2566091,60.28571429,159207
2021/2/8,46225.49641,13987.64,3915.59,21.24,1835.25,90.9682,0,0.25,3.2404,2.22,76.429587,4.327021429,1339805,3993059,2657,11619364,376037,47800.72611,47754.30923,-1673.788965,-1297.304685,-376.4842806,61,212923
2021/2/7,38888.63824,13943.86,3906.003333,21.11666667,1824.483333,90.97616667,0,0.25,3.2164,2.216666667,76.55322625,4.69139025,1494959,3998594,1785,4960663,20437,46476.82784,46142.36905,-2284.138757,-1494.671499,-789.4672577,61.71428571,77886
2021/2/6,39191.50755,13900.08,3896.416667,20.99333333,1813.716667,90.98413333,0,0.25,3.22395,2.213333333,76.6768655,5.055759071,1290542,3993488,2137,1909174,17054,45469.87352,44878.57605,-2712.142452,-1738.16569,-973.9767622,62.42857143,107331
2021/2/5,37945.96447,13856.3,3886.83,20.87,1802.95,90.9921,0,0.25,3.2315,2.21,76.80050475,5.420127893,1358098,3993148,2430,1711112,4746,44466.27222,43618.10122,-3115.924938,-2013.717539,-1102.207399,63.14285714,97415
2021/2/4,36938.03487,13777.74,3871.74,21.77,1785.9,91.5513,0,0.25,3.222,2.17,76.924144,5.784496714,1351655,3992900,2558,216845,7651,43292.74273,42403.5437,-3477.174262,-2306.408884,-1170.765378,63.85714286,76348
2021/2/3,37551.93435,13610.54,3830.17,22.91,1835.45,91.1129,0,0.25,3.2155,2.19,77.04778325,6.148865536,1173785,3999368,2907,37310,29928,42342.25921,41521.43291,-3671.606403,-2579.448388,-1092.158015,64.57142857,87809
2021/2/2,35507.12771,13612.78,3826.31,25.56,1833.1,91.0431,0,0.25,3.1868,2.15,77.1714225,6.513234357,1434310,3993004,2033,3092506,31247,41130.71509,40427.92287,-3945.216087,-2852.601928,-1092.61416,65.28571429,80624
2021/2/1,33513.4412,13403.4,3773.86,30.24,1862.95,91.0272,0,0.25,3.1817,2.11,77.29506175,6.877603179,1268416,3993604,2404,41800,27200,39714.01677,39170.74439,-4273.663441,-3136.81423,-1136.849211,66,91439
2021/1/31,33136.13947,13292.49667,3753.986667,31.19,1863.233333,90.8642,0,0.25,3.186766667,2.116666667,77.418701,7.241972,1234419,3993060,1860,194590,4972,38540.98049,38073.54349,-4512.389415,-3411.929267,-1100.460148,65.93548387,68163
2021/1/30,34333.10794,13181.59333,3734.113333,32.14,1863.516667,90.7012,0,0.25,3.191833333,2.123333333,76.98801035,6.317167419,1447352,3992672,2200,61444,6780,37323.13922,37393.4643,-4552.517529,-3640.04692,-912.4706095,65.87096774,93578
2021/1/29,34241.18685,13070.69,3714.24,33.09,1863.8,90.5382,0,0.25,3.1969,2.13,76.55731971,5.392362839,1208371,3993466,2833,42763367,26148,36124.70827,36820.32295,-4539.40913,-3819.919362,-719.489768,65.80645161,200783
2021/1/28,33117.57284,13337.16,3787.38,30.21,1853.7,90.5405,0,0.25,3.1983,2.13,76.12662906,4.467558258,1108955,3999455,1524,627372,18080,35547.60173,36147.09565,-4567.040884,-3969.343666,-597.6972182,65.74193548,84933
2021/1/27,30305.34378,13270.6,3750.77,37.21,1856.6,90.5917,0,0.25,3.174,2.08,75.69593842,3.542753677,1181910,3999273,1519,1495694,19993,34658.98535,35084.95895,-4760.981006,-4127.671134,-633.3098718,65.67741935,60652
2021/1/26,32577.7687,13626.06,3849.62,23.02,1856.6,90.1869,0,0.25,3.1671,2.08,75.26524777,2.617949097,1175360,3998627,2758,147582,1356,34122.16577,34629.10618,-4677.396139,-4237.616135,-439.7800038,65.61290323,55828
2021/1/25,32272.78384,13635.99,3855.36,23.19,1856.85,90.351,0,0.25,3.1412,2.08,74.83455713,1.693144516,1219904,3993359,2407,3815390,12075,33655.64067,34200.68393,-4582.935037,-4306.679915,-276.2551212,65.5483871,63766
2021/1/24,32261.74435,13605.01333,3850.73,22.76333333,1855.466667,90.3044,0,0.25,3.143933333,2.083333333,74.40386648,0.768339935,1414167,3992784,2652,27219035940,278100,33126.62167,33848.14946,-4457.580514,-4336.860035,-120.7204786,65.48387097,50983
2021/1/23,32045.83959,13574.03667,3846.1,22.33666667,1854.083333,90.2578,0,0.25,3.146666667,2.086666667,73.97317584,-0.156464645,1118567,3992903,1272,1776337,12711,32780.49286,33520.45676,-4325.792814,-4334.646591,8.853776903,65.41935484,52802
2021/1/22,32836.13558,13543.06,3841.47,21.91,1852.7,90.2112,0,0.25,3.1494,2.09,73.54248519,-1.081269226,1413572,3993302,1962,12515273,22010,32712.76229,33396.03473,-4110.200004,-4289.757273,179.5572697,65.35483871,79570
2021/1/21,30892.80236,13530.92,3853.07,21.32,1862.1,90.0839,0,0.25,3.1665,2.1,73.11179455,-2.006073806,1443573,3999159,2558,42072741,20086,32488.42858,32940.90157,-4049.472104,-4241.70024,192.2281352,65.29032258,79347
2021/1/20,35636.11099,13457.25,3851.85,21.58,1856.6,90.4601,0,0.25,3.1777,2.12,72.6811039,-2.930878387,1081703,3993086,2277,871999,5810,32618.72889,33430.93965,-3577.361841,-4108.83256,531.4707187,65.22580645,61204
2021/1/19,36177.48749,13197.18,3798.91,23.24,1834.7,90.4882,0,0.25,3.1776,2.1,72.25041326,-3.855682968,1328477,3993578,2476,113300,6208,32812.35895,33930.31198,-3123.520497,-3911.770147,788.2496502,65.16129032,70173
2021/1/18,36714.8432,13147.51,3791.245,23.515,1833.05,90.7716,0,0.25,3.1662,2.1,71.81972261,-4.780487548,1244385,3998670,1987,813566,5625,33172.08599,34436.59038,-2689.485137,-3667.313145,977.8280084,65.09677419,69189
2021/1/17,35786.41703,13097.84,3783.58,23.79,1835.033333,90.77773333,0,0.25,3.153933333,2.1,71.38903197,-5.705292129,1429818,3993351,1604,195780,12061,33720.19331,34682.01341,-2392.842026,-3412.418921,1019.576895,65.03225806,59161
2021/1/16,36178.18021,13048.17,3775.915,24.065,1837.016667,90.78386667,0,0.25,3.141666667,2.1,70.95834132,-6.63009671,1266295,3993580,2741,78359,2486,34080.23446,34954.04374,-2101.908714,-3150.31688,1048.408166,64.96774194,62189
2021/1/15,36678.9504,12998.5,3768.25,24.34,1839,90.79,0,0.25,3.1294,2.1,70.52765068,-7.55490129,1268581,3999388,2407,7500000,21300,34520.85112,35267.66313,-1810.068654,-2882.267235,1072.198581,64.90322581,70388
2021/1/14,39304.68621,13112.64,3795.54,23.25,1841.75,90.25,0,0.25,3.1075,2.09,70.09696003,-8.479705871,1271606,3992861,2528,1448420,13280,35225.14531,36001.66733,-1351.331065,-2576.080001,1224.748936,64.83870968,106170
2021/1/13,37359.33216,13128.95,3809.84,22.21,1858.85,90.32,0,0.25,3.1518,2.06,69.66626939,-9.404510452,1137707,3993224,2391,42421892,35571,35756.49456,36248.51548,-1131.706427,-2287.205286,1155.498859,64.77419355,91811
2021/1/12,33949.39683,13072.43,3801.19,23.33,1841.25,90.04,0,0.25,3.1713,2.08,69.23557874,-10.32931503,1465735,3998689,1823,198047,14238,35867.82069,35830.49391,-1218.756536,-2073.515536,854.7590003,64.70967742,83880
2021/1/11,35569.7227,13036.43,3799.61,24.08,1847.25,90.55,0,0.25,3.1704,2.06,68.8048881,-11.25411961,1208073,3993285,1674,174000,13104,36335.51272,35783.08096,-1143.81246,-1887.574921,743.7624609,64.64516129,109316
2021/1/10,38299.0196,13091.61333,3807.966667,23.24,1852.466667,90.38836667,0,0.25,3.166066667,2.06,68.37419745,-12.17892419,1466566,3993484,1152,32461530,2101,36601.80358,36240.52435,-854.3390014,-1680.927737,826.5887354,64.58064516,74964
2021/1/9,40129.0005,13146.79667,3816.323333,22.4,1857.683333,90.22673333,0,0.25,3.161733333,2.06,67.94350681,-13.10372877,1373072,3998516,2971,3951272,18579,36996.95488,36947.52001,-471.8261174,-1439.107413,967.2812955,64.51612903,84725
2021/1/8,40703.29054,13201.98,3824.68,21.56,1862.9,90.0651,0,0.25,3.1574,2.06,67.51281616,-14.02853335,1336716,3998331,3044,238707,17888,37395.79962,37630.38738,-120.9472893,-1175.475388,1054.528099,64.4516129,113560
2021/1/7,39493.12851,13067.48,3803.79,22.37,1920.1,89.827,0,0.25,3.1354,2.09,67.08212552,-14.95333794,1489718,3993587,2520,34580010,20494,37766.47077,37969.06759,58.79895018,-928.6205205,987.4194707,64.38709677,125036
2021/1/6,36904.21825,12740.79,3748.14,25.07,1931.95,89.4167,0,0.25,3.1401,2.06,66.65143487,-15.87814252,1298148,3993057,2615,307336117,2925,37839.07457,37775.45862,-7.567053316,-744.4098271,736.8427738,64.32258065,86631
2021/1/5,33965.16042,12818.96,3726.86,25.34,1940.35,89.4754,0,0.25,3.1749,2.03,66.22074423,-16.8029471,1194136,3999523,1435,993250,14875,37567.69557,37082.67713,-293.9317313,-654.3142079,360.3824766,64.25806452,68133
2021/1/4,31973.83215,12698.45,3700.65,26.97,1943.2,89.8778,0,0.25,3.1713,2.01,65.79005358,-17.72775168,1173662,3999101,1587,47930508,8320,36834.61017,36153.79622,-673.7942701,-658.2102204,-15.58404971,64.19354839,82412
2021/1/3,32877.60728,12745.9075,3714.505,25.915,1932.08,89.897925,0,0.25,3.182825,2.005,65.35936294,-18.65255626,1377375,3993297,2708,193185,13885,36386.43768,35558.1255,-891.6327813,-704.8947325,-186.7380487,64.12903226,141596
2021/1/2,32093.26496,12793.365,3728.36,24.86,1920.96,89.91805,0,0.25,3.19435,2,64.92867229,-19.57736084,1351577,3999482,2891,185371,21141,36200.82449,34928.15086,-1114.71154,-786.8580941,-327.8534462,64.06451613,145059
2021/1/1,29300.19094,12840.8225,3742.215,23.805,1909.84,89.938175,0,0.25,3.205875,1.995,64.49798165,-20.50216542,1210232,3998420,2289,9546343,4313,35573.87132,33904.88542,-1499.594404,-929.405356,-570.1890478,64,55480
2020/12/31,28977.96182,12888.28,3756.07,22.75,1898.72,89.9583,0,0.25,3.2174,1.99,64.067291,-21.42697,1272042,3993534,2126,166222035,5675,34641.76554,33009.08113,-1809.756299,-1105.475545,-704.2807545,62.93548387,68822
2020/12/30,28810.02049,12870,3732.04,22.77,1887.6,89.6001,0,0.25,3.222,1.96,64.26084506,-21.58875787,1429667,3998720,2546,16369225,19937,33509.86754,32245.61556,-2045.533659,-1293.487167,-752.0464913,61.87096774,80886
2020/12/29,27392.54055,12850.22,3727.04,23.08,1874.3,90.004,0,0.25,3.2352,1.96,64.45439913,-21.75054574,1353239,3993380,1646,1212785,3802,32178.79254,31363.23828,-2320.023908,-1498.794516,-821.2293927,60.80645161,56236
2020/12/28,27147.36675,12899.42,3735.36,21.7,1874.416667,90.2841,0,0.25,3.2363,1.97,64.64795319,-21.91233361,1181960,3993260,2101,5253010,26505,30944.21636,30596.71619,-2528.199377,-1704.675488,-823.5238888,59.74193548,59779
2020/12/27,26326.48184,12875.7475,3727.285,21.6575,1874.533333,90.30043333,0,0.25,3.255966667,1.97,64.84150726,-22.07412148,1143362,3993071,2266,632105,1589,29886.44272,29820.30994,-2727.972122,-1909.334815,-818.6373077,58.67741935,88788
2020/12/26,26446.97357,12852.075,3719.21,21.615,1874.65,90.31676667,0,0.25,3.275633333,1.97,65.03506132,-22.23590935,1178834,3998666,2796,192467,2747,29134.62403,29206.97606,-2843.789354,-2096.225723,-747.5636311,57.61290323,72172
2020/12/25,24652.03652,12828.4025,3711.135,21.5725,1874.766667,90.3331,0,0.25,3.2953,1.97,65.22861539,-22.39769723,1479212,3993605,1811,6868309,29668,28402.44447,28378.80523,-3045.307355,-2286.042049,-759.2653062,56.5483871,49739
2020/12/24,23733.03049,12804.73,3703.06,21.53,1874.883333,90.3026,0,0.25,3.2827,1.97,65.42216945,-22.5594851,1287216,3992886,2473,847797,23811,27487.98679,27534.11891,-3241.798495,-2477.193338,-764.6051564,55.48387097,42618
2020/12/23,23261.7852,12771.11,3690.01,23.31,1875,90.3475,0,0.25,3.2763,1.97,65.61572352,-22.72127297,1396333,3993508,2487,9741535,24540,26604.83882,26757.33097,-3396.393188,-2661.033308,-735.3598799,54.41935484,43942
2020/12/22,23801.64017,12807.92,3687.26,24.23,1877.1,90.6334,0,0.25,3.2953,1.94,65.80927758,-22.88306084,1142307,3993036,3186,7974608,31584,26054.98374,26219.93264,-3435.743698,-2815.975386,-619.7683115,53.35483871,45927
2020/12/21,22882.15792,12742.52,3694.92,25.16,1880,90.0816,0,0.25,3.3219,1.95,66.00283165,-23.04484871,1364101,3993280,2829,405813425,117242,25445.40335,25613.06451,-3500.769106,-2952.93413,-547.8349758,52.29032258,61296
2020/12/20,23516.40283,12746.89333,3699.75,23.96333333,1879.916667,90.02773333,0,0.25,3.325466667,1.95,66.19638571,-23.20663658,1245939,3992787,2288,4000000,1337,24916.04158,25231.85329,-3461.225098,-3054.592324,-406.6327746,51.22580645,62679
2020/12/19,23844.56807,12751.26667,3704.58,22.76666667,1879.833333,89.97386667,0,0.25,3.329033333,1.95,66.38993977,-23.36842445,1299490,3993358,2247,1109954,46980,24561.24434,24979.61962,-3364.620742,-3116.598007,-248.0227344,50.16129032,56872
2020/12/18,23113.99259,12755.64,3709.41,21.57,1879.75,89.92,0,0.25,3.3326,1.95,66.58349384,-23.53021232,1215972,3998478,2018,9788115,61236,24157.90692,24640.4147,-3308.869837,-3155.052373,-153.8174637,49.09677419,67616
2020/12/17,22823.45909,12764.75,3722.48,21.93,1890.75,89.77,0,0.25,3.3238,1.94,66.7770479,-23.69200019,1383643,3998512,2032,375902162,27248,23807.60465,24310.05914,-3250.658896,-3174.173678,-76.48521839,48.03225806,120169
2020/12/16,21367.09631,12658.19,3701.17,22.5,1851.95,90.22,0,0.25,3.326,1.92,66.97060197,-23.85378806,1274319,3993660,1637,3052629,17839,23299.61692,23774.97499,-3284.184576,-3196.175857,-88.00871846,46.96774194,127155
2020/12/15,19434.07031,12595.06,3694.62,22.89,1850.65,90.5843,0,0.25,3.3171,1.91,67.16415603,-24.01557594,1336978,3993148,2633,6192445,13912,22777.8203,22985.71959,-3427.226033,-3242.385893,-184.8401408,45.90322581,43739
2020/12/14,19270.74681,12440.04,3647.49,24.72,1831.15,90.7283,0,0.25,3.3397,1.88,67.3577101,-24.17736381,1243073,3993284,2149,875474,4400,22331.59193,22310.26999,-3513.2675,-3296.562214,-216.7052858,44.83870968,38737
2020/12/13,19169.33845,12419.31667,3652.813333,24.25,1834.766667,90.8103,0,0.25,3.332766667,1.876666667,67.55126416,-24.33915168,1294277,3993155,2440,646573,8853,21922.34726,21739.19153,-3548.731224,-3346.996016,-201.7352083,43.77419355,39491
2020/12/12,18804.79471,12398.59333,3658.136667,23.78,1838.383333,90.8923,0,0.25,3.325833333,1.873333333,67.74481823,-24.50093955,1464661,3992965,1184,45459476,744,21422.66271,21205.66484,-3565.155225,-3390.627858,-174.5273668,42.70967742,38898
2020/12/11,18062.11899,12377.87,3663.46,23.31,1842,90.9743,0,0.25,3.3189,1.87,67.93837229,-24.66272742,1286642,3993101,3189,26650000,3952,20940.65882,20634.11105,-3596.639268,-3431.83014,-164.8091284,41.64516129,35891
2020/12/10,18261.87845,12405.81,3668.1,22.52,1844.35,90.7779,0,0.25,3.3123,1.88,68.13192635,-24.82451529,1383825,3999408,1523,13245,2245,20415.20638,20202.79603,-3564.383684,-3458.340849,-106.0428356,40.58064516,37279
2020/12/9,18569.9877,12338.95,3672.82,22.27,1841.75,91.0342,0,0.25,3.3007,1.91,68.32548042,-24.98630316,1412895,3993114,2649,6348513,14012,19887.74834,19905.92179,-3473.913943,-3461.455468,-12.45847521,39.51612903,42250
2020/12/8,18325.0542,12582.77,3702.25,20.68,1868.15,90.9495,0,0.25,3.307,1.89,68.51903448,-25.14809103,1263721,3993577,2082,390060,3150,19408.8545,19618.49132,-3382.983183,-3445.761011,62.77782773,38.4516129,46222
2020/12/7,19190.03778,12519.95,3691.96,21.3,1859.95,90.865,0,0.25,3.3352,1.88,68.71258855,-25.3098789,1181391,3998667,2925,77231076,4746,19045.51237,19540.59067,-3204.187081,-3397.446225,193.2591441,37.38709677,45372
2020/12/6,19336.69255,12501.37667,3694.346667,21.13,1854.3,90.84446667,0,0.25,3.333933333,1.883333333,68.90614261,-25.47166677,1441996,3993256,1925,2325216,678,18842.472,19503.51829,-3015.890756,-3321.135131,305.2443752,36.32258065,39953
2020/12/5,19127.65682,12482.80333,3696.733333,20.96,1848.65,90.82393333,0,0.25,3.332666667,1.886666667,69.09969668,-25.63345465,1782375,3993345,584,442357345,28600,18811.83065,19435.17984,-2850.671235,-3227.042352,376.3711171,35.25806452,39802
2020/12/4,18737.19266,12464.23,3699.12,20.79,1843,90.8034,0,0.25,3.3314,1.89,69.29325074,-25.79524252,1336549,3992962,2501,78731965,230235,18758.47523,19308.27308,-2719.887597,-3125.611401,405.7238037,34.19354839,46085
2020/12/3,19427.95496,12377.18,3666.72,21.28,1832.35,90.6749,0,0.25,3.3407,1.86,69.48680481,-25.95703039,1239659,3998483,2359,52230150,45946,18784.33688,19330.03342,-2531.322369,-3006.753594,475.4312256,33.12903226,44375
2020/12/2,19201.27613,12349.37,3669.01,21.17,1822.6,91.0183,0,0.25,3.3427,1.85,69.68035887,-26.11881826,1290816,3992862,2693,232955,26894,18823.98502,19306.623,-2372.821742,-2879.967224,507.1454819,32.06451613,48309
2020/12/1,18855.04374,12355.11,3662.45,20.77,1810.75,91.1801,0,0.25,3.3146,1.81,69.87391294,-26.28060613,1258982,3999635,2324,125399,25764,18903.2775,19224.51768,-2249.219313,-2753.817642,504.5983283,31,60008
2020/11/30,19721.87473,12198.74,3621.63,20.57,1762.55,92.033,0,0.25,3.321,1.77,70.067467,-26.442394,1221624,3992700,2923,518600,19662,19049.27713,19314.94624,-2057.598764,-2614.573866,556.9751021,30.76666667,66042
2020/11/29,18162.12347,12201.11,3627.203333,20.66,1768.133333,91.95016667,0,0.25,3.322666667,1.763333333,70.26799037,-25.36147113,1702005,3992907,909,2000000,314,19008.4907,19105.3421,-2008.444887,-2493.34807,484.9031833,30.53333333,33292
2020/11/28,17707.71579,12203.48,3632.776667,20.75,1773.716667,91.86733333,0,0.25,3.324333333,1.756666667,70.46851373,-24.28054827,1561275,3999378,1767,814227747,7592,18946.75686,18851.22822,-1983.2948,-2391.337416,408.0426166,30.3,37071
2020/11/27,17076.84202,12205.85,3638.35,20.84,1779.3,91.7845,0,0.25,3.326,1.75,70.6690371,-23.1996254,1323453,3993522,1676,1188315,2034,18735.43729,18528.61255,-1991.314778,-2311.332889,320.0181108,30.06666667,44777
2020/11/26,17072.81034,12150.125,3634,21.045,1807.4,92.0194,0,0.25,3.3219,1.75,70.86956047,-22.11870253,1161695,3993107,2337,251171,18009,18509.04907,18263.92124,-1975.226806,-2244.111672,268.8848661,29.83333333,53237
2020/11/25,18770.2021,12094.4,3629.65,21.25,1810.2,92.0138,0,0.25,3.3242,1.75,71.07008383,-21.03777967,1177134,3999540,2774,3466465,4788,18473.30359,18355.97231,-1804.708092,-2156.230956,351.5228644,29.6,46379
2020/11/24,19121.51141,12036.79,3635.41,21.64,1799.6,92.1403,0,0.25,3.3246,1.74,71.2706072,-19.9568568,1238924,3999206,3020,564053,16953,18511.73547,18495.16123,-1622.51966,-2049.488697,426.9690368,29.36666667,78971
2020/11/23,18374.45258,11880.63,3577.59,22.66,1840.2,92.5197,0,0.25,3.3336,1.71,71.47113057,-18.87593393,1358260,3999520,2930,3203451,13616,18406.38523,18473.21421,-1520.88362,-1943.767681,422.8840616,29.13333333,47594
2020/11/22,18413.52697,11872.07667,3570.906667,23.00666667,1852.033333,92.47686667,0,0.25,3.3462,1.703333333,71.67165393,-17.79501107,1477119,3993315,2165,2700257,7096,18327.61031,18462.36198,-1420.805191,-1839.175183,418.3699921,28.9,43581
2020/11/21,18709.05738,11863.52333,3564.223333,23.35333333,1863.866667,92.43403333,0,0.25,3.3588,1.696666667,71.8721773,-16.7140882,1348542,3998631,2795,240867465,100000,18313.01168,18507.21569,-1302.629578,-1731.866062,429.236484,28.66666667,45874
2020/11/20,18641.28503,11854.97,3557.54,23.7,1875.7,92.3912,0,0.25,3.3714,1.69,72.07270067,-15.63316533,1359386,3993455,2032,2190150,12656,18204.95271,18531.59193,-1200.603407,-1625.613531,425.0101241,28.43333333,47903
2020/11/19,17806.27692,11904.71,3581.87,23.11,1857.35,92.3035,0,0.25,3.3584,1.7,72.27322403,-14.55224247,1407652,3998734,1921,3089567,1723,18169.36805,18399.71648,-1173.596616,-1535.210148,361.6135319,28.2,43267
2020/11/18,17827.83915,11801.6,3567.79,23.84,1876.1,92.4043,0,0.25,3.331,1.7,72.4737474,-13.4713196,1197320,3999584,3114,90794334,370224,18181.38039,18295.73878,-1137.343065,-1455.636732,318.2936663,27.96666667,70679
2020/11/17,17683.75928,11899.34,3609.53,22.71,1889.05,92.4564,0,0.25,3.3105,1.7,72.67427077,-12.39039673,1235559,3993210,2155,1663379,72245,18242.07212,18184.46978,-1107.471662,-1386.003718,278.5320554,27.73333333,74813
2020/11/16,16725.11073,11924.13,3626.91,22.45,1885.6,92.5551,0,0.25,3.294,1.72,72.87479413,-11.30947387,1271288,3993575,2368,112576,11594,18207.30216,17919.13177,-1147.920771,-1338.387128,190.4663578,27.5,47177
2020/11/15,15961.34579,11892.51667,3612.99,22.66666667,1887.366667,92.6127,0,0.25,3.295566667,1.72,73.0753175,-10.228551,1103782,3992722,598,2605200189,78044,17926.41652,17563.17068,-1227.457067,-1316.201116,88.74404929,27.26666667,33836
2020/11/14,16083.58805,11860.90333,3599.07,22.88333333,1889.133333,92.6703,0,0.25,3.297133333,1.72,73.27584087,-9.147628133,1526091,3998685,2332,528440,3390,17622.62419,17294.15566,-1266.032195,-1306.167332,40.13513707,27.03333333,37293
2020/11/13,16316.13726,11829.29,3585.15,23.1,1890.9,92.7279,0,0.25,3.2987,1.72,73.47636423,-8.066705267,1226935,3998587,2882,168133833,34454,17416.79266,17116.33413,-1263.276222,-1297.58911,34.31288794,26.8,48337
2020/11/12,16279.27054,11709.59,3537.01,25.35,1874.85,92.9748,0,0.25,3.2781,1.71,73.6768876,-6.9857824,1727218,3960229,78,779688,144,17203.36701,16964.14075,-1249.661609,-1288.00361,38.34200098,26.56666667,44220
2020/11/11,15687.48025,11786.43,3572.66,23.45,1860.95,93.0081,0,0.25,3.2585,1.735,73.87741097,-5.904859533,1254213,3998733,2838,66976,681,16901.2093,16732.02066,-1271.962073,-1284.795302,12.8332292,26.33333333,39657
2020/11/10,15280.16349,11553.86,3545.53,24.8,1878.7,92.72,0,0.25,3.2619,1.76,74.07793433,-4.823936667,1323566,3993107,2086,1283300,1660,16565.09715,16468.04663,-1307.431158,-1289.322473,-18.10868438,26.1,35104
2020/11/9,15326.15685,11713.78,3550.5,25.75,1867.3,92.8361,0,0.25,3.2573,1.73,74.2784577,-3.7430138,1697197,3992848,594,1045259,50160,16317.08514,16260.43031,-1316.65184,-1294.788347,-21.86349354,25.86666667,35977
2020/11/8,15499.08129,11774.26333,3536.813333,25.45333333,1891.8,92.6656,0,0.25,3.2453,1.703333333,74.47898107,-2.662090933,1322553,3993141,2526,1484562,12856,16084.20935,16122.00321,-1295.0769,-1294.846057,-0.230842737,25.63333333,30699
2020/11/7,14821.98325,11834.74667,3523.126667,25.15666667,1916.3,92.4951,0,0.25,3.2333,1.676666667,74.67950443,-1.581168067,1481458,3993523,1489,6532993,38446,15798.03175,15885.63595,-1317.428265,-1299.362499,-18.0657659,25.4,33705
2020/11/6,15547.05255,11895.23,3509.44,24.86,1940.8,92.3246,0,0.25,3.2213,1.65,74.8800278,-0.5002452,1141803,3993219,1028,77935517,114330,15680.22593,15824.07533,-1262.086304,-1291.90726,29.82095579,25.16666667,47823
2020/11/5,15558.52541,11890.93,3510.45,27.58,1938.45,92.5833,0,0.25,3.1978,1.66,75.08055117,0.580677667,1180993,3993346,2426,4784756,11526,15639.94389,15775.79353,-1203.429254,-1274.211659,70.78240446,24.93333333,60368
2020/11/4,14132.96094,11590.78,3443.44,29.57,1900.15,93.442,0,0.25,3.2156,1.64,75.28107453,1.661600533,1458617,3999419,2062,149950000,122848,15444.88118,15477.09669,-1257.478825,-1270.865092,13.38626669,24.7,47315
2020/11/3,13973.24888,11160.57,3369.16,35.55,1908.3,93.4093,0,0.25,3.2056,1.72,75.4815979,2.7425234,1463078,3993566,2322,433206,67574,15210.59235,15203.66982,-1298.235676,-1276.339209,-21.89646682,24.46666667,36459
2020/11/2,13576.96848,10957.61,3310.24,37.13,1889.9,94.0506,0,0.25,3.2149,1.71,75.68212127,3.823446267,1160464,3993436,2632,10001000114,258700,14940.36214,14907.90594,-1346.985084,-1290.468384,-56.51670009,24.23333333,32602
2020/11/1,13735.00686,10942.27,3296.813333,37.42666667,1887.216667,94.03956667,0,0.25,3.218033333,1.706666667,75.88264463,4.904369133,1206434,3993482,1634,48324,2260,14745.1148,14694.65156,-1357.221757,-1303.819059,-53.40269865,24,40439
2020/10/31,13795.52655,10926.93,3283.386667,37.72333333,1884.533333,94.02853333,0,0.25,3.221166667,1.703333333,76.083168,5.985292,1232764,3998710,2364,152612,12042,14596.65111,14531.17429,-1344.947247,-1312.044696,-32.90255046,23.70967742,49308
2020/10/30,13568.83725,10911.59,3269.96,38.02,1881.85,94.0175,0,0.25,3.2243,1.7,76.22169097,5.516483871,1384474,3993295,2445,46093674,139720,14420.91915,14356.20392,-1338.086908,-1317.253138,-20.83376916,23.41935484,32806
2020/10/29,13443.53152,11185.59,3310.11,37.59,1870.3,93.9325,0,0.25,3.2067,1.71,76.36021394,5.047675742,1292007,3992913,2534,349734898,695610,14215.36417,14190.26348,-1327.459043,-1319.294319,-8.16472377,23.12903226,36808
2020/10/28,13275.48126,11004.87,3271.03,40.28,1869.95,93.4498,0,0.25,3.1944,1.7,76.4987369,4.578867613,1387870,3992866,2911,4745280,51758,14060.71397,14023.93944,-1317.410349,-1318.917525,1.507176232,22.83870968,36385
2020/10/27,13651.54051,11431.35,3390.68,33.35,1905.7,93.0389,0,0.25,3.2119,1.71,76.63725987,4.110059484,1519288,3993388,1806,1945111,115370,13871.16277,13956.23054,-1264.525189,-1308.039058,43.51386922,22.5483871,44889
2020/10/26,13065.53603,11358.94,3400.97,32.46,1898.45,93.0667,0,0.25,3.2239,1.72,76.77578284,3.641251355,1240301,3993113,3006,29567280,18980,13621.86383,13794.28609,-1255.427199,-1297.516686,42.08948716,22.25806452,36554
2020/10/25,13020.81172,11422.05333,3422.443333,30.82333333,1900.183333,92.9567,0,0.25,3.218066667,1.73,76.91430581,3.172443226,1202503,3993541,2203,21364353,1808,13510.64891,13653.65438,-1237.560033,-1285.525356,47.96532259,21.96774194,28445
2020/10/24,13117.17473,11485.16667,3443.916667,29.18666667,1901.916667,92.8467,0,0.25,3.212233333,1.74,77.05282877,2.703635097,1433493,3993135,2775,5930154539,22477,13425.04149,13556.11263,-1201.771215,-1268.774528,67.00331239,21.67741935,32175
2020/10/23,12929.02218,11548.28,3465.39,27.55,1903.65,92.7367,0,0.25,3.2064,1.75,77.19135174,2.234826968,1219456,3993169,2159,473311,45405,13360.24686,13442.09618,-1175.045465,-1250.028715,74.98325022,21.38709677,35777
2020/10/22,12958.53719,11506.01,3453.49,28.11,1900.95,92.9446,0,0.25,3.2007,1.76,77.32987471,1.766018839,1295332,3992842,2321,232479338,101336,13282.59989,13354.17637,-1138.361181,-1227.695208,89.33402694,21.09677419,43790
2020/10/21,12808.79595,11484.69,3435.56,28.65,1924.15,92.6577,0,0.25,3.2311,1.74,77.46839768,1.29721071,1386774,3993162,2545,50793975,21801,13183.92683,13255.01629,-1108.592327,-1203.874632,95.28230521,20.80645161,64870
2020/10/20,11910.24211,11516.49,3443.12,29.35,1898.4,93.1005,0,0.25,3.2403,1.72,77.60692065,0.828402581,1289428,3998542,2711,193458076,14333,13018.06732,13010.51189,-1144.315128,-1191.962731,47.64760325,20.51612903,37581
2020/10/19,11748.37678,11478.88,3426.92,29.18,1905.6,93.4231,0,0.25,3.2469,1.71,77.74544361,0.359594452,1144851,3992814,2954,1278499,8499,12848.55185,12781.03278,-1172.174783,-1188.005142,15.83035828,20.22580645,31375
2020/10/18,11490.01581,11543.10667,3445.883333,28.59,1905.416667,93.51753333,0,0.25,3.252333333,1.71,77.88396658,-0.109213677,1164622,3993301,2478,1825813,1356,12670.0053,12546.30242,-1201.254023,-1190.654918,-10.59910543,19.93548387,26901
2020/10/17,11368.48474,11607.33333,3464.846667,28,1905.233333,93.61196667,0,0.25,3.257766667,1.71,78.02248955,-0.578021806,731151,2183964,1376,16076,204,12441.69972,12332.15375,-1220.042185,-1196.532371,-23.50981399,19.64516129,29771
2020/10/16,11312.66278,11671.56,3483.81,27.41,1905.05,93.7064,0,0.25,3.2632,1.71,78.16101252,-1.046829935,1627893,3993363,420,1184000,44660,12266.4124,12146.79176,-1225.311675,-1202.288232,-23.02344255,19.35483871,36596
2020/10/15,11492.6159,11713.87,3483.34,26.97,1891.9,93.7954,0,0.25,3.2418,1.69,78.29953548,-1.515638065,1362522,3998331,2182,2135529,498,12113.59282,12027.85069,-1201.121291,-1202.054844,0.933552586,19.06451613,63222
2020/10/14,11426.36748,11768.73,3488.67,26.4,1910.05,93.42,0,0.25,3.2407,1.69,78.43805845,-1.984446194,1202251,3993025,2179,2980440,2497,11944.51209,11918.49011,-1173.765494,-1196.396974,22.63147981,18.77419355,87570
2020/10/13,11423.48002,11863.9,3511.93,26.07,1891.3,93.5336,0,0.25,3.2135,1.7,78.57658142,-2.453254323,1326627,3999660,1496,2808871,14640,11793.95788,11828.48827,-1139.186983,-1184.954976,45.76799255,18.48387097,33789
2020/10/12,11544.13764,11876.26,3534.22,25.07,1925.5,93.0443,0,0.25,3.2161,1.7075,78.71510439,-2.922062452,1662772,3999643,1317,409855,1831,11652.51792,11776.78816,-1089.48826,-1165.861633,76.37337247,18.19354839,32811
2020/10/11,11376.43511,11777.48667,3515.19,25.04666667,1924.75,93.03316667,0,0.25,3.213,1.715,78.85362735,-3.390870581,936121,2496109,1286,18072150,27033,11509.28184,11703.9967,-1051.512673,-1142.991841,91.47916757,17.90322581,33070
2020/10/10,11294.99419,11678.71333,3496.16,25.02333333,1924,93.02203333,0,0.25,3.2099,1.7225,78.99215032,-3.85967871,1125971,3993380,1505,508500,38970,11447.75705,11629.6326,-1016.273382,-1117.648149,101.3747673,17.61290323,37385
2020/10/9,11066.19087,11579.94,3477.13,25,1923.25,93.0109,0,0.25,3.2106,1.73,79.13067329,-4.328486839,1338782,3993590,2563,9364226,1688,11379.53845,11527.18865,-995.3349037,-1093.1855,97.85059624,17.32258065,41653
2020/10/8,10898.55184,11420.98,3446.83,26.36,1887.45,93.6012,0,0.25,3.203977778,1.72,79.26919626,-4.797294968,1293540,3999354,2372,35909807,52530,11320.39206,11412.89105,-980.9601794,-1070.740436,89.78025639,17.03225806,42037
2020/10/7,10665.25226,11364.6,3419.45,28.06,1884.5,93.6403,0,0.25,3.197355556,1.71,79.40771923,-5.266103097,1321337,3993011,2860,1500000,18311,11250.06881,11276.95672,-977.1296904,-1052.018287,74.88859633,16.74193548,34215
2020/10/6,10604.44685,11154.6,3360.95,29.48,1913.4,93.8352,0,0.25,3.190733333,1.66,79.54624219,-5.734911226,1246700,3999239,2924,71316743,48538,11179.24722,11154.6822,-967.8437879,-1035.183387,67.33959902,16.4516129,30843
2020/10/5,10784.67082,11332.49,3408.63,27.96,1909.6,93.4594,0,0.25,3.184111111,1.68,79.68476516,-6.203719355,1162429,3993367,2482,27086962,14238,11108.45271,11087.40741,-935.1621085,-1015.179131,80.01702278,16.16129032,29324
2020/10/4,10665.69855,11246.66667,3388.566667,27.85,1907.416667,93.57536667,0,0.25,3.177488889,1.666666667,79.82328813,-6.672527484,1400948,3933176,2610,688935,208,11032.38582,11010.73307,-908.3903515,-993.8213753,85.43102386,15.87096774,31026
2020/10/3,10541.32189,11160.84333,3368.503333,27.74,1905.233333,93.69133333,0,0.25,3.170866667,1.653333333,79.9618111,-7.141335613,2070227,3993425,464,363498,19647,10944.17,10925.38558,-886.9850862,-972.4541175,85.46903131,15.58064516,29374
2020/10/2,10566.49438,11075.02,3348.44,27.63,1903.05,93.8073,0,0.25,3.164244444,1.64,80.10033406,-7.610143742,1215806,3998507,2687,458000,15087,10846.40568,10860.13264,-858.0984252,-949.582979,91.48455386,15.29032258,32092
2020/10/1,10614.30333,11326.51,3380.8,26.7,1902,93.7081,0,0.25,3.157622222,1.63,80.23885703,-8.078951871,1201636,3993355,2446,1536313961,47100,10770.1925,10815.4364,-821.873707,-924.0411246,102.1674176,15,35755
2020/9/30,10766.81409,11167.51,3363,26.37,1886.9,93.848,0,0.25,3.151,1.63,80.37738,-8.54776,1176404,3998465,2783,56421487,21051,10717.37449,10806.59598,-771.9603349,-893.6249667,121.6646318,14.93333333,33290
2020/9/29,10839.96268,11085.25,3335.47,26.27,1883.95,93.8597,0,0.25,3.1397,1.64,79.88033563,-8.3053409,1373562,3993024,2174,288311012,35150,10694.75167,10812.66265,-718.2219326,-858.5443599,140.3224272,14.86666667,32020
2020/9/28,10702.47283,11117.53,3351.6,26.19,1864.3,94.2656,0,0.25,3.1576,1.61,79.38329127,-8.0629218,1325572,3993211,2692,75551018,163645,10675.14377,10792.62814,-678.9021818,-822.6159242,143.7137425,14.8,34219
2020/9/27,10766.52245,11049.54,3333.886667,26.25333333,1862.766667,94.37276667,0,0.25,3.1569,1.6,78.8862469,-7.8205027,1333677,3999288,2711,20286584,7718,10685.27079,10787.88165,-635.2499608,-785.1427316,149.8927708,14.73333333,37113
2020/9/26,10739.74258,10981.55,3316.173333,26.31666667,1861.233333,94.47993333,0,0.25,3.1314,1.59,78.38920253,-7.5780836,396522,1107456,748,5000000,12635,10698.80036,10779.12909,-595.9464729,-747.3034798,151.3570069,14.66666667,25955
2020/9/25,10683.39523,10913.56,3298.46,26.38,1859.7,94.5871,0,0.25,3.1059,1.58,77.89215817,-7.3356645,1728800,3993287,794,1868431,6249,10688.6728,10761.72293,-562.8566744,-710.4141187,147.5574443,14.6,38495
2020/9/24,10731.5324,10672.27,3246.59,28.51,1861.75,94.3552,0,0.25,3.1044,1.58,77.3951138,-7.0932454,1393093,3998455,2554,96530836,21628,10695.25619,10756.23375,-526.6772954,-673.6667541,146.9894587,14.53333333,37643
2020/9/23,10231.05131,10632.99,3236.92,28.58,1873.4,94.3688,0,0.25,3.1088,1.6,76.89806943,-6.8508263,1271803,3999577,2087,21828400,2260,10664.22913,10660.74603,-532.254025,-645.3842083,113.1301832,14.46666667,47367
2020/9/22,10531.35154,10963.64,3315.57,26.86,1906,93.9739,0,0.25,3.1245,1.62,76.40102507,-6.6084072,1448865,3998364,2713,20134261,71993,10660.71484,10637.21976,-506.6021108,-617.6277888,111.025678,14.4,38132
2020/9/21,10427.87773,10778.8,3281.06,27.78,1909.35,93.5296,0,0.25,3.1345,1.62,75.9039807,-6.3659881,1466357,3993095,2028,73928341,9476,10642.07228,10599.15757,-488.9855348,-591.899338,102.9138032,14.33333333,32418
2020/9/20,10914.68741,10783.62667,3293.863333,27.13,1923.183333,93.35576667,0,0.25,3.136766667,1.636666667,75.40693633,-6.123569,588823,1748536,1014,896863,579,10656.85962,10656.52663,-430.7770688,-559.6748841,128.8978153,14.26666667,26571
2020/9/19,11076.85089,10788.45333,3306.666667,26.48,1937.016667,93.18193333,0,0.25,3.139033333,1.653333333,74.90989197,-5.8811499,1312319,3878507,2280,2137520,15520,10680.54844,10732.94923,-367.3268868,-521.2052847,153.8783979,14.2,29151
2020/9/18,10916.97092,10793.28,3319.47,25.83,1950.85,93.0081,0,0.25,3.1413,1.67,74.4128476,-5.6387308,1294747,3999637,1820,7195125,4411,10701.99825,10766.40772,-326.1831021,-482.2008482,156.017746,14.13333333,31357
2020/9/17,10934.41967,10910.28,3357.01,26.46,1936.25,92.9098,0,0.25,3.1533,1.66,73.91580323,-5.3963117,1524270,3999339,1163,2473079,669,10718.78797,10796.95534,-288.8388337,-443.5284453,154.6896115,14.06666667,33417
2020/9/16,10946.92123,11050.47,3385.49,26.04,1961.8,93.1108,0,0.25,3.1196,1.68,73.41875887,-5.1538926,1376723,3999587,2151,389203,12738,10739.50583,10824.22187,-255.2916177,-405.8810798,150.589462,14,35407
2020/9/15,10782.9998,11190.32,3401.2,25.59,1949.35,93.0933,0,0.25,3.1554,1.67,72.9217145,-4.9114735,1186609,3993544,1128,1804982,5312,10749.46629,10816.72695,-239.1752336,-372.5399105,133.3646769,13.93333333,34641
2020/9/14,10665.11372,11056.65,3383.54,25.85,1958.7,93.0748,0,0.25,3.1846,1.65,72.42467013,-4.6690544,1313669,3332357,622,17668390,15750,10742.82442,10789.16091,-233.226811,-344.6772906,111.4504796,13.86666667,29947
2020/9/13,10315.66641,10988.94667,3369.35,26.19,1954.933333,93.13356667,0,0.25,3.158466667,1.65,71.92762577,-4.4266353,1499741,3993068,2301,545383,9663,10751.28593,10703.071,-253.7846492,-326.4987623,72.71411312,13.8,27955
2020/9/12,10438.37739,10921.24333,3355.16,26.53,1951.166667,93.19233333,0,0.25,3.132333333,1.65,71.4305814,-4.1842162,783420,2343117,1641,1387724,681,10741.98852,10654.94489,-257.2101748,-312.6410448,55.43087003,13.73333333,27451
2020/9/11,10374.77815,10853.54,3340.97,26.87,1947.4,93.2511,0,0.25,3.1062,1.65,70.93353703,-3.9417971,1234273,3999244,2427,1112468,2250,10736.67856,10604.00548,-262.0362647,-302.5200888,40.48382411,13.66666667,30008
2020/9/10,10334.63865,10919.59,3339.19,29.71,1966.25,93.3956,0,0.25,3.1005,1.69,70.43649267,-3.699378,1238412,3992763,2696,18977220,956,10678.67368,10555.02969,-266.0332324,-295.2227175,29.18948512,13.6,29885
2020/9/9,10214.15437,11141.56,3398.96,28.81,1947.2,93.2478,0,0.25,3.1238,1.71,69.9394483,-3.4569589,1295663,3998741,2766,6089988,27762,10592.40403,10493.05236,-275.7443236,-291.3270387,15.5827151,13.53333333,30051
2020/9/8,10112.20637,10847.69,3331.84,31.46,1910.95,93.5006,0,0.25,3.1585,1.68,69.44240393,-3.2145398,1328601,3999483,2570,9189089,4321,10511.92758,10423.80764,-288.342947,-290.7302204,2.387273392,13.46666667,28540
2020/9/7,10356.44438,10964.05,3355.62,31.2825,1928.45,93.0623,0,0.25,3.1629,1.685,68.94535957,-2.9721207,1155030,3751056,1985,169077,253,10454.13005,10411.55977,-275.4443298,-287.6730423,12.22871249,13.4,30832
2020/9/6,10257.22974,11080.41,3379.4,31.105,1927.733333,92.9818,0,0.25,3.148933333,1.69,68.4483152,-2.7297016,1506645,3999654,1678,2422098,675,10385.1609,10383.49977,-270.114167,-284.1612672,14.04710021,13.33333333,23088
2020/9/5,10129.78665,11196.77,3403.18,30.9275,1927.016667,92.9013,0,0.25,3.134966667,1.695,67.95127083,-2.4872825,1371297,3993135,2786,743816,43974,10319.83958,10337.37011,-273.0262898,-281.9342717,8.907981964,13.26666667,28115
2020/9/4,10473.51945,11313.13,3426.96,30.75,1926.3,92.8208,0,0.25,3.121,1.7,67.45422647,-2.2448634,1336771,3998110,2360,1780416,30416,10300.68016,10362.12453,-244.7761764,-274.5026527,29.72647628,13.2,34973
2020/9/3,10215.66996,11458.1,3455.06,33.6,1940.45,92.7687,0,0.25,3.1373,1.65,66.9571821,-2.0024443,1273072,3992914,2287,2778168,14916,10290.68051,10335.49643,-240.4226146,-267.6866451,27.26403041,13.13333333,37151
2020/9/2,11399.14897,12056.44,3580.84,26.57,1947.05,92.6407,0,0.25,3.083,1.73,66.46013773,-1.7600252,1221829,3993130,2400,68501568,12500,10386.75767,10528.8878,-139.8632636,-242.1219688,102.2587052,13.06666667,32608
2020/9/1,11921.75492,11939.67,3526.65,26.12,1972.35,92.3205,0,0.25,3.048,1.76,65.96309337,-1.5176061,1317135,3993210,2733,7298792,4618,10541.45535,10782.13637,-17.79420038,-197.2564151,179.4622147,13,35393
2020/8/31,11655.9987,11775.46,3500.31,26.41,1968.6,92.1711,0,0.25,3.0818,1.8,65.466049,-1.275187,1314641,3998708,2413,3514860,19295,10673.59135,10941.02043,56.84681109,-146.4357699,203.2825809,13.06451613,29068
2020/8/30,11697.79437,11748.85,3502.876667,25.26,1964.85,92.2085,0,0.25,3.080833333,1.79,65.49854039,-1.028753613,1682912,3993290,830,2607190,681,10821.95535,11078.61569,118.0125366,-93.54610855,211.5586452,13.12903226,27893
2020/8/29,11485.10157,11722.24,3505.443333,24.11,1961.1,92.2459,0,0.25,3.079866667,1.78,65.53103177,-0.782320226,1566760,3999562,1377,171544,236,10959.24487,11152.52221,147.6225822,-45.31237041,192.9349526,13.19354839,26986
2020/8/28,11496.83022,11695.63,3508.01,22.96,1957.35,92.2833,0,0.25,3.0789,1.77,65.56352316,-0.535886839,1633558,3998497,814,949232,12782,11073.28346,11215.12367,170.074646,-2.234967131,172.3096131,13.25806452,34517
2020/8/27,11311.2402,11625.34,3484.55,24.47,1923.85,93.0114,0,0.25,3.0722,1.73,65.59601455,-0.289453452,1435512,3998658,2672,2337639,20659,11178.6845,11232.5994,170.9222198,32.39647025,138.5257495,13.32258065,32432
2020/8/26,11463.56797,11665.06,3478.73,23.27,1932.95,92.8985,0,0.25,3.035,1.72,65.62850594,-0.043020065,1500733,3993094,1911,310713,44712,11312.06263,11274.59369,181.7899448,62.27516515,119.5147796,13.38709677,31857
2020/8/25,11361.55482,11466.47,3443.62,22.03,1911.15,93.0093,0,0.25,3.0377,1.7,65.66099732,0.203413323,1231714,3993388,2282,8100000,16950,11400.86617,11290.4048,180.0950627,85.83914466,94.25591803,13.4516129,36405
2020/8/24,11763.76171,11379.72,3431.28,22.37,1943.95,93.3056,0,0.25,3.0128,1.67,65.69348871,0.44984671,1476703,3993154,2807,188817,2977,11555.67535,11376.46969,208.7996784,110.4312514,98.36842696,13.51612903,32820
2020/8/23,11653.40729,11357.08,3419.906667,22.42666667,1937.416667,93.27246667,0,0.25,3.013,1.66,65.7259801,0.696280097,1266206,3992888,1897,951965,12013,11581.10118,11426.82198,220.1063645,132.366274,87.74009049,13.58064516,28557
2020/8/22,11681.15793,11334.44,3408.533333,22.48333333,1930.883333,93.23933333,0,0.25,3.0132,1.65,65.75847148,0.942713484,1614487,3999460,499,9454637,678,11557.04148,11473.06488,228.6702709,151.6270734,77.04319752,13.64516129,27846
2020/8/21,11530.91923,11311.8,3397.16,22.54,1924.35,93.2062,0,0.25,3.0134,1.64,65.79096287,1.189146871,1213828,3993502,609,56769994,30674,11544.53353,11483.58386,220.7891016,165.459479,55.32962259,13.70967742,34177
2020/8/20,11866.59519,11264.95,3385.51,22.72,1927.15,92.7612,0,0.25,3.0127,1.62,65.82345426,1.435580258,1246316,3992591,2514,862504,202,11561.41361,11553.22228,238.8758507,180.1427534,58.73309732,13.77419355,33256
2020/8/19,11732.40557,11146.46,3374.85,22.54,1981,93.0313,0,0.25,2.9975,1.67,65.85594565,1.682013645,1407907,3993325,3015,15657960,153252,11586.14401,11585.80106,239.6195636,192.0381154,47.58144817,13.83870968,36164
2020/8/18,11961.9946,11210.84,3389.78,21.51,2008.75,92.3213,0,0.25,2.972,1.68,65.88843703,1.928447032,1150056,3999546,1906,242966,13380,11632.66045,11654.19989,255.7863318,204.7877587,50.99857309,13.90322581,38262
2020/8/17,12285.93663,11129.73,3381.99,21.35,1972.85,92.8361,0,0.25,2.9457,1.66,65.92092842,2.174880419,1259488,3992953,2678,5000000,22987,11730.13009,11769.06111,291.3791887,222.1060447,69.27314397,13.96774194,40655
2020/8/16,11892.68092,11092.92,3378.943333,21.58333333,1963.483333,92.9239,0,0.25,2.9546,1.656666667,65.95341981,2.421313806,1278768,3999480,3301,21807758,29136,11773.04139,11791.53744,284.5739437,234.5996245,49.97431918,14.03225806,29007
2020/8/15,11865.38305,11056.11,3375.896667,21.81666667,1954.116667,93.0117,0,0.25,2.9635,1.653333333,65.98591119,2.667747194,1716003,3999261,647,112600000,66800,11823.42421,11804.96392,273.8215832,242.4440162,31.37756701,14.09677419,39156
2020/8/14,11742.87637,11019.3,3372.85,22.05,1944.75,93.0995,0,0.25,2.9724,1.65,66.01840258,2.914180581,1045456,3992986,806,956361,675,11821.33568,11793.67527,252.5042827,244.4560695,8.048213175,14.16129032,38124
2020/8/13,11763.00914,11042.5,3373.43,22.13,1944.25,93.247,0,0.25,2.9864,1.67,66.05089397,3.160613968,1377169,3999526,2628,38774304,11525,11832.29586,11788.09961,234.5311852,242.4710927,-7.939907452,14.22580645,30485
2020/8/12,11576.81427,11012.24,3380.35,22.28,1931.9,93.4328,0,0.25,2.981,1.67,66.08338535,3.407047355,1520225,3993332,1392,207369717,89200,11821.8615,11749.68409,202.9238265,234.5616394,-31.63781294,14.29032258,35237
2020/8/11,11395.40582,10782.82,3333.69,24.03,1939.65,93.6583,0,0.25,2.9807,1.63,66.11587674,3.653480742,1160736,3993390,2647,851100,2034,11808.31016,11685.26986,161.3763748,219.9245865,-58.54821173,14.35483871,33567
2020/8/10,11867.86649,10968.36,3360.47,22.13,2044.5,93.6157,0,0.25,3.0014,1.61,66.14836813,3.899914129,1285755,3993378,2336,10347650,170520,11808.43729,11718.46925,164.6750757,208.8746843,-44.19960861,14.41935484,35606
2020/8/9,11648.08317,10982.56667,3357.406667,22.15666667,2040.05,93.54823333,0,0.25,3.000966667,1.61,66.18085952,4.146347516,1279279,3993565,2788,8338790,506,11800.00505,11705.67178,147.8503165,196.6698108,-48.81949429,14.48387097,25986
2020/8/8,11728.58523,10996.77333,3354.343333,22.18333333,2035.6,93.48076667,0,0.25,3.000533333,1.61,66.2133509,4.392780903,1654921,3993370,818,1330270,6112,11776.66411,11709.83786,139.4054379,185.2169362,-45.8114983,14.5483871,29019
2020/8/7,11583.15927,11010.98,3351.28,22.21,2031.15,93.4133,0,0.25,3.0001,1.61,66.24584229,4.63921429,1363450,3998359,1838,843228,22281,11706.38637,11686.80539,119.5994828,172.0934455,-52.49396272,14.61290323,37514
2020/8/6,11780.28537,11108.07,3349.16,22.65,2067.15,92.7899,0,0.25,2.9842,1.63,66.27833368,4.885647677,1343128,3993454,2659,28129803,17570,11695.14682,11703.80175,118.4441985,161.3635961,-42.9193976,14.67741935,38775
2020/8/5,11732.92795,10998.4,3327.77,22.99,2048.15,92.839,0,0.25,2.9427,1.61,66.31082506,5.132081065,1262380,3993421,2468,171500671,43860,11681.90131,11709.09742,112.4114699,151.5731709,-39.16170095,14.74193548,38033
2020/8/4,11194.55461,10941.17,3306.51,23.76,1977.9,93.2411,0,0.25,2.9736,1.57,66.34331645,5.378514452,1266072,3998748,1504,652340,2880,11627.06913,11615.54418,63.45676976,133.9498907,-70.4931209,14.80645161,29318
2020/8/3,11246.25548,10902.8,3294.61,24.28,1958.55,93.5238,0,0.25,2.9884,1.58,66.37580784,5.624947839,1691165,3993056,477,1009186,74062,11575.39377,11548.40078,28.50307955,112.8605284,-84.35744889,14.87096774,29874
2020/8/2,11073.60766,10850.29,3286.78,24.34,1960.666667,93.51056667,0,0.25,2.984533333,1.57,66.40829923,5.871381226,1084783,3993394,964,1477494,681,11525.07311,11462.07476,-12.97958737,87.69250527,-100.6720926,14.93548387,33109
2020/8/1,11800.38987,10797.78,3278.95,24.4,1962.783333,93.49733333,0,0.25,2.980666667,1.56,66.44079061,6.117814613,1426145,3993266,1320,284172,2230,11565.57151,11523.5866,12.64459163,72.68292254,-60.03833092,15,39913
2020/7/31,11334.58547,10745.27,3271.12,24.46,1964.9,93.4841,0,0.25,2.9768,1.55,66.473282,6.364248,1153317,3998688,1963,136043,2712,11512.24341,11489.22276,-4.581768325,57.22998437,-61.8117527,14.96774194,30055
2020/7/30,11109.23106,10587.81,3246.22,24.76,1957.65,92.9366,0,0.25,2.9597,1.52,66.62665545,5.232856806,1282766,3993440,3051,1439038,26105,11458.3582,11420.13336,-36.00298027,38.58339144,-74.58637171,14.93548387,32625
2020/7/29,11073.29788,10542.94,3258.44,24.1,1950.9,93.2803,0,0.25,2.937,1.53,66.7800289,4.101465613,1219217,3999473,2827,133518222,30784,11392.82946,11357.07236,-63.07691305,18.25133054,-81.32824359,14.90322581,33785
2020/7/28,10895.73396,10402.09,3218.44,25.44,1940.9,93.7655,0,0.25,2.9197,1.51,66.93340235,2.970074419,1397750,3993173,2979,2138696,44049,11324.08693,11273.19265,-97.73450171,-4.945835907,-92.7886658,14.87096774,45495
2020/7/27,10996.5366,10536.27,3239.41,24.74,1936.65,93.6508,0,0.25,2.8962,1.52,67.08677581,1.838683226,1201177,3993070,1800,60366915,25086,11245.71205,11222.89155,-115.7328634,-27.10324141,-88.629622,14.83870968,51139
2020/7/26,9917.359474,10478.57333,3231.483333,25.10666667,1925.133333,93.88286667,0,0.25,2.901366667,1.516666667,67.24014926,0.707292032,1171044,3993633,843,117370,13160,11064.15521,10985.52208,-214.6034547,-64.60328406,-150.0001706,14.80645161,30432
2020/7/25,9686.120716,10420.87667,3223.556667,25.47333333,1913.616667,94.11493333,0,0.25,2.906533333,1.513333333,67.39352271,-0.424099161,1321132,3993637,2383,51633,2977,10913.31182,10749.26729,-308.0669419,-113.2960156,-194.7709263,14.77419355,27808
2020/7/24,9545.046629,10363.18,3215.63,25.84,1902.1,94.347,0,0.25,2.9117,1.51,67.54689616,-1.555490355,1153007,3993404,1353,47281,199,10743.19093,10530.31808,-389.0363597,-168.4440844,-220.5922753,14.74193548,27407
2020/7/23,9592.963304,10461.42,3235.66,26.08,1878.3,94.7841,0,0.25,2.912,1.49,67.70026961,-2.686881548,1329756,3992988,2736,5000000,10358,10595.1265,10359.88994,-444.2180621,-223.59888,-220.6191822,14.70967742,27632
2020/7/22,9518.901022,10706.13,3276.02,24.32,1852.4,94.9758,0,0.25,2.9414,1.48,67.85364306,-3.818272742,1294871,3993353,2842,622999,60788,10366.97761,10206.98286,-488.2973779,-276.5385796,-211.7587983,14.67741935,25069
2020/7/21,9385.174346,10680.36,3257.3,24.84,1842.55,95.182,0,0.25,2.9169,1.48,68.00701652,-4.949663935,1178523,3993336,3184,19622579,21111,10172.0365,10057.56313,-527.9354669,-326.817957,-201.1175099,14.64516129,27374
2020/7/20,9164.069789,10767.09,3251.84,24.46,1815.65,95.7972,0,0.25,2.9772,1.46,68.16038997,-6.081055129,1314453,3993342,2987,14808901,22488,9977.520372,9895.109797,-570.6125615,-375.5768779,-195.0356836,14.61290323,24912
2020/7/19,9207.816996,10679.12333,3242.803333,24.86666667,1812.883333,95.86946667,0,0.25,2.9677,1.46,68.31376342,-7.212446323,1093374,3998673,1547,150060000,8911,9790.972284,9770.147469,-594.0565187,-419.2728061,-174.7837126,14.58064516,18893
2020/7/18,9170.802681,10591.15667,3233.766667,25.27333333,1810.116667,95.94173333,0,0.25,2.9582,1.46,68.46713687,-8.343837516,1265520,3999639,2477,28402067,5085,9618.479156,9661.17569,-608.6071254,-457.1396699,-151.4674555,14.5483871,21879
2020/7/17,9155.773355,10503.19,3224.73,25.68,1807.35,96.014,0,0.25,2.9487,1.46,68.62051032,-9.47522871,1199592,3993111,2895,532403,23436,9434.402831,9569.284356,-614.2704003,-488.565816,-125.7045843,14.51612903,24865
2020/7/16,9137.239203,10473.83,3215.57,28,1807.7,96.3048,0,0.25,2.9584,1.41,68.77388377,-10.6066199,1185721,3998416,3138,242420,13108,9356.390804,9490.730692,-613.1857144,-513.4897957,-99.69591872,14.48387097,56131
2020/7/15,9206.764838,10550.49,3226.56,27.76,1804.6,96.0418,0,0.25,3.0066,1.41,68.92725723,-11.7380111,1218046,3993094,3091,3239263,21204,9308.455216,9439.100537,-599.8018134,-530.7521992,-69.04961415,14.4516129,54174
2020/7/14,9254.204474,10488.58,3197.52,29.52,1801.9,96.2365,0,0.25,3.027,1.41,69.08063068,-12.86940229,1310250,3999546,2852,9923803,7077,9279.371001,9405.483071,-578.6961443,-540.3409882,-38.35515606,14.41935484,35940
2020/7/13,9247.107825,10390.84,3155.22,32.19,1807.5,96.5586,0,0.25,3.0589,1.42,69.23400413,-14.00079348,1492647,3999495,2423,16214481,6308,9244.785453,9376.687571,-556.1316503,-543.4991207,-12.63252964,14.38709677,25309
2020/7/12,9286.726085,10466.37333,3165.16,30.55666667,1806.033333,96.59636667,0,0.25,3.061033333,1.416666667,69.38737758,-15.13218468,1045102,3036337,2255,2160538,4902,9221.567959,9360.330938,-528.954802,-540.5902569,11.63545489,14.35483871,19664
2020/7/11,9231.3201,10541.90667,3175.1,28.92333333,1804.566667,96.63413333,0,0.25,3.063166667,1.413333333,69.54075103,-16.26357587,381215,1212947,966,41258245,5040,9206.182535,9336.874422,-506.0542753,-533.6830606,27.62878533,14.32258065,22288
2020/7/10,9278.447734,10617.44,3185.04,27.29,1803.1,96.6719,0,0.25,3.0653,1.41,69.69412448,-17.39496706,1527673,3993373,1236,186892,253,9217.620329,9326.251388,-478.5857974,-522.663608,44.07781052,14.29032258,24965
2020/7/9,9240.366176,10547.75,3152.05,29.26,1812.1,96.8028,0,0.25,3.0905,1.39,69.84749794,-18.52635826,1184225,3998438,1492,6625944,4118,9220.875247,9310.635895,-454.6487861,-509.0606436,54.41185746,14.25806452,24645
2020/7/8,9420.350155,10492.5,3169.94,28.08,1811.1,96.4959,0,0.25,3.0217,1.42,70.00087139,-19.65774945,1265180,3992972,1746,2652568,10258,9245.829995,9330.583942,-416.3558384,-490.5196826,74.16384418,14.22580645,22723
2020/7/7,9252.35518,10343.89,3145.32,29.43,1789.55,96.9713,0,0.25,3.0425,1.43,70.15424484,-20.78914065,1202415,3993408,2389,2957775,3164,9255.488177,9316.360531,-395.0107538,-471.4178968,76.40714301,14.19354839,22547
2020/7/6,9342.540316,10433.65,3179.72,27.94,1787.9,96.7759,0,0.25,2.9552,1.45,70.30761829,-21.92053184,1536162,3998697,1092,86326043,5246,9276.018288,9321.120492,-366.591594,-450.4526363,83.86104223,14.16129032,27694
2020/7/5,9072.772592,10377.145,3167.2925,27.875,1782.9,96.91213333,0,0.25,2.9319,1.44,70.46099174,-23.05192303,467408,1445189,1015,1424272,5445,9262.619064,9275.966328,-361.668121,-432.6957332,71.02761223,14.12903226,20039
2020/7/4,9127.518467,10320.64,3154.865,27.81,1777.9,97.04836667,0,0.25,2.9086,1.43,70.61436519,-24.18331423,1106892,3128934,2026,126490,225,9249.950463,9248.975808,-349.3219327,-416.0209731,66.69904038,14.09677419,24368
2020/7/3,9065.577985,10264.135,3142.4375,27.745,1772.9,97.1846,0,0.25,2.8853,1.42,70.76773865,-25.31470542,1544278,3993535,487,51151944,382,9231.797479,9215.630749,-340.6092375,-400.938626,60.32938844,14.06451613,25726
2020/7/2,9084.054479,10207.63,3130.01,27.68,1777.45,97.2151,0,0.25,2.858,1.41,70.9211121,-26.44609661,1699805,3992759,939,56313,282,9211.530318,9191.707791,-328.4275568,-386.4364121,58.00885537,14.03225806,26683
2020/7/1,9225.668161,10154.63,3115.86,28.62,1771.05,97.162,0,0.25,2.8415,1.37,71.07448555,-27.57748781,1373344,3993652,2744,26583161,500,9210.965125,9197.882404,-303.8439228,-369.9179143,66.0739915,14,26910
2020/6/30,9145.560607,10058.77,3100.29,30.43,1768.1,97.3841,0,0.25,2.9341,1.34,71.227859,-28.708879,1268157,3993255,2837,5817225,54530,9197.676412,9188.36935,-287.5109782,-353.4365271,65.92554883,13.96666667,28895
2020/6/29,9180.159026,9874.15,3053.24,31.78,1771.6,97.4605,0,0.25,2.9247,1.34,71.13717093,-31.5372397,1735838,3993287,596,192902821,5928,9191.655697,9186.876564,-268.6780455,-336.4848307,67.80678526,13.93333333,32380
2020/6/28,9118.117533,9835.173333,3038.51,32.76333333,1763.6,97.47333333,0,0.25,2.9276,1.333333333,71.04648287,-34.3656004,1281759,3993252,2692,4482354,2454,9161.432435,9174.374922,-255.8102196,-320.3499085,64.5396889,13.9,28965
2020/6/27,9014.224272,9796.196667,3023.78,33.74666667,1755.6,97.48616667,0,0.25,2.93585,1.326666667,70.9557948,-37.1939611,1269768,3758022,2292,105391357,669,9137.619344,9145.256622,-251.101155,-306.5001578,55.39900283,13.86666667,28444
2020/6/26,9165.503578,9757.22,3009.05,34.73,1747.6,97.499,0,0.25,2.9441,1.32,70.86510673,-40.0223218,676609,1987150,1320,205829,5920,9119.91567,9148.937887,-232.4823004,-291.6965863,59.21428593,13.83333333,30758
2020/6/25,9254.748296,10017,3083.76,32.22,1756.55,97.3943,0,0.25,2.95235,1.33,70.77441867,-42.8506825,1282390,3998677,2486,40713938,2034,9138.11324,9168.176143,-208.126271,-274.9825233,66.85625227,13.8,31154
2020/6/24,9289.303605,9909.17,3050.33,33.84,1766.05,97.2286,0,0.25,2.9606,1.33,70.6837306,-45.6790432,1415692,3993637,2518,24958594,1122,9154.291754,9190.199318,-183.9155536,-256.7691293,72.85357576,13.76666667,32446
2020/6/23,9614.943606,10131.37,3131.29,31.37,1768.9,96.6879,0,0.25,2.9834,1.38,70.59304253,-48.5074039,1353577,3993364,2497,110761344,678,9209.228316,9267.425552,-136.8741589,-232.7901352,95.91597636,13.73333333,34373
2020/6/22,9685.845287,10056.47,3117.86,31.77,1761.85,97.0517,0,0.25,2.9334,1.34,70.50235447,-51.3357646,1303098,3993360,2473,2000000,4484,9269.407397,9343.501867,-92.80257128,-204.7926224,111.9900512,13.7,33399
2020/6/21,9289.8938,10019.68667,3111.153333,32.88666667,1752.816667,97.26253333,0,0.25,2.931733333,1.326666667,70.4116664,-54.1641253,1267262,3966596,2863,1834313,4431,9275.829961,9333.754946,-88.80184411,-181.5944668,92.79262266,13.66666667,26333
2020/6/20,9348.977142,9982.903333,3104.446667,34.00333333,1743.783333,97.47336667,0,0.25,2.930066667,1.313333333,70.32097833,-56.992486,11919,35925,34,12233994,13551,9296.171615,9336.522618,-79.94218336,-161.2640101,81.32182673,13.63333333,26154
2020/6/19,9305.901805,9946.12,3097.74,35.12,1734.75,97.6842,0,0.25,2.9284,1.3,70.23029027,-59.8208467,1255567,3993085,2659,21129942,1149,9308.745892,9330.955198,-75.5260409,-144.1164163,68.59037536,13.6,29522
2020/6/18,9401.552893,9943.05,3115.34,32.94,1719.5,97.4554,0,0.25,2.9133,1.28,70.1396022,-62.6492074,1426857,3993642,2790,500000000,11172,9337.089428,9343.791142,-63.57511838,-128.0081567,64.4330383,13.56666667,23904
2020/6/17,9463.405493,9910.53,3113.49,33.47,1724.35,97.0671,0,0.25,2.9022,1.26,70.04891413,-65.4775681,1305072,3998751,3206,55315601,6004,9382.007551,9365.539206,-48.55324668,-112.1171747,63.563928,13.53333333,23559
2020/6/16,9520.484681,9895.87,3124.74,33.67,1719.85,97.003,0,0.25,2.8801,1.27,69.95822607,-68.3059288,1106685,3993258,3109,841851,22400,9417.505661,9393.71111,-31.67733509,-96.02920676,64.35187167,13.5,28992
2020/6/15,9421.65218,9726.02,3066.59,34.4,1710.45,96.662,0,0.25,2.7991,1.23,69.867538,-71.1342895,1142620,3993175,1426,500279470,157040,9434.196049,9398.791305,-25.97854592,-82.01907459,56.04052868,13.46666667,28560
2020/6/14,9352.845602,9680.283333,3058.163333,34.96333333,1718.133333,96.8084,0,0.25,2.7961,1.223333333,69.77684993,-73.9626502,502774,1550719,857,13016,654,9440.550249,9390.437541,-26.70647463,-70.9565546,44.25007997,13.43333333,24592
2020/6/13,9463.820529,9634.546667,3049.736667,35.52666667,1725.816667,96.9548,0,0.25,2.7931,1.216666667,69.68616187,-76.7910109,278873,884696,656,3138209,4834,9425.437941,9403.779902,-18.11974113,-60.3891919,42.26945078,13.4,30524
2020/6/12,9460.375485,9588.81,3041.31,36.09,1733.5,97.1012,0,0.25,2.7901,1.21,69.5954738,-79.6193716,1884476,3998573,727,168127,678,9402.890961,9414.070008,-11.46056892,-50.60346731,39.14289839,13.36666667,34530
2020/6/11,9314.37816,9492.73,3002.1,40.79,1738.25,96.762,0,0.25,2.8645,1.21,69.50478573,-82.4477323,1203089,3988967,2664,47243,211,9405.339397,9395.944218,-17.75917424,-44.03460869,26.27543446,13.33333333,34444
2020/6/10,9864.561413,10020.35,3190.14,27.57,1722.05,96.0923,0,0.25,2.8734,1.27,69.41409767,-85.276093,1450770,3998739,2501,3181490,5764,9456.897824,9481.147344,21.39766713,-30.94815353,52.34582066,13.3,35740
2020/6/9,9769.869088,9953.75,3207.18,27.57,1713.5,96.3851,0,0.25,2.86,1.26,69.3234096,-88.1044537,1455178,3993355,2941,504433,4433,9503.294552,9533.642207,44.27845233,-15.90283236,60.18128469,13.26666667,33586
2020/6/8,9773.301577,9924.75,3232.39,25.81,1690.35,96.6976,0,0.25,2.9056,1.28,69.23272153,-90.9328144,1456938,3993120,1652,163486044,16819,9540.469421,9577.216638,61.97421248,-0.32742339,62.30163587,13.23333333,30802
2020/6/7,9742.573822,9887.86,3219.57,25.38,1688.05,96.77696667,0,0.25,2.905733333,1.276666667,69.14203347,-93.7611751,1160973,3513873,2622,24251008,76400,9568.386254,9607.28158,72.68093628,14.27424854,58.40668773,13.2,26035
2020/6/6,9662.323105,9850.97,3206.75,24.95,1685.75,96.85633333,0,0.25,2.905866667,1.273333333,69.0513454,-96.5895358,821624,2484140,1926,73911987,2170,9582.570096,9617.28913,73.83935571,26.18726998,47.65208574,13.16666667,26066
2020/6/5,9641.917175,9814.08,3193.93,24.52,1683.45,96.9357,0,0.25,2.906,1.27,68.96065733,-99.4178965,914227,3101164,2002,5002900,681,9604.596596,9621.766956,72.27765167,35.40534632,36.87230536,13.13333333,31415
2020/6/4,9803.990306,9615.81,3112.35,25.81,1700.05,96.763,0,0.25,2.8439,1.22,68.86996927,-102.2462572,1381523,3993398,2311,686718,675,9649.711066,9654.898475,83.15932817,44.95614269,38.20318548,13.1,33808
2020/6/3,9652.629014,9682.91,3122.87,25.66,1705.35,97.3181,0,0.25,2.8972,1.21,68.7792812,-105.0746179,1306411,3993562,1489,984211403,1350,9668.591915,9654.485845,78.66276848,51.69746785,26.96530063,13.06666667,32772
2020/6/2,9538.727853,9608.38,3080.82,26.84,1742.15,97.6722,0,0.25,2.8145,1.18,68.68859313,-107.9029786,1352035,3993169,2827,43508907,17925,9676.427151,9633.438938,65.15724854,54.38942399,10.76782456,13.03333333,48257
2020/6/1,10177.77035,9552.05,3055.73,28.23,1730.6,97.8111,0,0.25,2.7741,1.18,68.59790507,-110.7313393,1456844,3885245,1544,13646,253,9762.76637,9732.408285,104.811217,64.4737826,40.33743444,13,34801
2020/5/31,9449.860914,9531.323333,3051.923333,27.99,1729.966667,97.96166667,0,0.25,2.757766667,1.17,68.507217,-113.5597,623112,1940676,1507,13695123,678,9721.29632,9681.036036,76.61786164,66.90259841,9.715263239,13.25806452,28806
2020/5/30,9693.552427,9510.596667,3048.116667,27.75,1729.333333,98.11223333,0,0.25,2.741433333,1.16,68.53406165,-112.5811601,537219,1606941,1025,2343380,2430,9713.664654,9683.311743,73.09569123,68.14121697,4.954474262,13.51612903,29372
2020/5/29,9418.13384,9489.87,3044.31,27.51,1728.7,98.2628,0,0.25,2.7251,1.15,68.56090629,-111.6026202,1341700,3993343,2895,2540830,5876,9678.147881,9635.097579,47.53244319,64.01946221,-16.48701903,13.77419355,34052
2020/5/28,9536.159369,9368.99,3029.73,28.59,1717.35,98.4743,0,0.25,2.7475,1.18,68.58775094,-110.6240803,1479629,3993182,801,16077061,44472,9657.506435,9617.108814,36.37771905,58.49111358,-22.11339453,14.03225806,38537
2020/5/27,9165.144674,9412.36,3036.13,27.62,1694.6,98.959,0,0.25,2.7584,1.14,68.61459558,-109.6455404,1563900,3993327,1905,14230038,11247,9607.788592,9534.933516,-2.372911937,46.31830848,-48.69122041,14.29032258,34046
2020/5/26,8850.3542,9340.22,2991.77,28.01,1720.25,98.9978,0,0.25,2.7403,1.13,68.64144023,-108.6670005,1650603,3993216,570,1308341,672,9528.632295,9410.464549,-57.81754198,25.49113839,-83.30868036,14.5483871,30190
2020/5/25,8897.213209,9336.3125,2982.69,28.0475,1723.575,99.791,0,0.25,2.6658,1.1275,68.66828487,-107.6884606,1356056,3992795,2117,48383845,40018,9437.954585,9317.146124,-96.86013697,1.020883315,-97.88102028,14.80645161,34450
2020/5/24,8791.793685,9332.405,2973.61,28.085,1726.9,99.78713333,0,0.25,2.670466667,1.125,68.69512952,-106.7099207,1198975,3993328,843,1812238,32598,9351.871052,9221.627498,-134.7547801,-26.13424937,-108.6205307,15.06451613,30235
2020/5/23,9180.527997,9328.4975,2964.53,28.1225,1730.225,99.78326667,0,0.25,2.675133333,1.1225,68.72197416,-105.7313808,1508455,3993025,1756,949132,900,9316.051067,9214.154862,-131.8985038,-47.28710026,-84.61140354,15.32258065,27771
2020/5/22,9160.70542,9324.59,2955.45,28.16,1733.55,99.7794,0,0.25,2.6798,1.12,68.74881881,-104.7528409,1431307,3998428,3004,2712924,33628,9214.344574,9204.436781,-129.7388518,-63.77745057,-65.96140124,15.58064516,46283
2020/5/21,9073.693079,9284.88,2948.51,29.53,1724.9,99.4148,0,0.25,2.7062,1.14,68.77566345,-103.774301,1301403,3993081,2379,4478531,36461,9176.72779,9180.665199,-133.5094667,-77.7238538,-55.78561294,15.83870968,36198
2020/5/20,9524.434064,9375.78,2971.61,27.99,1748.3,99.1809,0,0.25,2.7475,1.16,68.8025081,-102.7957611,1146273,3993120,3150,657178237,23730,9159.815954,9243.168629,-98.98563102,-81.97620925,-17.00942178,16.09677419,33468
2020/5/19,9761.178765,9185.1,2922.94,30.53,1737.95,99.5668,0,0.25,2.7566,1.15,68.82935274,-101.8172212,1206553,3993199,2832,287908,22600,9194.120446,9337.35229,-51.92338323,-75.96564404,24.04226081,16.35483871,31927
2020/5/18,9733.739137,9234.83,2953.91,29.3,1734.7,99.6347,0,0.25,2.7208,1.17,68.85619739,-100.8386813,1488432,3993351,2489,111839746,34528,9213.878423,9409.422626,-16.64844849,-64.10220493,47.45375644,16.61290323,38987
2020/5/17,9667.578397,9161.406667,2923.84,30.16333333,1734.916667,99.88226667,0,0.25,2.717566667,1.143333333,68.88304203,-99.86014135,1360912,3993238,3314,1226280,34731,9264.121795,9456.360039,5.900554716,-50.101653,56.00220772,16.87096774,33797
2020/5/16,9380.484219,9087.983333,2893.77,31.02666667,1735.133333,100.1298333,0,0.25,2.714333333,1.116666667,68.90988668,-98.88160145,1300077,3993072,2093,3130959,26016,9317.134797,9442.564435,0.597810213,-39.96176036,40.55957057,17.12903226,40293
2020/5/15,9293.972171,9014.56,2863.7,31.89,1735.35,100.3774,0,0.25,2.7111,1.09,68.93673132,-97.90306155,1139383,3993130,2538,960300,9534,9356.810693,9415.54766,-10.46482034,-34.06237236,23.59755202,17.38709677,38102
2020/5/14,9772.561576,8943.72,2852.5,32.61,1731.6,100.2835,0,0.25,2.7384,1.06,68.96357597,-96.92452165,1465888,3993292,1855,936820,26112,9454.887482,9480.459281,19.16520593,-23.4168567,42.58206263,17.64516129,48588
2020/5/13,9302.896541,8863.17,2820,35.28,1708.4,100.2228,0,0.25,2.6799,1.07,68.99042061,-95.94598174,1417571,3993233,2503,90900,26550,9467.124337,9448.175147,4.695050433,-17.79447527,22.4895257,17.90322581,46507
2020/5/12,8792.063768,9002.55,2870.12,33.04,1702.4,100.0071,0,0.25,2.6834,1.09,69.01726526,-94.96744184,1343467,3998596,2225,12198932,9776,9430.260172,9328.882169,-47.44566355,-23.72471293,-23.72095062,18.16129032,60453
2020/5/11,8593.856494,9192.34,2930.32,27.57,1702.75,100.2242,0,0.25,2.6679,1.13,69.0441099,-93.98890194,1195675,3998758,1947,49166721,16472,9382.276513,9195.241137,-103.5673654,-39.69324343,-63.87412201,18.41935484,82838
2020/5/10,8745.152545,9168.666667,2930.146667,27.70666667,1703.075,100.0674333,0,0.25,2.6578,1.126666667,69.07095455,-93.01036203,1329963,3993321,2926,3952036,17539,9304.348361,9113.406847,-134.2879043,-58.6121756,-75.67572867,18.67741935,41923
2020/5/9,9570.005988,9144.993333,2929.973333,27.84333333,1703.4,99.91066667,0,0.25,2.6477,1.123333333,69.09779919,-92.03182213,1119041,3998642,848,292068541,11882,9285.231084,9196.424873,-91.02608136,-65.09495675,-25.93112461,18.93548387,42273
2020/5/8,9822.885629,9121.32,2929.8,27.98,1703.725,99.7539,0,0.25,2.6298,1.12,69.12464384,-91.05328223,1448647,3993553,2363,6600284,53108,9294.145733,9310.326829,-35.9214216,-59.26024972,23.33882812,19.19354839,53749
2020/5/7,9968.105282,8979.66,2881.19,31.44,1704.05,99.8327,0,0.25,2.6062,1.08,69.15148848,-90.07474232,1271540,3993527,2610,2628000,8000,9324.198421,9429.922911,19.24557955,-43.55908387,62.80466342,19.4516129,59654
2020/5/6,9198.252701,8854.39,2848.42,34.12,1691.5,100.1789,0,0.25,2.5625,1.1,69.17833313,-89.09620242,1151043,3998715,1726,442046,10406,9305.97527,9387.801055,0.83552465,-34.68016216,35.51568681,19.70967742,55866
2020/5/5,8967.997704,8809.12,2868.44,33.61,1699.55,99.8401,0,0.25,2.569083333,1.1,69.20517777,-88.11766252,1024605,3993360,301,32047136,29596,9273.377823,9311.473173,-31.96574917,-34.13727956,2.17153039,19.96774194,50889
2020/5/4,8883.306781,8710.72,2842.74,35.97,1709.1,99.498,0,0.25,2.575666667,1.07,69.23202242,-87.13912261,1015712,3993113,671,359553,1110,9184.452343,9233.624738,-64.05644191,-40.12111203,-23.93532987,20.22580645,43373
2020/5/3,8894.362675,8675.463333,2838.73,36.37666667,1701.483333,99.34986667,0,0.25,2.58225,1.066666667,69.25886706,-86.16058271,825090,2538129,2277,1973,253,9143.598957,9171.940726,-87.58678294,-49.61424621,-37.97253672,20.48387097,43879
2020/5/2,8974.922892,8640.206667,2834.72,36.78333333,1693.866667,99.20173333,0,0.25,2.588833333,1.063333333,69.28571171,-85.18204281,1010858,3993428,1077,2154641,567,9161.884869,9136.119302,-98.59763928,-59.41092483,-39.18671445,20.74193548,42783
2020/5/1,8832.981251,8604.95,2830.71,37.19,1686.25,99.0536,0,0.25,2.595416667,1.06,69.31255635,-84.2035029,1181539,3993103,2006,835427,11904,9185.797345,9081.003293,-117.4237387,-71.01348759,-46.41025107,21,40443
2020/4/30,8607.329832,8889.55,2912.43,34.15,1702.75,99.0167,0,0.25,2.602,1.07,69.339401,-83.224963,1142805,3993075,2128,437707,10000,9172.015074,8994.880845,-148.8360524,-86.57800055,-62.25805182,20.83333333,50532
2020/4/29,8759.78919,8914.71,2939.51,31.23,1703.35,99.5183,0,0.25,2.5992,1.14,69.74608867,-83.5893379,1316288,3998642,3030,74029285,29285,9090.993394,8952.136908,-159.588702,-101.1801408,-58.40856119,20.66666667,48269
2020/4/28,7754.222426,8607.73,2863.39,33.57,1691.55,99.9769,0,0.25,2.6162,1.14,70.15277633,-83.9537128,1331926,3993565,2838,229569,5890,8884.127073,8734.334275,-246.4106201,-130.2262367,-116.1843834,20.5,41546
2020/4/27,7766.689761,8730.16,2878.48,33.29,1714.95,100.0465,0,0.25,2.6195,1.17,70.559464,-84.3180877,1367267,3993251,2987,3069567,5456,8663.985521,8558.398909,-310.6308469,-166.3071587,-144.3236882,20.33333333,39379
2020/4/26,7665.828318,8698.28,2864.566667,34.17,1715.266667,100.1121,0,0.25,2.583,1.15,70.96615167,-84.6824626,1298464,3993049,2822,196716137,10393,8510.743083,8396.113347,-365.4518138,-206.1360898,-159.3157241,20.16666667,33495
2020/4/25,7535.263897,8666.4,2850.653333,35.05,1715.583333,100.1777,0,0.25,2.5916,1.13,71.37283933,-85.0468375,1077468,3993351,769,370613,7854,8367.469702,8239.595265,-414.6534162,-247.839555,-166.8138612,20,33355
2020/4/24,7497.353393,8634.52,2836.74,35.93,1715.9,100.2433,0,0.25,2.6002,1.11,71.779527,-85.4112124,1239206,3992780,2636,26535,745,8228.874364,8104.642197,-451.5004849,-288.571741,-162.9287439,19.83333333,32567
2020/4/23,7464.891127,8494.75,2797.8,41.38,1736.25,100.5039,0,0.25,2.6577,1.05,72.18621467,-85.7755873,1281174,3992988,3123,1809748,4980,8085.927209,7988.323821,-477.8135487,-326.4201025,-151.3934461,19.66666667,35498
2020/4/22,7106.551177,8495.38,2799.31,41.98,1710.55,100.3417,0,0.25,2.6773,1.06,72.59290233,-86.1399622,1242706,3998611,2952,19531026,4746,7899.090037,7828.001522,-521.5695514,-365.4499923,-156.1195591,19.5,30981
2020/4/21,6851.005362,8263.23,2736.56,45.41,1682.05,100.2257,0,0.25,2.7051,0.96,72.99959,-86.5043371,383413,1084537,768,60196753,2859,7700.892448,7650.365857,-570.2929285,-406.4185795,-163.8743489,19.33333333,32492
2020/4/20,6856.785953,8560.73,2823.16,43.83,1686.2,99.9676,0,0.25,2.6741,0.94,73.40627767,-86.868712,433721,1226324,882,9294669,2022,7525.83806,7506.078601,-601.50632,-445.4361276,-156.0701924,19.16666667,34822
2020/4/19,7133.148679,8590.533333,2840.293333,41.93666667,1688.316667,99.8843,0,0.25,2.664466667,0.963333333,73.81296533,-87.2330869,286612,883636,741,790832230,4543,7363.174009,7438.273161,-597.0604541,-475.7609929,-121.2994612,19,25819
2020/4/18,7233.157423,8620.336667,2857.426667,40.04333333,1690.433333,99.801,0,0.25,2.654833333,0.986666667,74.219653,-87.5974618,1264544,3993524,3128,480069,3632,7311.067509,7400.97939,-578.7952126,-496.3678369,-82.42737574,18.83333333,25279
2020/4/17,7034.540358,8650.14,2874.56,38.15,1692.55,99.7177,0,0.25,2.6452,1.01,74.62634067,-87.9618367,1046038,3993313,1585,433013,2618,7237.852569,7334.354112,-573.7329777,-511.840865,-61.89211268,18.66666667,28790
2020/4/16,7088.799492,8532.36,2799.55,40.11,1729.5,100.072,0,0.25,2.6416,1.03,75.03302833,-88.3262116,1341131,3993404,3057,145554,5239,7180.149686,7289.707817,-558.9002078,-521.2527336,-37.64747418,18.5,30583
2020/4/15,6637.791816,8393.18,2783.36,40.84,1718.65,99.5956,0,0.25,2.6641,1.19,75.439716,-88.6905865,1191583,3628996,2020,183376,253,7090.402478,7171.177635,-576.8876789,-532.3797226,-44.50795622,18.33333333,28889
2020/4/14,6856.179094,8515.74,2846.06,37.76,1741.9,98.8832,0,0.25,2.6667,1.29,75.84640367,-89.0549614,1154579,3993470,2112,38000,18366,7026.285048,7113.905173,-566.985001,-539.3007783,-27.68422265,18.16666667,31671
2020/4/13,6837.42254,8192.43,2761.63,41.17,1729.65,99.4842,0,0.25,2.6792,1.26,76.25309133,-89.4193363,497821,1543933,1192,1585133,678,6963.538189,7063.635604,-554.2613744,-542.2928975,-11.96847689,18,26814
2020/4/12,6977.230636,8182.7175,2768.6775,41.295,1717.4,99.49543333,0,0.25,2.665733333,1.2525,76.659779,-89.7837112,1192498,3993325,3216,353791978,1764,6950.606135,7047.925609,-526.8235696,-539.1990319,12.37546233,17.83333333,23749
2020/4/11,6869.586552,8173.005,2775.725,41.42,1705.15,99.50666667,0,0.25,2.652266667,1.245,77.06646667,-90.1480861,59147,186113,130,1506400,456,6952.464254,7015.500326,-507.910019,-532.9412294,25.03121031,17.66666667,22432
2020/4/10,6859.833737,8163.2925,2782.7725,41.545,1692.9,99.5179,0,0.25,2.6388,1.2375,77.47315433,-90.512461,627341,1891949,1449,11789767,1130,6952.769033,6987.19731,-488.0815642,-523.9692963,35.88773215,17.5,28128
2020/4/9,7293.58436,8153.58,2789.82,41.67,1680.65,99.5416,0,0.25,2.5982,1.23,77.879842,-90.8768359,535415,1697813,1061,234700,210,6968.812601,7042.904046,-432.3830776,-505.6520526,73.26897499,17.33333333,29133
2020/4/8,7352.328771,8090.9,2749.98,43.35,1647.8,99.9657,0,0.25,2.6355,1.19,78.28652967,-91.2412108,1066471,3275131,2558,1559697,3780,6980.729736,7099.163087,-379.1310559,-480.3478532,101.2167974,17.16666667,30033
2020/4/7,7198.770192,7887.26,2659.41,46.7,1649.25,99.9657,0,0.25,2.6256,1.17,78.69321733,-91.6055857,649337,2029199,1674,39538219,1648,6997.152719,7117.27347,-345.3384918,-453.3459809,108.0074892,17,32171
2020/4/6,7279.161792,7913.24,2663.68,45.24,1648.3,100.7991,0,0.25,2.64835,1.14,79.099905,-91.9699606,1302374,3993545,2627,823693,1737,7016.188949,7146.70771,-308.5143497,-424.3796547,115.865305,16.83333333,32118
2020/4/5,6789.732165,7733.186667,2605.336667,45.76,1636.566667,100.7429,0,0.25,2.6711,1.12,79.50659267,-92.3343355,196864,659527,540,7225732,796,7031.382984,7081.803066,-315.1905123,-402.5418262,87.35131394,16.66666667,25533
2020/4/4,6847.730055,7553.133333,2546.993333,46.28,1624.833333,100.6867,0,0.25,2.69385,1.1,79.91328033,-92.6987104,1240409,3900074,2870,2389260,678,7030.53808,7039.244336,-312.202597,-384.4739804,72.27138336,16.5,28502
2020/4/3,6733.747735,7373.08,2488.65,46.8,1613.1,100.6305,0,0.25,2.7166,1.08,80.319968,-93.0630853,1316692,3998608,2910,150000,3990,7020.170599,6983.6995,-315.3963801,-370.6584603,55.26208018,16.33333333,33185
2020/4/2,6807.465142,7487.31,2526.9,50.91,1616.8,100.1006,0,0.25,2.6874,1.03,80.72665567,-93.4274602,1022588,3993014,293,641900,300,7003.19405,6951.656889,-308.4237803,-358.2115243,49.78774405,16.16666667,29947
2020/4/1,6598.287015,7360.58,2470.5,57.06,1576.55,98.9506,0,0.25,2.6729,0.91,81.13334333,-93.7918351,1589830,3993403,396,2323239,579,6976.064096,6887.407821,-316.1326904,-349.7957575,33.6630671,16,27700
2020/3/31,6431.262413,7700.1,2584.59,53.54,1608.95,98.9636,0,0.25,2.6124,0.87,81.540031,-94.15621,1235178,3993516,2844,431599,2220,6933.206964,6804.472292,-331.893683,-346.2153426,14.32165963,16.12903226,24944
2020/3/30,6424.078447,7774.15,2626.65,57.08,1618.3,99.0275,0,0.25,2.6346,0.95,81.35988674,-95.03172355,1327231,3993361,2301,25000002,7163,6846.256373,6735.309775,-341.0328547,-345.178845,4.145990335,16.25806452,24425
2020/3/29,5917.297073,7683.56,2598.256667,59.9,1617.966667,98.79123333,0,0.25,2.6286,0.946666667,81.17974248,-95.9072371,592441,1899817,922,135264,204,6702.753203,6586.580193,-384.7337643,-353.0898289,-31.64393542,16.38709677,22187
2020/3/28,6239.838832,7592.97,2569.863333,62.72,1617.633333,98.55496667,0,0.25,2.6226,0.943333333,80.99959823,-96.78275065,1314712,3993346,3017,14466,253,6606.860067,6523.536309,-388.8581114,-360.2434854,-28.61462602,16.51612903,20983
2020/3/27,6377.749564,7502.38,2541.47,65.54,1617.3,98.3187,0,0.25,2.6166,0.94,80.81945397,-97.65826419,1032537,3215547,2237,51657,253,6516.718844,6497.029628,-376.6565801,-363.5261043,-13.13047578,16.64516129,24128
2020/3/26,6736.291779,7797.54,2630.07,61,1634.8,99.413,0,0.25,2.6117,1.07,80.63930971,-98.53377774,1260679,3998635,2122,467970,23562,6511.374806,6540.531837,-334.202935,-357.6614705,23.4585355,16.77419355,24772
2020/3/25,6681.336594,7384.3,2475.56,63.95,1605.45,100.9413,0,0.25,2.6567,1.07,80.45916545,-99.40929129,1193899,3993508,2890,21119872,12033,6494.735459,6566.132702,-301.516841,-346.4325446,44.91570356,16.90322581,26878
2020/3/24,6736.044984,7417.86,2447.33,61.67,1605.75,101.7874,0,0.25,2.6292,0.97,80.27902119,-100.2848048,1145422,3610258,2773,1426676,573,6494.965184,6597.025844,-268.1077865,-330.767593,62.65980643,17.03225806,31076
2020/3/23,6467.459038,6860.67,2237.4,61.59,1525.4,102.4528,0,0.25,2.6685,0.8,80.09887694,-101.1603184,1233528,3998421,2763,1801320,1014,6460.964574,6573.468243,-260.3029015,-316.6746547,56.37175315,17.16129032,28657
2020/3/22,5843.158786,6866.953333,2259.906667,63.07333333,1515.066667,102.4309,0,0.25,2.685233333,0.783333333,79.91873268,-102.0358319,1336815,3993357,3186,51400737,13316,6385.451751,6440.684706,-301.0232778,-313.5443793,12.5211015,17.29032258,27844
2020/3/21,6149.798351,6873.236667,2282.413333,64.55666667,1504.733333,102.409,0,0.25,2.701966667,0.766666667,79.73858842,-102.9113455,75519,187497,150,16000000,4203,6357.305345,6387.796277,-305.034966,-311.8424966,6.807530675,17.41935484,25403
2020/3/20,6192.309975,6879.52,2304.92,66.04,1494.4,102.3871,0,0.25,2.7187,0.75,79.55844416,-103.786859,1127985,3992883,1974,67353392,98311,6334.128498,6352.253313,-301.3106039,-309.7361181,8.425514209,17.5483871,28150
2020/3/19,6160.004718,7150.58,2409.39,72,1474.25,102.6881,0,0.25,2.7231,0.5,79.3782999,-104.6623726,1383277,3993301,2923,69483081,17472,6358.399262,6317.299023,-297.5359748,-307.2960894,9.760114599,17.67741935,29033
2020/3/18,5365.581534,6989.84,2398.1,76.45,1498.2,100.8817,0,0.25,2.7218,0.63,79.19815565,-105.5378861,1429625,3993359,2795,92957439,20160,6270.973532,6144.25948,-354.5607106,-316.7490137,-37.81169696,17.80645161,26644
2020/3/17,5362.320407,7334.78,2529.19,75.91,1536.2,99.5935,0,0.25,2.6961,0.63,79.01801139,-106.4133997,1044656,3993143,649,1100181,17765,6169.430617,6002.088739,-395.4577792,-332.4907668,-62.96701241,17.93548387,26159
2020/3/16,5022.578106,6904.59,2386.13,82.69,1487.7,97.9874,0,0.25,2.6622,0.73,78.83786713,-107.2889132,1112480,3998699,1547,436432,10066,5998.059249,5823.995897,-450.0949506,-356.0116035,-94.08334704,18.06451613,27432
2020/3/15,5381.745247,7228.02,2494.426667,74.40333333,1512.733333,98.15453333,0,1.25,2.6657,0.786666667,78.65772287,-108.1644268,1311803,3993404,2729,50697404,3360,5868.100115,5743.586688,-459.1210542,-376.6334937,-82.48756056,18.19354839,22102
2020/3/14,5212.979298,7551.45,2602.723333,66.11666667,1537.766667,98.32166667,0,1.25,2.6692,0.843333333,78.47757861,-109.0399403,1453092,3998547,2373,17030503,12663,5715.793546,5647.112617,-474.4234499,-396.1914849,-78.23196494,18.32258065,22922
2020/3/13,5518.647281,7874.88,2711.02,57.83,1562.8,98.4888,0,1.25,2.6727,0.9,78.29743435,-109.9154539,1231429,3993214,3007,9611300,3500,5620.91237,5623.755283,-456.6222005,-408.277628,-48.34457246,18.4516129,43020
2020/3/12,4724.392684,7201.8,2480.64,75.47,1570.7,97.445,0,1.25,2.6143,0.92,78.1172901,-110.7909674,1263865,3993337,2312,187949073,34285,5509.03576,5460.234811,-500.831022,-426.7883068,-74.04271515,18.58064516,44735
2020/3/11,7931.347543,7952.05,2741.38,53.9,1653.75,96.5755,0,1.25,2.6319,0.96,77.93714584,-111.666481,1325699,3993530,3432,70401082,16081,5687.190679,5909.528035,-273.9346281,-396.2175711,122.2829429,18.70967742,23550
2020/3/10,7900.821326,8344.25,2882.23,47.3,1655.7,96.5565,0,1.25,2.5818,1,77.75700158,-112.5419945,1319962,3993322,3148,175597,1430,5858.041814,6271.58136,-95.48017588,-336.070092,240.5899162,18.83870968,24544
2020/3/9,7915.672115,7950.68,2746.56,54.46,1672.5,95.0586,0,1.25,2.5349,0.99,77.57685732,-113.4175081,1251463,3993241,2675,937738,8128,6033.608554,6570.506952,46.60733741,-259.5346061,306.1419436,18.96774194,31167
2020/3/8,8042.736084,8158.993333,2821.83,50.28666667,1676.216667,95.41,0,1.25,2.571633333,1.096666667,77.39671306,-114.2930216,1122036,3362703,2923,258555,4888,6301.324009,6838.184976,167.5344825,-174.1207884,341.6552709,19.09677419,19627
2020/3/7,8898.942078,8367.306667,2897.1,46.11333333,1679.933333,95.7614,0,1.25,2.608366667,1.203333333,77.21656881,-115.1685352,67427,205400,198,168555,678,6654.986176,7212.868086,328.6700803,-73.56261468,402.232695,19.22580645,19205
2020/3/6,9129.266628,8575.62,2972.37,41.94,1683.65,96.1128,0,1.25,2.6451,1.31,77.03642455,-116.0440487,41504,123197,102,582900,3969,7065.655028,7561.304184,469.5438594,35.05868013,434.4851792,19.35483871,22285
2020/3/5,9051.139212,8738.6,3023.94,39.62,1659.6,96.573,0,1.25,2.6946,1.4,76.85628029,-116.9195623,1355546,3993098,2469,1188192,232,7432.594425,7832.18328,568.3317402,141.7132921,426.618448,19.48387097,26232
2020/3/4,8749.500222,9018.09,3130.12,31.99,1641.85,97.3672,0,1.25,2.6955,1.46,76.67613603,-117.7950758,1222610,3790784,1516,93170,210,7786.246517,7998.968179,615.1905679,236.4087473,378.7818206,19.61290323,27221
2020/3/3,8772.476037,8684.09,3003.37,36.82,1615.5,97.1821,0,1.25,2.7668,1.45,76.49599177,-118.6705894,1674342,3993198,1157,30451328,111923,8111.629393,8139.605971,646.7254345,318.4720847,328.2533498,19.74193548,25782
2020/3/2,8900.06855,8952.17,3090.23,33.42,1599.65,97.5708,0,1.75,2.7242,1.41,76.31584752,-119.5461029,1350738,3993261,2073,1393801,2793,8529.19698,8277.871895,674.2404686,389.6257615,284.6147071,19.87096774,25876
2020/3/1,8557.504358,8823.903333,3044.893333,35.65,1603.05,97.7582,0,1.75,2.754833333,1.41,76.13570326,-120.4216165,448449,1393083,1220,2755686,1000,8591.812661,8328.714161,660.7871213,443.8580335,216.9290878,20,22847
2020/2/29,8569.467785,8695.636667,2999.556667,37.88,1606.45,97.9456,0,1.75,2.785466667,1.41,75.955559,-121.29713,1337126,3992795,3542,20612212,1000,8658.677307,8372.487547,643.6707594,483.8205787,159.8501807,19.79310345,22884
2020/2/28,8731.610771,8567.37,2954.22,40.11,1609.85,98.133,0,1.75,2.8161,1.41,78.10953779,-119.8560582,1197533,3403388,3137,9849,253,8740.271173,8437.782679,635.8597082,514.2284046,121.6313037,19.5862069,25289
2020/2/27,8775.595016,8566.48,2978.76,39.16,1652,98.411,0,1.75,2.8589,1.53,80.26351659,-118.4149864,618699,1945833,1652,108939,253,8813.557066,8499.203104,626.002389,536.5832015,89.41918758,19.37931034,25882
2020/2/26,8829.543593,8980.77,3116.39,27.56,1634.9,99.1594,0,1.75,2.8782,1.54,82.41749538,-116.9739146,504259,1619632,1344,880329,142,8806.617217,8559.265011,615.449078,552.3563768,63.09270122,19.17241379,27388
2020/2/25,9358.38862,8965.61,3128.21,27.85,1650.3,98.9751,0,1.75,2.8753,1.53,84.57147417,-115.5328428,1440639,3993252,3241,5887685,678,8829.529416,8704.560212,642.3542173,570.3559449,71.99827244,18.96551724,27251
2020/2/24,9664.370232,9221.28,3225.89,25.03,1671.65,99.2897,0,1.75,2.8912,1.59,86.72545297,-114.091771,1059668,3164249,2789,1006528,210,8890.852518,8879.071125,680.522256,592.3892071,88.1330489,18.75862069,28829
2020/2/23,9923.65932,9339.716667,3263.176667,22.38,1662.2,99.30933333,0,1.75,2.9018,1.596666667,88.87943176,-112.6506992,92016,281517,263,847392,2657,9008.268428,9068.996251,723.3547805,618.5823218,104.7724587,18.55172414,25803
2020/2/22,9667.521623,9458.153333,3300.463333,19.73,1652.75,99.32896667,0,1.75,2.9124,1.603333333,91.03341055,-111.2096274,617859,1803729,1797,2689342,4583,9097.772987,9177.819046,728.23703,640.5132634,87.72376657,18.34482759,24088
2020/2/21,9683.453206,9576.59,3337.75,17.08,1643.3,99.3486,0,1.75,2.923,1.61,93.18738934,-109.7685557,1365123,3993354,3416,140352175,2897,9176.111452,9269.75253,725.0340523,657.4174212,67.61663109,18.13793103,23685
2020/2/20,9612.392632,9750.97,3373.23,15.56,1619,99.8889,0,1.75,2.9404,1.63,95.34136814,-108.3274839,1638151,3998665,1321,69188536,10692,9281.60028,9332.05073,708.5934507,667.6526271,40.94082362,17.93103448,26789
2020/2/19,9621.766806,9817.18,3386.15,14.38,1604.2,99.6263,0,1.75,2.9271,1.65,97.49534693,-106.8864121,464515,1387855,1386,2653495,4584,9386.830182,9384.72638,688.3852958,671.7991608,16.58613499,17.72413793,31627
2020/2/18,10144.8965,9732.74,3370.29,14.83,1589.85,99.4665,0,1.75,2.9322,1.65,99.64932572,-105.4453403,1346064,3998760,2971,10128198,38784,9528.158755,9522.939129,706.4389929,678.7271272,27.71186562,17.51724138,29623
2020/2/17,9711.996028,9732.35,3372.7575,14.5425,1580.8,99.1572,0,1.75,2.923,1.6525,101.8033045,-104.0042685,1332520,3993337,3321,5885446,3873,9621.798856,9557.313111,677.9996695,678.5816357,-0.581966206,17.31034483,25279
2020/2/16,9969.23568,9731.96,3375.225,14.255,1581,99.15773333,0,1.75,2.9115,1.655,103.9572833,-102.5631967,116637,380016,313,519523,4017,9735.768065,9632.208124,668.5121984,676.5677482,-8.05554983,17.10344828,23996
2020/2/15,9903.077897,9731.57,3377.6925,13.9675,1581.2,99.15826667,0,1.75,2.9,1.6575,106.1112621,-101.1221249,1305167,3993437,2826,111548,6094,9790.236992,9681.457173,648.183078,670.8908142,-22.7077362,16.89655172,23918
2020/2/14,10327.51233,9731.18,3380.16,13.68,1581.4,99.1588,0,1.75,2.8885,1.66,108.2652409,-99.6810531,1238238,3993453,3179,264311,9408,9856.551202,9798.921747,658.7270202,668.4580554,-9.731035228,16.68965517,25754
2020/2/13,10225.41526,9711.97,3373.94,14.15,1575.05,99.1056,0,1.75,2.8977,1.67,110.4192197,-98.23998131,1482017,3993197,3234,1493750,10345,9886.726796,9876.466022,651.3365873,665.0337618,-13.6971745,16.48275862,26869
2020/2/12,10327.55459,9725.96,3379.45,13.74,1563.7,99.0023,0,1.75,2.902,1.66,112.5731985,-96.79890952,1319259,3993351,2878,14253969,13246,9952.730093,9958.482125,646.2715897,661.2813273,-15.00973767,16.27586207,28341
2020/2/11,10229.7009,9638.94,3357.75,15.18,1570.5,98.7724,0,1.75,2.8398,1.65,114.7271773,-95.35783772,1380967,3992929,3211,53306,374,10007.35486,10007.79463,627.1323759,654.4515371,-27.31916112,16.06896552,28117
2020/2/10,9869.436912,9628.39,3352.09,15.04,1573.2,98.8607,0,1.75,2.8552,1.66,116.8811561,-93.91676593,1327328,3993521,3478,3738923,27556,10033.05929,9982.638681,576.2514502,638.8115197,-62.5600695,15.86206897,27170
2020/2/9,10128.75028,9592.43,3343.963333,15.18333333,1573.016667,98.80993333,0,1.75,2.869033333,1.66,119.0351349,-92.47569414,41116,133009,133,2215767,4440,10083.75764,10009.20443,550.5064756,621.1505109,-70.64403527,15.65517241,38674
2020/2/8,9899.911944,9556.47,3335.836667,15.32666667,1572.833333,98.75916667,0,1.75,2.882866667,1.66,121.1891137,-91.03462234,1311351,3993252,3652,305126297,6197,10059.25918,9989.333066,505.8074234,598.0818934,-92.27446998,15.44827586,22495
2020/2/7,9820.295542,9520.51,3327.71,15.47,1572.65,98.7084,0,1.75,2.8967,1.66,123.3430924,-89.59355055,1180112,3993548,2688,711887395,4907,10070.08913,9958.598971,458.6714453,570.1998038,-111.5283584,15.24137931,25577
2020/2/6,9754.078412,9572.15,3345.78,14.96,1563.3,98.4534,0,1.75,2.9011,1.67,125.4970712,-88.15247876,1439727,3992649,2901,3871800,27440,10048.57341,9921.413415,411.2322448,538.406292,-127.1740472,15.03448276,30260
2020/2/5,9602.309743,9508.68,3334.69,15.15,1553.3,98.26,0,1.75,2.9164,1.66,127.65105,-86.71140697,1408110,3993441,3617,59124,204,10018.49659,9863.394565,357.2714702,502.1793276,-144.9078574,14.82758621,34975
2020/2/4,9187.070016,9467.97,3297.59,16.05,1558.35,97.9518,0,1.75,2.8917,1.64,129.8050288,-85.27033517,1410824,3998414,2849,2280129,3085,9904.45236,9740.426465,277.7985038,457.3031628,-179.5046591,14.62068966,28537
2020/2/3,9302.362658,9273.4,3248.92,17.97,1574.75,97.8201,0,1.75,2.8917,1.63,131.9590076,-83.82926338,1387598,3993500,3532,962376,1851,9812.1471,9660.7785,221.564698,410.1554699,-188.5907719,14.4137931,32917
2020/2/2,9339.574889,9232.58,3241.12,18.26,1577.9,97.6672,0,1.75,2.904872727,1.636666667,134.1129864,-82.38819159,1297161,3998628,3173,60131826,2246,9713.34913,9602.377844,177.9504162,363.7144591,-185.7640429,14.20689655,75543
2020/2/1,9386.105652,9191.76,3233.32,18.55,1581.05,97.5143,0,1.75,2.918045455,1.643333333,136.2669652,-80.94711979,1782561,3993576,643,5143333,3051,9628.989605,9563.055627,145.4636134,320.06429,-174.6006766,14,15818
2020/1/31,9336.132885,9150.94,3225.52,18.84,1584.2,97.3614,0,1.75,2.931218182,1.65,138.420944,-79.506048,1012393,3079045,2420,10148652,3698,9575.659202,9521.796947,114.3668535,278.9248027,-164.5579492,13.96774194,17685
2020/1/30,9503.268,9298.93,3283.66,15.49,1578.25,97.8687,0,1.75,2.944390909,1.64,136.3518778,-77.31797861,252664,832312,679,10562431,5399,9513.110974,9518.428047,102.032685,243.5463792,-141.5136942,13.93548387,18452
2020/1/29,9304.918064,9275.16,3273.4,16.39,1573.45,98.0406,0,1.75,2.957563636,1.64,134.2828116,-75.12990923,1447719,3993525,3000,7342034,6700,9453.611586,9479.60805,75.3836101,209.9138253,-134.5302152,13.90322581,22062
2020/1/28,9334.836393,9269.68,3276.24,16.28,1574,97.9614,0,1.75,2.970736364,1.65,132.2137454,-72.94183984,1194239,3993056,1875,303898,681,9405.065671,9453.285931,56.03228011,179.1375163,-123.1052362,13.87096774,20422
2020/1/27,8895.603628,9139.31,3243.63,18.23,1580.1,97.9412,0,1.75,2.983909091,1.63,130.1446792,-70.75377045,1417361,3992996,3008,147916463,3372,9319.218193,9351.889148,5.193926008,144.3487982,-139.1548722,13.83870968,18223
2020/1/26,8591.002876,9197.843333,3260.91,17.00666667,1574.833333,97.92333333,0,1.75,2.997081818,1.646666667,128.075613,-68.56570106,1041620,3188264,2909,4731451,678,9218.087506,9213.54619,-58.99451883,103.6801348,-162.6746537,13.80645161,14485
2020/1/25,8366.208771,9256.376667,3278.19,15.78333333,1569.566667,97.90546667,0,1.75,3.010254545,1.663333333,126.0065468,-66.37763168,1748449,3993229,493,41947,745,9136.001382,9059.484841,-126.544602,57.63518746,-184.1797895,13.77419355,13919
2020/1/24,8440.287026,9314.91,3295.47,14.56,1564.3,97.8876,0,1.75,3.023427273,1.68,123.9374806,-64.18956229,1340046,3993306,3209,55118,1586,9049.793818,8946.90342,-172.1169761,11.68475474,-183.8017309,13.74193548,16643
2020/1/23,8391.607957,9402.48,3325.54,12.98,1562.9,97.6778,0,1.75,3.0366,1.7,121.8684145,-62.0014929,638334,1899480,1764,9300779,4500,8954.997125,8845.940609,-209.7436112,-32.60091846,-177.1426928,13.70967742,18546
2020/1/22,8672.801079,9383.77,3321.75,12.91,1556.9,97.5046,0,1.75,3.0693,1.72,119.7993483,-59.81342352,873672,2792034,1883,119643,202,8883.666668,8814.460694,-214.4015679,-68.96104835,-145.4405196,13.67741935,19401
2020/1/21,8747.38185,9370.81,3320.79,12.85,1551.3,97.6114,0,1.75,3.0959,1.74,117.7302821,-57.62535413,1183467,3993372,1741,3418460,4572,8824.791564,8802.264541,-209.6581782,-97.10047432,-112.5577039,13.64516129,19285
2020/1/20,8639.19622,9375.3425,3322.9975,12.6625,1560.15,97.6011,0,1.75,3.1385,1.7425,115.6612159,-55.43728474,617180,1754309,1711,25087,226,8738.384386,8772.615755,-212.182773,-120.1169341,-92.06583894,13.61290323,18586
2020/1/19,8697.342225,9379.875,3325.205,12.475,1559.3,97.61416667,0,1.75,3.1387,1.745,113.5921497,-53.24921535,1000561,2869555,2217,195444220,15120,8677.626802,8758.929659,-207.1042668,-137.5144006,-69.58986621,13.58064516,20557
2020/1/18,8929.544857,9384.4075,3327.4125,12.2875,1558.45,97.62723333,0,1.75,3.1407,1.7475,111.5230835,-51.06114597,1327420,3993436,3109,310777,4520,8637.097649,8789.950604,-182.2419307,-146.4599066,-35.78202411,13.5483871,17651
2020/1/17,8921.648281,9388.94,3329.62,12.1,1557.6,97.6403,0,1.75,3.1427,1.75,109.4540173,-48.87307658,1355674,3998353,3287,2157116,1315,8639.702114,8813.895636,-161.3159877,-149.4311228,-11.88486483,13.51612903,17272
2020/1/16,8722.037088,9357.13,3316.81,12.32,1554.55,97.3102,0,1.75,3.1503,1.74,107.3849511,-46.68500719,714698,2248643,1442,24692,204,8652.805535,8797.194082,-159.0060592,-151.3461101,-7.659949099,13.48387097,18513
2020/1/15,8807.632434,9258.7,3289.29,12.42,1549,97.2236,0,1.75,3.1519,1.75,105.3158849,-44.49693781,1374730,3993217,3164,1336373,4980,8696.947902,8799.091964,-148.5561326,-150.7881146,2.231982035,13.4516129,18142
2020/1/14,8838.564862,9251.33,3283.15,12.39,1545.1,97.3956,0,1.75,3.1559,1.77,103.2468187,-42.30886842,1380591,3993192,2489,388680,4068,8736.775685,8806.268855,-136.2083766,-147.872167,11.66379039,13.41935484,20772
2020/1/13,8116.96951,9273.93,3288.13,12.32,1549.9,97.3856,0,1.75,3.1446,1.77,101.1777525,-40.12079903,1190572,3993244,1651,42552,2168,8709.311841,8680.941701,-182.5451386,-154.8067613,-27.73837728,13.38709677,15305
2020/1/12,8164.590608,9242.24,3280.536667,12.4,1551.133333,97.38213333,0,1.75,3.1449,1.766666667,99.10868632,-37.93272965,1206150,3673704,3237,165895,210,8658.490794,8587.059684,-212.969749,-166.4393589,-46.53039015,13.35483871,14383
2020/1/11,8024.791559,9210.55,3272.943333,12.48,1552.366667,97.37866667,0,1.75,3.1452,1.763333333,97.03962013,-35.74466026,761773,2240344,2063,84201,204,8586.231764,8484.829116,-245.5317497,-182.257837,-63.27391266,13.32258065,15900
2020/1/10,8160.413567,9178.86,3265.35,12.56,1553.6,97.3752,0,1.75,3.1455,1.76,94.97055394,-33.55659087,1330551,3998682,3245,606801,1042,8538.353499,8425.844471,-257.4263564,-197.2915409,-60.13481551,13.29032258,18266
2020/1/9,7829.06324,9203.43,3274.7,12.54,1550.75,97.4349,0,1.75,3.1871,1.74,92.90148774,-31.36852148,1156439,3993092,2027,13291632,3878,8451.525601,8317.338792,-290.2443638,-215.8821055,-74.36225829,13.25806452,20500
2020/1/8,8055.759827,9129.24,3253.05,13.45,1571.95,97.3401,0,1.75,3.1933,1.75,90.83242155,-29.1804521,1152677,3993536,2326,571258,3366,8364.147098,8269.77898,-294.5647915,-231.6186427,-62.94614881,13.22580645,20820
2020/1/7,8155.216395,9068.58,3237.18,13.79,1567.85,96.9601,0,1.75,3.1872,1.74,88.76335535,-26.99238271,1326349,3993346,3247,1547121,2574,8287.503909,8248.949419,-286.659021,-242.6267184,-44.03230265,13.19354839,20950
2020/1/6,7764.21795,9071.47,3246.28,13.85,1573.1,96.6302,0,1.75,3.1869,1.75,86.69428916,-24.80431332,1378209,3998580,1549,5152088,13700,8191.721995,8160.816425,-308.3890309,-255.7791809,-52.60985007,13.16129032,16540
2020/1/5,7352.362745,9054.57,3242.47,13.90666667,1564.983333,96.71583333,0,1.75,3.191466667,1.756666667,84.62522297,-22.61624394,941702,2784962,2494,1163680,11804,8046.195026,8013.824847,-354.7541089,-275.5741665,-79.17994239,13.12903226,16533
2020/1/4,7358.491964,9037.67,3238.66,13.96333333,1556.866667,96.80146667,0,1.75,3.196033333,1.763333333,82.55615677,-20.42817455,208652,662111,533,3238341,670,7898.187737,7894.673414,-386.5483022,-297.7689936,-88.77930858,13.09677419,16357
2020/1/3,7317.184074,9020.77,3234.85,14.02,1548.75,96.8871,0,1.75,3.2006,1.77,80.48709058,-18.24010516,46418,144371,141,1162595,1728,7818.209193,7789.675352,-410.3483902,-320.2848729,-90.06351724,13.06451613,19730
2020/1/2,6968.274896,9092.19,3257.85,12.47,1527.1,96.8077,0,1.75,3.1956,1.8,78.41802439,-16.05203577,76344,228420,223,494305,202,7698.577622,7640.329814,-452.1520586,-346.6583101,-105.4937485,13.03225806,15920
2020/1/1,7213.918462,9032.395,3244.315,13.125,1525.05,96.5195,0,1.75,3.18395,1.785,76.34895819,-13.86396639,423984,1253058,1234,30000000,168,7617.490312,7562.800478,-460.1559923,-369.3578465,-90.79814579,13,13987
2019/12/31,7202.624251,8972.6,3230.78,13.78,1523,96.4481,0,1.75,3.1723,1.77,74.279892,-11.675897,283571,816206,744,1766164,168,7521.71138,7497.313891,-462.0839003,-387.9030573,-74.18084304,12.93548387,13500
2019/12/30,7245.988923,8945.99,3221.29,14.82,1514.75,96.7771,0,1.75,3.1846,1.75,74.24113368,-11.58435206,1104633,3464214,2956,2099632,1290,7463.403949,7451.618442,-454.8691661,-401.296279,-53.57288704,12.87096774,15568
2019/12/29,7386.37606,8966.2,3227.533333,14.35666667,1513.666667,96.85196667,0,1.75,3.181933333,1.743333333,74.20237535,-11.49280713,1189422,3993366,1868,298998,567,7396.465572,7439.756191,-432.8339284,-407.6038089,-25.23011952,12.80645161,13684
2019/12/28,7312.04457,8986.41,3233.776667,13.89333333,1512.583333,96.92683333,0,1.75,3.179266667,1.736666667,74.16361703,-11.40126219,1315145,3993068,3681,327455,219,7312.14839,7416.535896,-416.5668505,-409.3964172,-7.170433285,12.74193548,14765
2019/12/27,7246.422425,9006.62,3240.02,13.43,1511.5,97.0017,0,1.75,3.1766,1.73,74.12485871,-11.30971726,446876,1294565,1216,405315,1022,7260.368837,7385.606174,-404.3096033,-408.3790544,4.069451133,12.67741935,14711
2019/12/26,7211.341194,9022.39,3239.91,12.65,1504.616667,97.5936,0,1.75,3.1701,1.74,74.08610039,-11.21817232,758494,2289502,1943,37372194,1739,7246.266682,7353.921632,-392.8973329,-405.2827101,12.38537726,12.61290323,15205
2019/12/25,7205.380688,8987.635,3231.645,12.66,1497.733333,97.6557,0,1.75,3.1947,1.745,74.04734206,-11.12662739,1408682,3993041,2969,2878294,1410,7230.955554,7326.914188,-379.9541148,-400.2169911,20.26287625,12.5483871,14984
2019/12/24,7240.620333,8952.88,3223.38,12.67,1490.85,97.6764,0,1.75,3.1856,1.75,74.00858374,-11.03508245,402244,1264837,1133,49666,573,7223.29918,7311.224396,-362.6723157,-392.708056,30.03574028,12.48387097,15959
2019/12/23,7329.609334,8945.65,3224.01,12.61,1482.1,97.6722,0,1.75,3.2109,1.75,73.96982542,-10.94353752,1312332,3993279,2556,11119801,6100,7259.432624,7314.567112,-337.9005891,-381.7465626,43.84597351,12.41935484,16906
2019/12/22,7482.961456,8938.753333,3223.08,12.57666667,1481.066667,97.67816667,0,1.75,3.221066667,1.756666667,73.9310671,-10.85199258,108398,344342,303,382125,205,7286.336923,7345.184266,-302.4086045,-365.878971,63.47036648,12.35483871,15978
2019/12/21,7138.888884,8931.856667,3222.15,12.54333333,1480.033333,97.68413333,0,1.75,3.231233333,1.763333333,73.89230877,-10.76044765,1281345,3998598,3438,179073,3209,7279.963387,7307.676014,-298.6026268,-352.4237022,53.82107533,12.29032258,16562
2019/12/20,7185.155244,8924.96,3221.22,12.51,1479,97.6901,0,1.75,3.2414,1.77,73.85355045,-10.66890271,1396631,3998600,3422,2625823,4294,7273.880019,7285.399511,-288.5270928,-339.6443803,51.1172875,12.22580645,18959
2019/12/19,7150.376098,8887.22,3205.37,12.5,1476.7,97.4091,0,1.75,3.2516,1.77,73.81479213,-10.57735777,80738,247550,276,209670,4842,7250.280023,7260.849799,-280.1195026,-327.7394048,47.61990212,12.16129032,21588
2019/12/18,7275.754884,8827.73,3191.14,12.58,1474.05,97.4222,0,1.75,3.2502,1.76,73.77603381,-10.48581284,1274503,3992956,3230,54269505,573,7246.651054,7263.559815,-260.3383878,-314.2592014,53.92081358,12.09677419,22374
2019/12/17,6624.129258,8823.36,3192.52,12.29,1475.8,97.183,0,1.75,3.2349,1.75,73.73727548,-10.3942679,1358059,3998224,2254,1006663,6663,7184.421737,7147.299713,-293.8550755,-310.1783762,16.32330068,12.03225806,19303
2019/12/16,6902.888388,8814.23,3191.45,12.14,1477.9,97.0547,0,1.75,3.2212,1.73,73.69851716,-10.30272297,927727,2580295,1931,422687370,3332,7153.576457,7102.861291,-294.5286174,-307.0484244,12.51980707,11.96774194,18724
2019/12/15,7120.922418,8787.78,3183.9,12.30333333,1474.133333,97.09783333,0,1.75,3.220466667,1.72,73.65975884,-10.21117803,1594323,3993207,1638,31376167,11948,7145.13063,7106.145132,-274.3068416,-300.5001079,26.1932663,11.90322581,14381
2019/12/14,7078.955219,8761.33,3176.35,12.46666667,1470.366667,97.14096667,0,1.75,3.219733333,1.71,73.62100052,-10.1196331,1314416,3993425,3449,998856,567,7128.964118,7101.201511,-258.6853768,-292.1371616,33.45178486,11.83870968,14114
2019/12/13,7255.126877,8734.88,3168.8,12.63,1466.6,97.1841,0,1.75,3.219,1.7,73.58224219,-10.02808816,137679,416814,396,1175092,4781,7121.515873,7129.187942,-229.4447764,-279.5986846,50.15390822,11.77419355,16588
2019/12/12,7202.460793,8717.32,3168.57,13.94,1467.8,97.2845,0,1.75,3.212,1.72,73.54348387,-9.936543226,835053,2369784,2016,416463,3005,7093.465806,7142.510278,-208.1220018,-265.303348,57.18134622,11.70967742,16412
2019/12/11,7199.716155,8654.05,3141.63,14.99,1466.8,97.1558,0,1.75,3.2207,1.69,73.50472555,-9.84499829,1377019,3993166,2296,30979355,3567,7099.548533,7152.911347,-189.2633091,-250.0953402,60.83203115,11.64516129,14324
2019/12/10,7233.814525,8616.18,3132.52,15.68,1464.95,97.4825,0,1.75,3.2237,1.71,73.46596723,-9.753453355,188419,566023,609,27784,204,7104.414462,7167.621015,-169.6110353,-233.9984793,64.38744394,11.58064516,15197
2019/12/9,7350.418118,8621.83,3135.96,15.86,1461.7,97.655,0,1.75,3.2295,1.69,73.4272089,-9.661908419,1171983,3993189,2929,986881,3323,7124.418664,7200.856852,-142.9793543,-215.7946543,72.81529996,11.51612903,16592
2019/12/8,7516.676668,8633.396667,3139.276667,15.11333333,1461.016667,97.66553333,0,1.75,3.2267,1.69,73.38845058,-9.570363484,552255,1624611,1226,3621543,936,7148.510842,7258.278637,-107.2218925,-194.0801019,86.85820941,11.4516129,14176
2019/12/7,7496.125958,8644.963333,3142.593333,14.36666667,1460.333333,97.67606667,0,1.75,3.2239,1.69,73.34969226,-9.478818548,843891,2536380,2479,139217533,120000,7235.710512,7301.523604,-79.62425806,-171.1889331,91.56467508,11.38709677,13437
2019/12/6,7532.610987,8656.53,3145.91,13.62,1459.65,97.6866,0,1.75,3.2211,1.69,73.31093394,-9.387273613,1225526,3569072,2391,989489,681,7298.682772,7343.539492,-54.18429421,-147.7880054,93.60371115,11.32258065,15697
2019/12/5,7386.510063,8570.7,3117.43,14.52,1475.95,97.3884,0,1.75,3.2147,1.67,73.27217561,-9.295728677,1272773,3993371,2765,642053,5433,7325.241536,7351.352323,-45.28998832,-127.2884019,81.99841363,11.25806452,17127
2019/12/4,7216.456163,8566.67,3112.76,14.8,1475.1,97.6196,0,1.75,3.2086,1.66,73.23341729,-9.204183742,407600,1036538,552,90560,204,7338.991631,7326.825749,-51.3709431,-112.1049102,60.73396707,11.19354839,16817
2019/12/3,7300.208311,8520.64,3093.2,15.96,1477.3,97.7453,0,1.75,3.2313,1.63,73.19465897,-9.112638806,556573,1743490,1409,691510,210,7343.499774,7321.986215,-48.86871703,-99.45767155,50.58895452,11.12903226,16469
2019/12/2,7315.108657,8567.99,3113.87,14.91,1461.15,97.8652,0,1.75,3.2206,1.65,73.15590065,-9.021093871,1396974,3993294,3339,584000,3053,7354.764561,7320.73575,-45.16274345,-88.59868593,43.43594248,11.06451613,16129
2019/12/1,7417.184162,8600.483333,3122.906667,14.14666667,1460.816667,98.0036,0,1.75,3.214,1.636666667,73.11714232,-8.929548935,1151646,3245694,2068,277278,1181,7376.511361,7338.271825,-33.60175243,-77.59929923,43.9975468,11,15964
2019/11/30,7548.613483,8632.976667,3131.943333,13.38333333,1460.483333,98.142,0,1.75,3.2074,1.623333333,73.078384,-8.838004,1382088,3993285,2987,13885797,1134,7407.991257,7376.515762,-13.6766797,-64.81477533,51.13809562,11.03333333,16174
2019/11/29,7740.415549,8665.47,3140.98,12.62,1460.15,98.2804,0,1.75,3.2008,1.61,73.90366223,-7.993626433,1215412,3993109,2371,4169978,4118,7446.991,7442.67936,17.39044157,-48.37373195,65.76417352,11.06666667,16670
2019/11/28,7442.795358,8685.325,3147.305,12.185,1454.65,98.3369,0,1.75,3.2005,1.62,74.72894047,-7.149248867,1316290,3993520,2987,276040,3175,7439.602869,7442.700451,17.79081546,-35.14082246,52.93163793,11.1,16332
2019/11/27,7502.033156,8705.18,3153.63,11.75,1454.35,98.3855,0,1.75,3.2003,1.63,75.5542187,-6.3048713,101711,335042,329,462172,185,7440.193589,7453.488215,22.62727672,-23.58720263,46.21447935,11.13333333,22517
2019/11/26,7169.264738,8647.93,3140.52,11.54,1454.65,98.2573,0,1.75,3.2219,1.62,76.37949693,-5.460493733,1435488,3993174,3259,1469336636,4433,7403.858964,7401.811219,-0.38696249,-18.9471546,18.56019211,11.16666667,25824
2019/11/25,7133.946458,8632.49,3133.64,11.87,1458.4,98.2882,0,1.75,3.2128,1.62,77.20477517,-4.616116167,1296435,3998739,2341,383181,6623,7378.602604,7353.108535,-21.23106441,-19.40393656,-1.827127848,11.2,22633
2019/11/24,6932.313157,8594.956667,3125.856667,12.02666667,1460.416667,98.2867,0,1.75,3.207433333,1.62,78.0300534,-3.7717386,273648,830667,900,182865,205,7350.188303,7276.600285,-53.40467181,-26.20408361,-27.2005882,11.23333333,17253
2019/11/23,7316.797515,8557.423333,3118.073333,12.18333333,1462.433333,98.2852,0,1.75,3.202066667,1.62,78.85533163,-2.927361033,390757,1161979,1212,148432,204,7351.847223,7283.908872,-47.33219695,-30.42970628,-16.90249067,11.26666667,16543
2019/11/22,7290.351828,8519.89,3110.29,12.34,1464.45,98.2837,0,1.75,3.1967,1.62,79.68060987,-2.082983467,524561,1402823,764,602154,202,7349.37154,7285.080319,-44.14478915,-33.17272285,-10.9720663,11.3,24404
2019/11/21,7631.016803,8506.21,3103.54,13.13,1467.05,97.9869,0,1.75,3.1879,1.63,80.5058881,-1.2386059,1227960,3993219,2908,157404,4444,7370.754805,7347.977861,-13.96890425,-29.33195913,15.36305489,11.33333333,21597
2019/11/20,8097.187492,8526.73,3108.46,12.78,1471.7,97.9062,0,1.75,3.1925,1.6,81.33116633,-0.394228333,728422,2304967,2093,196099,202,7425.612205,7484.197794,47.019766,-14.06161411,61.08138011,11.36666667,18338
2019/11/19,8134.76958,8570.66,3120.18,12.86,1468.45,97.8413,0,1.75,3.2028,1.63,82.15644457,0.450149233,1121738,3993563,2673,412250,756,7465.047609,7602.483573,97.26507574,8.203723864,89.06135188,11.4,16874
2019/11/18,8211.789693,8549.94,3122.03,12.46,1467.65,97.8205,0,1.75,3.2278,1.63,82.9817228,1.2945268,1378119,3993393,3053,623661,5364,7541.947042,7713.266504,141.6666798,34.89631506,106.7703648,11.43333333,16505
2019/11/17,8503.049435,8546.903333,3121.506667,12.32333333,1467.4,97.88163333,0,1.75,3.2454,1.63,83.80700103,2.138904367,1308841,3993109,2648,893843700,1976,7642.04867,7856.863401,198.0742217,67.53189638,130.5423253,11.46666667,14539
2019/11/16,8497.411045,8543.866667,3120.983333,12.18666667,1467.15,97.94276667,0,1.75,3.263,1.63,84.63227927,2.983281933,1204838,3993569,2439,5356710,15195,7774.863301,7973.326609,239.5611225,101.9377416,137.6233809,11.5,15041
2019/11/15,8474.539002,8540.83,3120.46,12.05,1466.9,98.0039,0,1.75,3.2806,1.63,85.4575575,3.8276595,1256308,3993439,2633,35486833,3174,7908.922555,8064.456135,267.510513,135.0522959,132.4582171,11.53333333,17028
2019/11/14,8662.422431,8479.02,3096.63,13.05,1466.65,98.1554,0,1.75,3.2679,1.62,86.28283573,4.672037067,1179649,3593668,3274,29307917,33124,8081.933482,8173.17728,301.3474826,168.3113332,133.0361493,11.56666667,18144
2019/11/13,8785.801623,8482.1,3094.04,13,1462.9,98.3384,0,1.75,3.2619,1.66,87.10811397,5.516414633,1121435,3692687,3058,307345,202,8228.833893,8284.563524,334.2659842,201.5022634,132.7637208,11.6,17058
2019/11/12,8801.603779,8486.09,3091.84,12.68,1452.05,98.3494,0,1.75,3.2628,1.7,87.9333922,6.3607922,1321190,3993050,3279,156646456,5700,8379.959088,8378.570843,357.508105,232.7034317,124.8046733,11.63333333,16739
2019/11/11,8732.154123,8464.28,3087.01,12.69,1458.7,98.216,0,1.75,3.2931,1.7025,88.75867043,7.205169767,879028,2499907,1983,147291,202,8490.07282,8442.858712,366.1034338,259.3834321,106.7200017,11.66666667,17451
2019/11/10,9043.004449,8467.956667,3089.033333,12.48333333,1460.516667,98.27463333,0,1.75,3.293233333,1.705,89.58394867,8.049547333,1365582,3992700,2906,1500000,5225,8584.654516,8551.976119,393.4627239,286.1992905,107.2634334,11.7,13655
2019/11/9,8818.432264,8471.633333,3091.056667,12.27666667,1462.333333,98.33326667,0,1.75,3.293366667,1.7075,90.4092269,8.8939249,1135613,3752510,1899,26145095,4832,8653.020784,8600.422691,392.4995692,307.4593462,85.04022297,11.73333333,13608
2019/11/8,8791.640946,8475.31,3093.08,12.07,1464.15,98.3919,0,1.75,3.2935,1.71,91.23450513,9.738302467,1370410,3992923,3206,366481482,3164,8711.00591,8635.189646,385.1348321,322.9944434,62.1403887,11.76666667,16463
2019/11/7,9219.011987,8434.52,3085.18,12.73,1484.25,98.1317,0,1.75,3.266,1.69,92.05978337,10.58268003,1328195,3993218,2562,668273521,9360,8782.602165,8741.339163,409.0680148,340.2091577,68.85885709,11.8,16147
2019/11/6,9329.520807,8410.63,3076.78,12.62,1486.05,97.9644,0,1.75,3.2655,1.66,92.8850616,11.4270576,953444,2829137,2493,184319,1985,8865.813141,8848.28128,431.9728585,358.5618978,73.41096062,11.83333333,17193
2019/11/5,9311.283797,8434.68,3074.62,13.1,1488.95,97.9141,0,1.75,3.2776,1.68,93.71033983,12.27143517,1056396,3998586,731,15643483,7274,8949.487621,8932.463556,443.540677,375.5576537,67.98302331,11.86666667,18119
2019/11/4,9389.905541,8433.2,3078.27,12.83,1509.45,97.5396,0,1.75,3.3116,1.64,94.53561807,13.11581273,1419564,3992982,1257,793506755,1131,9022.235932,9015.634826,453.8210081,391.2103246,62.61068353,11.9,17953
2019/11/3,9205.743201,8417.6,3074.483333,12.65333333,1509.233333,97.43206667,0,1.75,3.305966667,1.623333333,95.3608963,13.9601903,543112,1744621,1288,9606385,4294,9064.230089,9050.199985,442.0126363,401.3707869,40.64184939,11.93333333,14022
2019/11/2,9290.257019,8402,3070.696667,12.47666667,1509.016667,97.32453333,0,1.75,3.300333333,1.606666667,96.18617453,14.80456787,1331900,3993167,3301,1625000,2584,9113.095413,9093.846718,434.4657249,407.9897745,26.47595043,11.96666667,14470
2019/11/1,9225.753942,8386.4,3066.91,12.3,1508.8,97.217,0,1.75,3.2947,1.59,97.01145277,15.64894543,1331064,3993291,2612,274005,202,9162.455395,9117.82985,418.4561817,410.083056,8.373125754,12,17370
2019/10/31,9154.923648,8292.36,3037.56,13.22,1510.95,97.3133,0,1.75,3.318,1.54,97.836731,16.493323,1217458,3998458,3029,1937571406,15159,9173.647315,9124.574177,395.494081,407.165261,-11.67117997,12,20869
2019/10/30,9162.391745,8303.98,3046.77,12.33,1492.1,97.4695,0,2,3.3275,1.57,97.59580384,17.17774852,1030652,3110552,2481,152489614,15255,9208.043263,9131.450098,373.5925217,400.4507131,-26.85819139,12,17972
2019/10/29,9411.885318,8276.85,3036.89,13.2,1486.75,97.6833,0,2,3.3147,1.61,97.35487668,17.86217403,1281478,3992989,3376,500000,7432,9270.067701,9182.43832,372.078337,394.7762379,-22.6979009,12,17199
2019/10/28,9234.267439,8325.99,3039.42,13.11,1492.4,97.7495,0,2,3.2986,1.64,97.11394952,18.54659955,1230116,3993353,3480,757922,202,9271.593246,9191.861796,352.4828533,386.317561,-33.83470764,12,18462
2019/10/27,9544.094411,8298.366667,3033.796667,12.95666667,1499.416667,97.78123333,0,2,3.2802,1.643333333,96.87302235,19.23102506,1364242,3993298,3308,1378604,8976,9293.050606,9255.90409,357.8289097,380.6198307,-22.79092099,12,17460
2019/10/26,9235.929531,8270.743333,3028.173333,12.80333333,1506.433333,97.81296667,0,2,3.2618,1.646666667,96.63209519,19.91545058,729281,2094602,1616,236813,206,9285.51518,9252.272352,333.3566397,371.1671925,-37.81055279,12,25470
2019/10/25,8651.13445,8243.12,3022.55,12.65,1513.45,97.8447,0,2,3.2434,1.65,96.39116803,20.5998761,1361483,3998468,2748,128770,46368,9211.63807,9142.974552,263.7339529,349.6805446,-85.94659169,12,20601
2019/10/24,7440.037915,8185.8,3010.29,13.71,1496.55,97.6695,0,2,3.2397,1.62,96.15024087,21.28430161,1129709,3998687,2267,17595700,10000,9035.067542,8833.349709,109.5690593,301.6582475,-192.0891883,12,17486
2019/10/23,7469.521063,8119.79,3004.52,14.01,1494.45,97.4772,0,2,3.2355,1.61,95.90931371,21.96872713,1741382,3993440,802,179723,2847,8852.993946,8585.380864,-10.11211976,239.3041741,-249.4162938,12,20329
2019/10/22,8040.006229,8104.3,2995.99,14.46,1485.35,97.5334,0,2,3.2447,1.61,95.66838655,22.65315265,483374,1370621,1227,518724,202,8734.419175,8486.221839,-58.25539928,179.7922594,-238.0476587,12,19420
2019/10/21,8212.771665,8162.99,3006.72,14,1491.65,97.3236,0,2,3.2298,1.61,95.42745939,23.33757816,47454,143196,152,414257,202,8640.203977,8436.503626,-81.52875558,127.5280564,-209.056812,12,16282
2019/10/20,8202.005473,8138.506667,2999.88,14.08333333,1491.1,97.28346667,0,2,3.217333333,1.606666667,95.18653223,24.02200368,230917,700294,655,257568,204,8544.165349,8393.867598,-99.69260554,82.08392402,-181.7765296,12,13294
2019/10/19,7950.124308,8114.023333,2993.04,14.16666667,1490.55,97.24333333,0,2,3.204866667,1.603333333,94.94560506,24.70642919,733012,1993120,1690,396515,205,8397.989248,8313.187,-132.8805284,39.09103353,-171.971562,12,15757
2019/10/18,7955.464771,8089.54,2986.2,14.25,1490,97.2032,0,2,3.1924,1.6,94.7046779,25.39085471,976355,2919737,2844,7020673,24310,8270.108982,8248.146595,-156.9421345,-0.115600072,-156.8265344,12,17011
2019/10/17,8075.178241,8156.85,2997.95,13.79,1492.65,97.5847,0,2,3.1824,1.59,94.46375074,26.07528023,448998,1325514,1289,1899000,992,8123.217365,8216.697803,-164.4555133,-32.98358272,-131.4719306,12,16806
2019/10/16,8008.809279,8124.18,2989.69,13.68,1485.1,98.0165,0,2,3.1869,1.57,94.22282358,26.75970574,172975,462484,328,6287082,678,8000.505339,8178.89989,-173.7623169,-61.13932955,-112.6229873,12,17713
2019/10/15,8174.781558,8148.71,2995.68,13.54,1487.8,98.3012,0,2,3.1823,1.56,93.98189642,27.44413126,1121000,3992855,2622,604933,1566,7952.87005,8178.151102,-165.8338209,-82.07822781,-83.75559306,12,17552
2019/10/14,8347.201506,8048.65,2966.15,14.57,1490.6,98.461,0,2,3.1989,1.56,93.74096926,28.12855677,1200808,3998467,2257,29774180,18370,8043.586409,8208.887539,-143.9778943,-94.45816111,-49.51973319,12,17307
2019/10/13,8294.599727,8051.446667,2967.523333,14.90666667,1486.783333,98.42066667,0,2,3.187,1.56,93.5000421,28.81298229,1363664,3993089,3416,2393518,1609,8126.094276,8224.471573,-129.4096847,-101.4484658,-27.96121886,12,14172
2019/10/12,8314.921537,8054.243333,2968.896667,15.24333333,1482.966667,98.38033333,0,2,3.1751,1.56,93.25911494,29.49740781,1378790,3992810,3056,604287621,5865,8153.585806,8240.917021,-114.899978,-104.1387682,-10.76120971,12,14136
2019/10/11,8272.024051,8057.04,2970.27,15.58,1479.15,98.34,0,2,3.1548,1.56,93.01818777,30.18183332,825290,2314109,1757,1018854327,3152,8159.511045,8246.572845,-105.6445943,-104.4399335,-1.204660863,12,16759
2019/10/10,8556.950238,7950.78,2938.13,17.57,1494.8,98.7139,0,2,3.1417,1.52,92.77726061,30.86625884,1149701,3343286,2806,1003578467,3153,8195.005522,8303.005098,-74.46014387,-98.44397555,23.98383168,12,17144
2019/10/9,8572.837276,7903.74,2919.4,18.64,1507.25,99.1316,0,2,3.1217,1.49,92.53633345,31.55068435,522836,1560959,1471,267208,4725,8257.276818,8352.065494,-47.9119914,-88.33757872,40.42558731,12,17990
2019/10/8,8189.796865,7823.78,2893.06,20.28,1505.85,99.1214,0,2,3.1433,1.48,92.29540629,32.23510987,594705,2181867,606,1400000,1875,8280.710028,8322.562107,-57.12208147,-82.09447927,24.9723978,12,16662
2019/10/7,8196.15196,7956.29,2938.79,17.86,1501.25,98.9891,0,2,3.145175,1.51,92.05447913,32.91953539,653756,1981787,1931,660442062,1876,8292.8074,8299.578444,-63.18004097,-78.31159161,15.13155064,12,16843
2019/10/6,7876.455218,7965.016667,2943.196667,17.58666667,1500.55,98.9426,0,2,3.14705,1.506666667,91.81355197,33.6039609,506015,1516175,1548,3499384,434,8279.571994,8222.646948,-92.70917907,-81.1911091,-11.51806997,12,14729
2019/10/5,8130.134393,7973.743333,2947.603333,17.31333333,1499.85,98.8961,0,2,3.148925,1.503333333,91.57262481,34.28838642,489057,1397601,1580,676401,678,8275.107277,8205.826484,-94.55151343,-83.86318997,-10.68832346,12,13536
2019/10/4,8155.655359,7982.47,2952.01,17.04,1499.15,98.8496,0,2,3.1508,1.5,91.33169765,34.97281194,147304,440890,451,5321000,3360,8255.952662,8196.704461,-92.88156713,-85.6668654,-7.21470173,12,14904
2019/10/3,8232.129998,7872.27,2910.63,19.12,1517.1,98.9542,0,2,3.152675,1.48,91.09077048,35.65723745,666414,2001129,2137,290732,5100,8249.70569,8203.145468,-84.41418424,-85.41632917,1.002144926,12,15626
2019/10/2,8361.919233,7785.25,2887.61,20.56,1492.6,99.028,0,2,3.15455,1.5,90.84984332,36.34166297,1262027,3993167,3442,213541,681,8254.405459,8232.013425,-66.46465259,-81.62599385,15.16134126,12,15544
2019/10/1,8294.743597,7908.69,2940.25,18.56,1473.45,99.1588,0,2,3.156425,1.52,90.60891616,37.02608848,520248,1513452,1576,503343,202,8256.677414,8243.418911,-57.00293747,-76.70138257,19.69844511,12,17754
2019/9/30,8269.028682,7999.34,2976.74,16.24,1485.3,99.4021,0,2,3.1583,1.53,90.367989,37.710514,1268457,3993282,2663,6757272,1128,8227.885258,8248.075233,-50.99163892,-71.55943384,20.56779492,12.03333333,17758
2019/9/29,8068.668738,7979.436667,2971.756667,16.56666667,1486.833333,99.30506667,0,2,3.1627,1.53,90.80253667,37.27991583,470171,1395875,1449,22332655,3399,8177.468404,8215.45587,-61.68396023,-69.58433912,7.900378894,12.06666667,14229
2019/9/28,8208.595988,7959.533333,2966.773333,16.89333333,1488.366667,99.20803333,0,2,3.15765,1.53,91.23708433,36.84931767,1376802,3993249,3530,1058442,2742,8179.348317,8214.208619,-58.19589617,-67.30665053,9.110754358,12.1,15414
2019/9/27,8183.569872,7939.63,2961.79,17.22,1489.9,99.111,0,2,3.1526,1.53,91.671632,36.4187195,1206480,3993339,2285,82689,3843,8178.090108,8208.637938,-56.79626668,-65.20457376,8.408307079,12.13333333,19119
2019/9/26,8077.936354,8030.66,2977.62,16.07,1506.4,99.206,0,2,3.1369,1.57,92.10617967,35.98812133,747945,2265810,2178,15484,204,8198.238221,8184.874013,-63.47904539,-64.85946809,1.380422695,12.16666667,19619
2019/9/25,8439.84619,8077.38,2984.87,15.96,1528.75,99.0438,0,2,3.1344,1.6,92.54072733,35.55752317,1385973,3998703,3266,1195667,5763,8229.209401,8231.232591,-39.12113245,-59.71180096,20.59066851,12.2,21772
2019/9/24,8588.424906,7993.63,2966.6,17.05,1520.65,98.3339,0,2,3.129,1.58,92.975275,35.126925,1430460,3993252,1981,18967568,6750,8272.486356,8296.176648,-7.73903946,-49.31724866,41.5782092,12.23333333,21250
2019/9/23,9719.397019,8112.46,2991.78,14.91,1522.1,98.6343,0,2,3.1106,1.61,93.40982267,34.69632683,1143257,3993347,3134,161103,1552,8421.213058,8554.943988,107.1562622,-18.02254648,125.1788087,12.26666667,18065
2019/9/22,10050.18754,8114.196667,2991.876667,15.04666667,1515.366667,98.58216667,0,2,3.116233333,1.61,93.84437033,34.26572867,2881,9451,12,3854293,10000,8590.039889,8826.806452,222.3406426,30.05009133,192.2905513,12.3,14650
2019/9/21,10006.06533,8115.933333,2991.973333,15.18333333,1508.633333,98.53003333,0,2,3.121866667,1.61,94.278918,33.8351305,440928,1256496,1323,244617803,100000,8761.172062,9041.217157,306.5312983,85.34633272,221.1849656,12.33333333,13899
2019/9/20,10179.86223,8117.67,2992.07,15.32,1501.9,98.4779,0,2,3.1275,1.61,94.71346567,33.40453233,1044062,3277856,3048,394344,202,8952.255417,9248.243534,382.8635442,144.849775,238.0137692,12.36666667,16907
2019/9/19,10241.6088,8182.88,3006.79,14.05,1500.7,98.3674,0,2,3.1222,1.61,95.14801333,32.97393417,1306372,3993349,3056,9716346,4380,9169.549423,9428.855401,443.2305454,204.5259291,238.7046163,12.4,18387
2019/9/18,10164.1019,8177.39,3006.73,13.95,1503.5,98.5757,0,2.25,3.117,1.59,95.582561,32.543336,564945,1718133,1678,5246425,4734,9365.100014,9562.536582,479.292682,259.4792797,219.8134023,12.43333333,18477
2019/9/17,10208.16582,8186.02,3005.7,14.44,1502.1,98.2172,0,2.25,3.104,1.66,96.01710867,32.11273783,815277,2502462,2028,385344,209,9567.559609,9679.923716,505.5995384,308.7033314,196.896207,12.46666667,17082
2019/9/16,10268.65798,8153.54,2997.96,14.67,1497.2,98.6328,0,2.25,3.104,1.67,96.45165633,31.68213967,1175984,3879029,2430,28997436,681,9786.631772,9786.96631,525.2740906,352.0174832,173.2566074,12.5,16491
2019/9/15,10313.44353,8161.263333,3001.103333,14.36,1499.166667,98.4898,0,2.25,3.09805,1.67,96.886204,31.2515415,189508,612820,467,55022,211,9973.991505,9882.689441,538.2752328,389.2690331,149.0061996,12.53333333,13380
2019/9/14,10353.5498,8168.986667,3004.246667,14.05,1501.133333,98.3468,0,2.25,3.0921,1.67,97.32075167,30.82094333,701881,2316199,1507,1293192,2280,10150.50399,9968.300415,545.5264827,420.5205231,125.0059596,12.56666667,13360
2019/9/13,10346.59919,8176.71,3007.39,13.74,1503.1,98.2038,0,2.25,3.08615,1.67,97.75529933,30.39034517,1296928,3993445,2988,671898,18180,10213.22421,10037.08201,544.4363708,445.3036926,99.13267819,12.6,15885
2019/9/12,10387.51484,8194.47,3009.57,14.22,1515.2,98.3636,0,2.25,3.0802,1.63,98.189847,29.959747,655780,1976884,1704,883827,579,10246.95694,10100.79707,540.6418179,464.3713177,76.27050025,12.63333333,16904
2019/9/11,10159.72047,8169.68,3000.93,14.61,1490.65,98.6267,0,2.25,3.0583,1.6,98.62439467,29.52914883,457971,1429812,1233,476320,210,10262.32246,10111.51042,513.3360867,474.1642715,39.1718152,12.66666667,17080
2019/9/10,10132.5448,8084.16,2979.39,15.2,1498.25,98.3749,0,2.25,3.034,1.6,99.05894233,29.09855067,1434258,3993105,2454,497213,209,10257.59071,10115.33485,483.9248639,476.1163899,7.80847392,12.7,18300
2019/9/9,10322.05761,8087.44,2978.43,15.27,1509.2,98.3237,0,2.25,3.0294,1.57,99.49349,28.6679525,1400540,3993176,1823,253066,210,10265.63559,10152.92081,470.4849008,474.9900921,-4.505191337,12.73333333,17004
2019/9/8,10410.18764,8092.65,2978.523333,15.18,1514.033333,98.3554,0,2.25,3.0278,1.56,99.92803767,28.23735433,222367,657454,580,12903626,2867,10290.24417,10199.69659,461.6236797,472.3168096,-10.69312997,12.76666667,14593
2019/9/7,10477.09484,8097.86,2978.616667,15.09,1518.866667,98.3871,0,2.25,3.0262,1.55,100.3625853,27.80675617,917902,2767633,2233,441567,217,10317.13707,10250.13264,454.7577853,468.8050048,-14.04721948,12.8,14526
2019/9/6,10339.45563,8103.07,2978.71,15,1523.7,98.4188,0,2.25,3.0246,1.54,100.797133,27.376158,397302,1273701,1093,3865832,3857,10324.21684,10266.37318,433.2163324,461.6872703,-28.47093792,12.83333333,18376
2019/9/5,10574.49954,8116.83,2976,16.27,1529.1,98.3982,0,2.25,3.0312,1.56,101.2316807,26.94555983,1432109,3998429,3249,29553122,8319,10350.32244,10322.39616,430.1521289,455.380242,-25.22811307,12.86666667,16187
2019/9/4,10578.32021,7976.88,2937.78,17.33,1546.1,98.4002,0,2.25,3.0607,1.51,101.6662283,26.51496167,379,1408,1,15732839,0,10372.79948,10368.9278,423.154164,448.9350264,-25.78086242,12.9,18177
2019/9/3,10603.09546,7874.16,2906.27,19.66,1537.85,98.9535,0,2.25,3.0705,1.5,102.100776,26.0843635,1339035,3993318,3309,1912556,3066,10398.4491,10411.50374,414.8255315,442.1131274,-27.28759596,12.93333333,20903
2019/9/2,10329.85905,7896.34,2911.3175,19.49,1525.95,99.0527,0,2.25,3.06,1.5125,102.5353237,25.65376533,503863,1722391,1514,1834014,2635,10392.68353,10396.65925,381.7762564,430.0457532,-48.26949683,12.96666667,17337
2019/9/1,9716.72191,7918.52,2916.365,19.32,1526.766667,98.98066667,0,2.25,3.0554,1.525,102.9698713,25.22316717,322346,1083434,806,1500000000,35000,10348.38367,10273.03428,302.6209983,404.5608022,-101.9398039,13,14620
2019/8/31,9609.787647,7940.7,2921.4125,19.15,1527.583333,98.90863333,0,2.25,3.0508,1.5375,103.404419,24.792569,298872,984963,921,2246609,678,10296.10795,10152.44398,228.6257295,369.3737877,-140.7480582,13.06451613,13453
2019/8/30,9582.255358,7962.88,2926.46,18.98,1528.4,98.8366,0,2.25,3.0462,1.55,103.0856073,24.60248116,1011797,3453377,2621,5856578,4980,10222.12773,10048.77332,165.850499,328.6691299,-162.818631,13.12903226,16339
2019/8/29,9493.755389,7973.39,2924.58,17.88,1540.2,98.4574,0,2.25,3.0634,1.59,102.7667955,24.41239332,1083724,3588532,2533,803792,3792,10130.4845,9947.860972,107.7177653,284.478857,-176.7610917,13.19354839,17137
2019/8/28,9759.791528,7856.88,2887.94,19.35,1537.15,98.2418,0,2.25,3.0543,1.55,102.4479838,24.22230548,943385,3182474,2596,218468,286,10058.75417,9913.666528,82.16687945,244.0164615,-161.8495821,13.25806452,19033
2019/8/27,10219.41337,7826.95,2869.16,20.31,1532.95,98.0177,0,2.25,3.0756,1.55,102.129172,24.03221765,785799,2572461,2020,34185,287,10046.74995,9969.256863,97.87699469,214.7885681,-116.9115734,13.32258065,20448
2019/8/26,10374.87662,7853.74,2878.38,19.32,1525.6625,98.0482,0,2.25,3.056,1.54,101.8103603,23.84212981,1105746,3993558,2857,404031,678,10026.78765,10043.00591,121.471709,196.1251963,-74.65348734,13.38709677,16826
2019/8/25,10118.39958,7819.75,2867.956667,19.50333333,1518.375,97.91613333,0,2.25,3.060033333,1.54,101.4915485,23.65204197,524798,1745714,1533,70018,286,9980.795591,10056.71385,118.1135964,180.5228763,-62.40927996,13.4516129,14278
2019/8/24,10142.8394,7785.76,2857.533333,19.68666667,1511.0875,97.78406667,0,2.25,3.064066667,1.54,101.1727368,23.46195413,802073,2245919,1224,43812659,6143,9934.769985,10072.37304,116.0861878,167.6355386,-51.5493508,13.51612903,14618
2019/8/23,10385.50755,7751.77,2847.11,19.87,1503.8,97.652,0,2.25,3.0681,1.54,100.8539251,23.27186629,1220414,3993314,3125,152203,4909,9940.334835,10129.30659,132.5329858,160.6150281,-28.08204223,13.58064516,17668
2019/8/22,10123.99448,7991.39,2922.95,16.68,1502.05,98.2136,0,2.25,3.0705,1.55,100.5351133,23.08177845,273642,968562,604,53725789,8362,9981.062092,10128.34075,123.0468649,153.1013954,-30.05453054,13.64516129,17858
2019/8/21,10136.96462,8020.21,2924.43,15.8,1503.25,98.2978,0,2.25,3.0571,1.54,100.2163016,22.89169061,1173941,3993233,2712,407527,1987,10033.77979,10129.90873,115.2471304,145.5305424,-30.283412,13.70967742,18179
2019/8/20,10751.85732,7948.56,2900.51,17.5,1504.55,98.1593,0,2.25,3.0324,1.53,99.89748984,22.70160277,1122520,3993121,786,207870,286,10150.73999,10242.99029,156.8741393,147.7992618,9.074877462,13.77419355,16596
2019/8/19,10890.2538,8002.81,2923.65,16.88,1496.6,98.3806,0,2.25,3.0422,1.56,99.5786781,22.51151494,1243293,3993348,2427,654433,8623,10290.38983,10360.67456,198.7403282,157.9874751,40.75285311,13.83870968,16770
2019/8/18,10331.46711,7967.203333,2911.993333,17.41,1502.816667,98.32203333,0,2.25,3.0367,1.553333333,99.25986635,22.3214271,639925,2209120,1927,165066,286,10347.55738,10355.36412,184.7010499,163.33019,21.37085985,13.90322581,14246
2019/8/17,10220.07017,7931.596667,2900.336667,17.94,1509.033333,98.26346667,0,2.25,3.0312,1.546666667,98.94105461,22.13133926,297911,1065146,892,147900,690,10347.62307,10330.76522,162.7103945,163.2062309,-0.495836444,13.96774194,15703
2019/8/16,10344.50799,7895.99,2888.68,18.47,1515.25,98.2049,0,2.25,3.0257,1.54,98.62224287,21.94125142,954007,3253723,2693,313168,1014,10344.5862,10333.2639,153.5536627,161.2757173,-7.722054582,14.03225806,19352
2019/8/15,10296.60027,7766.62,2847.6,21.18,1515.65,98.0978,0,2.25,2.998,1.54,98.30343113,21.75116358,67586,205622,203,77100,286,10362.40627,10326.59779,140.8079873,157.1821713,-16.37418395,14.09677419,19697
2019/8/14,10010.24994,7773.94,2840.6,22.1,1513.25,97.9925,0,2.25,2.9889,1.57,97.98461939,21.56107574,1204580,3993008,3229,884431,313,10349.14733,10269.08,106.3746485,147.0206667,-40.64601819,14.16129032,19072
2019/8/13,10920.98031,8016.36,2926.32,17.52,1498.4,97.8363,0,2.25,3.0263,1.63,97.66580765,21.3709879,1234234,3998656,2621,35773685,14728,10402.6946,10387.60733,150.8355705,147.7836475,3.051923,14.22580645,18208
2019/8/12,11398.76219,7863.41,2883.75,21.09,1504.7,97.418,0,2.25,3.0376,1.61,97.3469959,21.18090006,1160384,3993200,3008,602507,30600,10530.17137,10571.45367,222.0643565,162.6397893,59.42456721,14.29032258,18156
2019/8/11,11555.7759,7895.32,2895.383333,20.05,1502.366667,97.469,0,2.25,3.0426,1.626666667,97.02818416,20.99081223,31445,90317,79,55683122,16640,10672.0525,10750.42134,287.8650477,187.684841,100.1802067,14.35483871,14407
2019/8/10,11342.4686,7927.23,2907.016667,19.01,1500.033333,97.52,0,2.25,3.0476,1.643333333,96.70937242,20.80072439,827624,2805863,2467,59936,286,10731.11363,10858.0663,319.1218155,213.9722359,105.1495796,14.41935484,15781
2019/8/9,11857.84447,7959.14,2918.65,17.97,1497.7,97.571,0,2.25,3.0526,1.66,96.39056068,20.61063655,254658,806748,662,263300,678,10827.8727,11039.84415,381.0866252,247.3951137,133.6915115,14.48387097,17787
2019/8/8,12019.25536,8039.16,2938.09,16.91,1495.75,97.6605,0,2.25,3.053,1.65,96.07174894,20.42054871,499646,1576667,1123,332532,655,10996.65152,11217.91891,438.167768,285.5496446,152.6181234,14.5483871,17352
2019/8/7,11976.65483,7862.83,2883.98,19.49,1506.05,97.6404,0,2.25,3.0576,1.62,95.75293719,20.23046087,1135882,3993175,3335,3113877,12939,11172.30999,11355.8709,474.4977633,323.3392683,151.158495,14.61290323,19684
2019/8/6,11497.06268,7833.27,2881.77,20.17,1465.25,97.608,0,2.25,3.0475,1.62,95.43412545,20.04037303,1136172,3993012,2326,1132670,337,11287.56546,11381.54213,459.2959897,350.5306126,108.7653771,14.67741935,21526
2019/8/5,11782.65214,7726.04,2844.74,24.59,1465.25,97.5065,0,2.25,3.0874,1.6,95.11531371,19.85028519,1279721,3992867,2348,25166394,2533,11436.17064,11454.47122,464.933691,373.4112283,91.52246272,14.74193548,24014
2019/8/4,10948.18762,7818.716667,2873.843333,22.26333333,1457.416667,97.6991,0,2.25,3.1014,1.62,94.79650197,19.66019735,574395,1930899,1621,4800552,681,11529.96441,11362.41966,397.4853336,378.2260493,19.25928424,14.80645161,15514
2019/8/3,10806.81707,7911.393333,2902.946667,19.93666667,1449.583333,97.8917,0,2.25,3.1154,1.64,94.47769023,19.47010952,264095,988889,816,257738,286,11518.54809,11261.40101,328.8340087,368.3476412,-39.5136325,14.87096774,15856
2019/8/2,10523.94638,8004.07,2932.05,17.61,1441.75,98.0843,0,2.25,3.1294,1.66,94.15887848,19.28002168,1165352,3993284,3271,573100,7049,11431.06651,11127.31835,248.7347788,344.4250687,-95.69028991,14.93548387,19806
2019/8/1,10365.98473,8111.12,2953.56,17.87,1406.8,98.3697,0,2.25,3.1613,1.7,93.84006674,19.08993384,1291381,3993061,1427,410048153,10996,11312.08739,10988.89405,170.5434582,309.6487466,-139.1052884,15,19930
2019/7/31,10080.08612,8175.42,2980.38,16.12,1427.55,98.5667,0,2.5,3.213,1.76,93.521255,18.899846,409643,1385882,1026,522971,12177,11185.84914,10823.65625,84.53221012,264.6254393,-180.0932292,15.12903226,19647
2019/7/30,9581.211678,8273.61,3013.18,13.94,1425.9,98.0727,0,2.5,3.2341,1.78,93.94277758,17.40020061,722191,2545360,2183,632730,305,10958.18586,10597.75723,-23.61510168,206.9773311,-230.5924328,15.25806452,18294
2019/7/29,9533.58041,8293.33,3020.97,12.83,1419.05,98.0549,0,2.5,3.2098,1.77,94.36430016,15.90055523,866275,2788048,2054,157521272,6900,10709.61837,10404.27054,-111.8764289,143.2065791,-255.083008,15.38709677,17179
2019/7/28,9545.094701,8305.623333,3022.6,12.60666667,1419.5,98.03646667,0,2.5,3.211133333,1.773333333,94.78582274,14.40090984,388400,1408535,927,468186,192,10466.46235,10248.05675,-178.8335773,78.79854784,-257.6321252,15.51612903,14762
2019/7/27,9464.997729,8317.916667,3024.23,12.38333333,1419.95,98.01803333,0,2.5,3.212466667,1.776666667,95.20734532,12.90126445,1193059,3993112,3287,10157320,1808,10263.25586,10105.68238,-235.6443942,15.90995942,-251.5543537,15.64516129,16400
2019/7/26,9845.987422,8330.21,3025.86,12.16,1420.4,97.9996,0,2.5,3.2138,1.78,95.6288679,11.40161906,910867,3055504,2486,1193368,12757,10069.58939,10058.46512,-247.0765472,-36.6873419,-210.3892053,15.77419355,17954
2019/7/25,9904.696184,8238.54,3003.67,12.74,1416.1,97.7953,0,2.5,3.2189,1.8,96.05039048,9.901973677,891266,2959925,2327,14799155,16480,9965.240242,10030.50713,-248.5343549,-79.0567445,-169.4776104,15.90322581,19361
2019/7/24,9807.414231,8321.5,3019.56,12.07,1426.95,97.6896,0,2.5,3.1895,1.79,96.47191306,8.40232829,1427773,3993388,3356,254800,28350,9865.299959,9989.944784,-254.6045954,-114.1663147,-140.4382807,16.03225806,22926
2019/7/23,9916.381214,8251.4,3005.47,12.61,1425.55,97.7003,0,2.5,3.1763,1.81,96.89343565,6.902682903,612612,1955883,1412,1097000,8125,9804.543442,9976.56959,-247.766482,-140.8863481,-106.8801339,16.16129032,21610
2019/7/22,10338.58841,8204.14,2985.03,13.53,1427.75,97.2795,0,2.5,3.2116,1.79,97.31495823,5.403037516,1385858,3993128,3215,4267612,32400,9801.80381,10042.39119,-205.9050901,-153.8900965,-52.01499353,16.29032258,23274
2019/7/21,10596.3557,8184.923333,2982.223333,13.83666667,1431.733333,97.22783333,0,2.5,3.214766667,1.793333333,97.73648081,3.903392129,1258548,3992823,2857,2863100,678,9853.430768,10143.11201,-150.1985736,-153.1517919,2.953218336,16.41935484,20697
2019/7/20,10764.70085,8165.706667,2979.416667,14.14333333,1435.716667,97.17616667,0,2.5,3.217933333,1.796666667,98.15800339,2.403746742,1138914,3993120,3221,6714666,14666,9971.779685,10256.12817,-91.4129596,-140.8040255,49.39106588,16.5483871,21566
2019/7/19,10511.69548,8146.49,2976.61,14.45,1439.7,97.1245,0,2.5,3.2211,1.8,98.57952597,0.904101355,1453849,3993058,3162,543969427,26837,10069.59119,10302.59495,-64.49687603,-125.5425956,61.04571955,16.67741935,25759
2019/7/18,10629.02333,8207.24,2995.11,13.53,1417.45,96.705,0,2.5,3.2176,1.79,99.00104855,-0.595544032,1204814,3993494,2656,14074493,4608,10177.98405,10361.94556,-33.31428263,-107.096933,73.78265037,16.80645161,24597
2019/7/17,9643.714736,8185.21,2984.42,13.97,1410.35,97.2121,0,2.5,3.2215,1.75,99.42257113,-2.095189419,1206086,3993401,2583,2745084,8650,10195.85576,10231.35814,-87.10394165,-103.0983347,15.99439308,16.93548387,24278
2019/7/16,9499.558669,8222.8,3004.04,12.86,1409.85,97.376,0,2.5,3.2232,1.8,99.84409371,-3.594834806,904193,3367466,1848,18336274,678,10161.21288,10098.30369,-139.7538287,-110.4294335,-29.32439514,17.06451613,22784
2019/7/15,10885.58845,8258.19,3014.3,12.68,1412.4,96.9483,0,2.5,3.23,1.77,100.2656163,-5.094480194,1205818,3993283,2673,138725,287,10259.30211,10241.44637,-68.84462564,-102.1124719,33.26784629,17.19354839,22735
2019/7/14,10288.85312,8253.506667,3014.123333,12.58333333,1410.8,96.90636667,0,2.5,3.218866667,1.77,100.6871389,-6.594125581,1190440,3993523,2806,27829262,3786,10307.446,10250.06578,-60.10724647,-93.71142684,33.60418037,17.32258065,19451
2019/7/13,11397.16143,8248.823333,3013.946667,12.48666667,1409.2,96.86443333,0,2.5,3.207733333,1.77,101.1086615,-8.093770968,1204484,3992900,3466,1228670150,6909,10455.52402,10458.62863,35.8353203,-67.80207741,103.6373977,17.4516129,21442
2019/7/12,11776.08244,8244.14,3013.77,12.39,1407.6,96.8225,0,2.5,3.1966,1.77,101.530184,-9.593416355,1230136,3998473,2745,352036340,11628,10599.27342,10698.16568,140.8229353,-26.07707487,166.9000102,17.58064516,31450
2019/7/11,11376.67939,8196.04,2999.91,12.93,1413.75,97.0721,0,2.5,3.1992,1.77,101.9517066,-11.09306174,1249407,3993162,2908,37061186,13700,10677.30579,10821.53181,189.6121575,17.0607716,172.5513859,17.70967742,20230
2019/7/10,12147.69776,8202.53,2993.07,13.03,1408.3,97.1326,0,2.5,3.2103,1.74,102.3732292,-12.59270713,1308138,3993489,1626,400000,4158,10815.60548,11062.65289,287.1822481,71.0850669,216.0971812,17.83870968,23834
2019/7/9,12545.44522,8141.73,2979.63,14.09,1391.55,97.498,0,2.5,3.229,1.71,102.7947518,-14.09235252,1239326,3998534,3040,67835,7614,11018.98045,11332.2515,392.0824613,135.2845458,256.7979155,17.96774194,22180
2019/7/8,12248.87413,8098.38,2975.95,13.96,1400.1,97.3728,0,2.5,3.2185,1.7,103.2162744,-15.5919979,1144661,3992831,2840,429625,940,11180.96553,11498.91016,446.1429692,197.4562305,248.6867387,18.09677419,21434
2019/7/7,11441.6227,8119.516667,2980.77,13.73333333,1396.283333,97.33566667,0,2.5,3.213466667,1.696666667,103.6377969,-17.09164329,535134,1865514,1640,1043241,5755,11360.75633,11488.49426,419.0176921,241.7685228,177.2491693,18.22580645,15820
2019/7/6,11266.40134,8140.653333,2985.59,13.50666667,1392.466667,97.29853333,0,2.5,3.208433333,1.693333333,104.0593195,-18.59128868,509082,1831713,1486,542091,305,11537.4406,11448.11373,379.0127917,269.2173766,109.7954151,18.35483871,16184
2019/7/5,10980.08333,8161.79,2990.41,13.28,1388.65,97.2614,0,2.5,3.2034,1.69,104.4808421,-20.09093406,65514,204006,134,913818,286,11546.89009,11363.01729,320.5105037,279.476002,41.03450174,18.48387097,19656
2019/7/4,11221.25556,8166.01,2993.115,12.925,1414.9,96.7281,0,2.5,3.2149,1.67,104.9023647,-21.59057945,1157516,3992909,2849,129703905,18540,11640.13033,11337.24243,290.2616469,281.633131,8.628515914,18.61290323,19546
2019/7/3,11943.62984,8170.23,2995.82,12.57,1413.5,96.7788,0,2.5,3.2044,1.65,105.3238873,-23.09022484,1256036,3993356,3328,552942,10396,11694.77717,11447.49469,320.8798737,289.4824795,31.3973942,18.74193548,22563
2019/7/2,10818.18812,8109.09,2973.01,12.93,1391.05,96.7702,0,2.5,3.2553,1.65,105.7454098,-24.58987023,1150353,3992985,1117,1824517,2034,11598.98774,11333.07531,251.4329356,281.8725707,-30.43963513,18.87096774,23546
2019/7/1,10638.00327,8091.16,2964.33,14.06,1390.1,96.8288,0,2.5,3.2731,1.69,106.1669324,-26.08951561,1245650,3993572,2543,54460340,26414,11525.12013,11206.69858,179.7838885,261.4548343,-81.67094576,19,23124
2019/6/30,10912.25593,8062.853333,2956.806667,14.4,1396.4,96.61686667,0,2.5,3.276633333,1.69,106.588455,-27.589161,1183093,3998545,3284,13026700,20325,11401.57594,11153.16355,143.4774811,237.8593637,-94.38188257,19.03333333,17663
2019/6/29,12097.56779,8034.546667,2949.283333,14.74,1402.7,96.40493333,0,2.5,3.280166667,1.69,106.5845699,-28.0126554,135934,460639,404,4241884,31594,11356.7882,11324.87341,207.9520113,231.8778932,-23.92588189,19.06666667,21149
2019/6/28,12482.40996,8006.24,2941.76,15.08,1409,96.193,0,2.5,3.2837,1.69,106.5806847,-28.4361498,1100757,3998505,1564,1140772,9261,11380.14178,11535.3346,286.7960812,242.8615308,43.93455038,19.1,27588
2019/6/27,11237.07665,7967.76,2924.92,15.82,1402.5,96.2102,0,2.5,3.297,1.68,106.5767996,-28.8596442,1158236,3993062,2776,645474422,37492,11359.68718,11481.10588,245.957341,243.4806928,2.476648186,19.13333333,30175
2019/6/26,13112.78254,7909.97,2913.78,16.21,1403.95,96.2205,0,2.5,3.2778,1.7,106.5729145,-29.2831386,1204004,3993404,2508,49534540,28775,11544.3253,11777.77437,360.7872043,266.9419951,93.84520918,19.16666667,41687
2019/6/25,11810.12783,7884.72,2917.38,16.28,1431.4,96.1886,0,2.5,3.2787,1.67,106.5690293,-29.706633,1500169,3993502,1296,768484595,21216,11627.32975,11783.65681,342.7266109,282.0989183,60.62769261,19.2,27019
2019/6/24,11013.9636,8005.7,2945.35,15.26,1405.7,95.9843,0,2.5,3.2682,1.71,106.5651442,-30.1301274,1052304,3993231,2953,612014,2055,11606.60055,11643.71259,261.1591805,277.9109707,-16.75179025,19.23333333,25892
2019/6/23,10880.05131,8014.37,2947.053333,15.30666667,1402.85,96.05686667,0,2.5,3.269433333,1.716666667,106.5612591,-30.5536218,758105,2741495,2169,9861200,9363,11500.2427,11504.86509,183.5944391,259.0476644,-75.45322526,19.26666667,24127
2019/6/22,10719.8078,8023.04,2948.756667,15.35333333,1400,96.12943333,0,2.5,3.270666667,1.723333333,106.5573739,-30.9771162,1295494,3993094,1765,1797463,5220,11490.40467,11362.1274,107.9491403,228.8279596,-120.8788193,19.3,39374
2019/6/21,10162.2037,8031.71,2950.46,15.4,1397.15,96.202,0,2.5,3.2719,1.73,106.5534888,-31.4006106,1186730,3998732,2600,2055661,25382,11442.82471,11143.95945,2.971452104,183.6566581,-180.685206,19.33333333,27828
2019/6/20,9589.390555,8051.34,2954.18,14.75,1379.5,96.6437,0,2.5,3.2634,1.74,106.5496037,-31.824105,1084489,3993157,2332,30000,6900,11310.53817,10861.31056,-125.004383,121.9244499,-246.9288329,19.36666667,22820
2019/6/19,9311.883212,7987.32,2926.46,14.33,1344.05,97.26,0,2.5,3.2709,1.67,106.5457185,-32.2475994,626744,1974614,1532,71431,307,11031.96972,10579.5965,-245.9831372,48.34293246,-294.3260696,19.4,18490
2019/6/18,9125.090764,7953.88,2917.75,15.15,1341.35,97.6464,0,2.5,3.2567,1.64,106.5418334,-32.6710938,1213348,3992953,2871,676071,2109,10696.2378,10315.14091,-352.8646568,-31.8985854,-320.9660714,19.43333333,21527
2019/6/17,9328.082236,7845.02,2889.67,15.35,1341.3,97.557,0,2.5,3.2518,1.61,106.5379483,-33.0945882,1089881,3993194,2168,20739601,16766,10505.33835,10135.6757,-416.3894376,-108.7967558,-307.5926818,19.46666667,20646
2019/6/16,9025.723642,7828.9,2888.773333,15.32666667,1344.616667,97.55846667,0,2.5,3.259966667,1.616666667,106.5340631,-33.5180826,1195860,3992925,1675,181939,1582,10096.63246,9933.866233,-485.5341601,-184.1442367,-301.3899234,19.5,22492
2019/6/15,8859.597054,7812.78,2887.876667,15.30333333,1347.933333,97.55993333,0,2.5,3.268133333,1.623333333,106.530178,-33.941577,1145847,3992805,2487,53498,855,9801.579387,9738.544564,-547.4264864,-256.8006866,-290.6257998,19.53333333,16573
2019/6/14,8696.970843,7796.66,2886.98,15.28,1351.25,97.5614,0,2.5,3.2763,1.63,106.5262929,-34.3650714,1773224,3993017,538,3698708,2688,9569.880112,9549.167524,-602.6521778,-325.9709849,-276.6811929,19.56666667,18696
2019/6/13,8286.913174,7837.13,2891.64,15.82,1335.9,97.0413,0,2.5,3.2975,1.68,106.5224077,-34.7885658,1369419,3993087,1142,1859224,452,9310.566298,9319.666733,-671.7634916,-395.1294862,-276.6340054,19.6,17035
2019/6/12,8159.590369,7792.72,2879.84,15.91,1332.35,97.0029,0,2.5,3.3147,1.71,106.5185226,-35.2120602,1351580,3992933,3715,116592,60000,9054.544555,9108.743758,-728.4119129,-461.7859716,-266.6259414,19.63333333,16268
2019/6/11,7962.75633,7822.57,2885.72,15.99,1324.3,96.7189,0,2.5,3.2902,1.72,106.5146375,-35.6355546,1197202,3993322,3114,891416,19436,8834.599818,8900.382407,-780.1954494,-525.4678671,-254.7275823,19.66666667,16251
2019/6/10,8000.570019,7823.17,2886.73,15.94,1328.6,96.7855,0,2.5,3.2374,1.73,106.5107523,-36.059049,1287046,3993304,3400,13273238,16448,8675.717764,8736.780155,-808.8590034,-582.1460944,-226.712909,19.7,16525
2019/6/9,7750.808728,7796.146667,2882.266667,16.06,1332.616667,96.72066667,0,2.5,3.243075,1.733333333,106.5068672,-36.4825434,1354066,3993133,2995,727484,10320,8519.610316,8557.512623,-842.022415,-634.1213585,-207.9010565,19.73333333,14067
2019/6/8,7974.683977,7769.123333,2877.803333,16.18,1336.633333,96.65583333,0,2.5,3.24875,1.736666667,106.5029821,-36.9060378,1102192,3998524,3310,724637,286,8404.569637,8451.543778,-840.5504536,-675.4071775,-165.1432761,19.76666667,16193
2019/6/7,8070.900978,7742.1,2873.34,16.3,1340.65,96.591,0,2.5,3.254425,1.74,106.4990969,-37.3295322,662546,2280260,1673,1873030,1122,8278.851511,8382.335996,-822.1428547,-704.7543129,-117.3885417,19.8,18556
2019/6/6,7846.273224,7615.55,2843.49,15.93,1335.5,97.0232,0,2.5,3.2601,1.73,106.4952118,-37.7530266,1208971,3993022,3188,110114,22033,8160.90647,8284.870038,-816.2708205,-727.0576144,-89.21320601,19.83333333,18986
2019/6/5,7860.506171,7575.48,2826.15,16.09,1335.05,97.3606,0,2.5,3.2641,1.75,106.4913267,-38.176521,1179789,3992916,2539,20739766,33807,8060.997381,8207.712971,-801.2326005,-741.8926117,-59.33998884,19.86666667,20976
2019/6/4,7760.011058,7527.12,2803.27,16.97,1324.25,97.1364,0,2.5,3.2677,1.74,106.4874415,-38.6000154,1382334,3992892,2816,130000,31200,7967.301403,8126.312623,-788.3363677,-751.1813629,-37.1550048,19.9,22663
2019/6/3,8362.955081,7333.02,2744.45,18.86,1317.1,97.2363,0,2.5,3.2861,1.73,106.4835564,-39.0235098,1396831,3993229,2703,11020681,50262,7974.905594,8169.338525,-721.1504926,-745.1751888,24.02469621,19.93333333,21639
2019/6/2,8781.231373,7373.063333,2746.986667,18.81,1309.916667,97.41553333,0,2.5,3.2912,1.733333333,106.4796713,-39.4470042,1111774,3993049,2961,166890,27098,8037.069694,8280.59177,-626.9269775,-721.5255465,94.59856902,19.96666667,17800
2019/6/1,8596.109824,7413.106667,2749.523333,18.76,1302.733333,97.59476667,0,2.5,3.2963,1.736666667,106.4757861,-39.8704986,1102094,3993059,2439,18562737,4873,8100.405043,8337.958689,-560.7281992,-689.3660771,128.6378778,20,18033
2019/5/31,8606.278615,7453.15,2752.06,18.71,1295.55,97.774,0,2.5,3.3014,1.74,106.471901,-40.293993,1277925,3992967,2715,50000,48600,8160.975903,8386.74413,-501.661809,-651.8252235,150.1634145,19.87096774,23693
2019/5/30,8380.8684,7567.72,2788.86,17.3,1280.95,98.1825,0,2.5,3.3001,1.74,105.5938864,-41.24325155,1269647,3993056,2526,545075,24739,8223.98187,8385.675815,-467.6492206,-614.9900229,147.3408023,19.74193548,27798
2019/5/29,8672.985373,7547.31,2783.02,17.9,1281.65,98.1732,0,2.5,3.3215,1.75,104.7158718,-42.1925101,899457,2984496,2131,502558,27420,8293.81201,8437.913917,-412.3690669,-574.4658317,162.0967648,19.61290323,25021
2019/5/28,8721.615742,7607.35,2802.39,17.5,1278.3,97.9751,0,2.5,3.364,1.73,103.8378572,-43.14176865,1078101,3993129,2803,561153,1770,8358.883486,8489.496067,-360.4796969,-531.6686047,171.1889078,19.48387097,26446
2019/5/27,8857.096556,7614.765,2808.3075,17.0875,1279.35,97.7507,0,2.5,3.3385,1.7375,102.9598425,-44.09102719,1207940,3993116,2711,100201706,52318,8459.965819,8556.332519,-304.9100151,-486.3168868,181.4068717,19.35483871,28581
2019/5/26,8736.628564,7622.18,2814.225,16.675,1280.4,97.70116667,0,2.5,3.330333333,1.745,102.0818279,-45.04028574,755074,2645944,2048,247188,307,8547.578059,8589.113618,-267.5077394,-442.5550573,175.047318,19.22580645,24478
2019/5/25,8104.732046,7629.595,2820.1425,16.2625,1281.45,97.65163333,0,2.5,3.322166667,1.7525,101.2038133,-45.98954429,924690,3245283,2644,1591389,313,8582.050157,8501.044242,-285.5631403,-411.1566739,125.5935337,19.09677419,21858
2019/5/24,8021.477876,7637.01,2826.06,15.85,1282.5,97.6021,0,2.5,3.314,1.76,100.3257987,-46.93880284,1124924,3993407,2026,722656,1197,8547.902437,8413.850357,-303.0961871,-389.5445765,86.44838944,18.96774194,24832
2019/5/23,7919.729554,7628.28,2822.24,16.92,1283.65,97.874,0,2.5,3.3296,1.73,99.4477841,-47.88806139,1059750,3993165,3207,1280000,1455,8461.752255,8324.010211,-321.4954924,-375.9347597,54.43926733,18.83870968,23030
2019/5/22,7744.861887,7750.84,2856.27,14.75,1273.8,98.1173,0,2.5,3.3156,1.79,98.56976948,-48.83731994,1140757,3993142,936,11456596,37474,8376.627461,8218.710516,-346.1966937,-369.9871465,23.79045282,18.70967742,28228
2019/5/21,7984.314133,7785.72,2864.36,14.95,1271.15,98.04,0,2.5,3.3139,1.83,97.69175487,-49.78657848,1346062,3993205,3137,226900,28200,8314.431013,8176.092992,-342.5026216,-364.4902415,21.98761993,18.58064516,26690
2019/5/20,8004.459954,7702.38,2840.23,16.31,1276.85,97.9454,0,2.5,3.2878,1.81,96.81374026,-50.73583703,1155334,3993097,2115,54979050,11300,8276.790169,8144.886985,-334.0981678,-358.4118268,24.31365902,18.4516129,26986
2019/5/19,8186.662732,7740.35,2846.663333,16.19333333,1278.166667,97.9724,0,2.5,3.288733333,1.81,95.93572565,-51.68509558,345826,1153900,829,172432,2541,8228.157904,8152.482575,-309.1714006,-348.5637415,39.39234092,18.32258065,23521
2019/5/18,7332.609911,7778.32,2853.096667,16.07666667,1279.483333,97.9994,0,2.5,3.289666667,1.81,95.05771103,-52.63435413,1545193,3993289,1443,671100,759,8089.257321,8003.414818,-354.2481312,-349.7006195,-4.547511712,18.19354839,21030
2019/5/17,7382.337789,7816.29,2859.53,15.96,1280.8,98.0264,0,2.5,3.2906,1.81,94.17969642,-53.58361268,1203324,3993009,2515,250214,15876,7941.781445,7890.491722,-381.560746,-356.0726448,-25.48810121,18.06451613,24758
2019/5/16,7918.875905,7898.05,2876.32,15.29,1291.7,97.8354,0,2.5,3.2745,1.84,93.30168181,-54.53287123,1157593,3992788,2635,5307930,31650,7860.006179,7895.652482,-355.8104863,-356.0202131,0.209726812,17.93548387,25357
2019/5/15,8181.247379,7822.15,2850.96,16.44,1299.1,97.5889,0,2.5,3.2976,1.83,92.42366719,-55.48212977,1122932,3993104,2406,1495354,24926,7867.657712,7947.578827,-310.6510428,-346.946379,36.29533619,17.80645161,26417
2019/5/14,8028.236494,7734.49,2834.41,18.06,1298.4,97.5378,0,2.5,3.3072,1.86,91.54565258,-56.43138832,1178992,3993085,2219,21824607,21008,7868.333574,7962.243858,-283.9355262,-334.3442085,50.40868224,17.67741935,30481
2019/5/13,7813.193116,7647.02,2811.87,20.55,1295.6,97.3815,0,2.5,3.2981,1.85,90.66763797,-57.38064687,1143513,3993060,2573,513942833,7232,7857.67993,7935.143723,-276.9232909,-322.860025,45.93673403,17.5483871,30708
2019/5/12,6992.035884,7736.993333,2835.046667,19.04666667,1292.766667,97.3662,0,2.5,3.310933333,1.86,89.78962335,-58.32990542,1117480,3993187,1772,216010483,22788,7782.39733,7763.66957,-333.7789736,-325.0438147,-8.735158927,17.41935484,24282
2019/5/11,7235.877636,7826.966667,2858.223333,17.54333333,1289.933333,97.3509,0,2.5,3.323766667,1.87,88.91160874,-59.27916397,1073357,3993365,2510,1978588,10718,7707.55368,7667.7074,-355.0685115,-331.0487541,-24.01975743,17.29032258,28634
2019/5/10,6386.69149,7916.94,2881.4,16.04,1287.1,97.3356,0,2.5,3.3366,1.88,88.03359413,-60.22842252,1289984,3992786,3118,3045593254,1201473,7545.776834,7434.795417,-435.443329,-351.927669,-83.51565997,17.16129032,26998
2019/5/9,6187.660821,7910.59,2870.72,19.1,1286.1,97.463,0,2.5,3.338,1.85,87.15557952,-61.17768106,1213681,3993229,2190,443698,286,7345.876643,7208.043672,-509.3298254,-383.4081003,-125.9217251,17.03225806,23754
2019/5/8,5973.935496,7943.32,2879.42,19.4,1285.2,97.6226,0,2.5,3.3571,1.87,86.2775649,-62.12693961,1186590,3993213,1905,825179,2457,7210.009201,6983.660367,-578.4630913,-422.4190985,-156.0439928,16.90322581,21963
2019/5/7,5855.204284,7963.76,2884.05,19.32,1281.2,97.5656,0,2.5,3.3711,1.87,85.39955029,-63.07619816,1243005,3993420,2840,845550,58883,7057.295851,6778.486534,-635.5065946,-465.0365977,-170.4699969,16.77419355,23358
2019/5/6,5742.76254,8123.29,2932.47,15.44,1280.5375,97.5324,0,2.5,3.354,1.91,84.52153568,-64.02545671,1097190,3993129,2403,1603548,870,6839.684514,6590.173081,-681.9262695,-508.4145321,-173.5117374,16.64516129,17404
2019/5/5,5779.333069,8136.86,2936.86,14.58333333,1279.875,97.5089,0,2.5,3.405,1.91,83.64352106,-64.97471526,1900659,3993426,976,365064,1510,6599.493083,6442.747624,-707.6064139,-548.2529084,-159.3535055,16.51612903,16535
2019/5/4,5820.358392,8150.43,2941.25,13.72666667,1279.2125,97.4854,0,2.5,3.42064,1.91,82.76550645,-65.92397381,1097775,3993324,2153,28368929,1500,6378.705273,6329.585945,-716.3896191,-581.8802506,-134.5093685,16.38709677,17068
2019/5/3,5734.732074,8164,2945.64,12.87,1278.55,97.4619,0,2.5,3.43628,1.91,81.88749184,-66.87323235,1071212,3993323,2344,101440218,12664,6170.859169,6221.430696,-721.9376529,-609.891731,-112.0459218,16.25806452,24485
2019/5/2,5485.782605,8036.77,2917.52,14.42,1270.95,97.8454,0,2.5,3.45192,1.89,81.00947723,-67.8224909,1136566,3992884,3167,278264,433,6020.233841,6087.676498,-737.9164101,-635.4966669,-102.4197433,16.12903226,22445
2019/5/1,5388.818933,8049.64,2923.73,14.8,1283.8,97.6534,0,2.5,3.46756,1.93,80.13146261,-68.77174945,1353339,3993195,3224,32918676,15397,5835.52797,5960.611486,-749.7610695,-658.3495474,-91.41152211,16,20851
2019/4/30,5305.984482,8095.39,2945.83,13.12,1282.3,97.5235,0,2.5,3.4832,1.95,79.253448,-69.721008,1287557,3993119,2954,2796495,10701,5727.45727,5841.588394,-757.104664,-678.1005707,-79.00409329,15.86666667,21581
2019/4/29,5258.677411,8161.85,2943.03,13.11,1279.5,97.8394,0,2.5,3.4796,1.96,79.35594283,-70.14136533,1217085,3993015,3521,77836503,12294,5634.558929,5735.604579,-758.0040025,-694.0812571,-63.92274544,15.73333333,20448
2019/4/28,5293.938256,8156.7,2941.98,12.98333333,1281.066667,97.90393333,0,2.5,3.4167,1.963333333,79.45843767,-70.56172267,195697,682486,460,442439,24669,5566.559205,5655.301611,-747.2575593,-704.7165175,-42.54104176,15.6,17580
2019/4/27,5274.514196,8151.55,2940.93,12.85666667,1282.633333,97.96846667,0,2.5,3.4197,1.966666667,79.5609325,-70.98208,1393638,3992625,2437,2412898,31746,5508.490196,5586.067536,-731.8717232,-710.1475586,-21.72416458,15.46666667,16710
2019/4/26,5264.272698,8146.4,2939.88,12.73,1284.2,98.033,0,2.5,3.4227,1.97,79.66342733,-71.40243733,1690727,3993170,1118,2404599,15082,5460.641212,5527.559383,-712.2938604,-710.576819,-1.717041387,15.33333333,21070
2019/4/25,5241.366292,8118.68,2926.17,13.25,1280.8,98.1789,0,2.5,3.4334,1.98,79.76592217,-71.82279467,1238477,3992663,2773,89900439,3740,5406.844534,5475.524276,-690.6650616,-706.5944675,15.92940588,15.2,19506
2019/4/24,5484.270138,8102.02,2927.25,13.14,1271.65,98.0905,0,2.5,3.4461,1.96,79.868417,-72.243152,1284840,3993144,3040,687600000,10000,5373.235709,5477.114433,-646.4716497,-694.569904,48.09825425,15.06666667,19743
2019/4/23,5591.933563,8120.82,2933.68,12.28,1269.5,97.5748,0,2.5,3.4214,1.95,79.97091183,-72.66350933,1276502,3993164,3081,6851800,23414,5358.955857,5497.990638,-595.8914481,-674.8342128,78.94276472,14.93333333,22296
2019/4/22,5417.509437,8015.27,2907.97,12.42,1270.74,97.2956,0,2.5,3.436,1.95,80.07340667,-73.08386667,1159237,3992983,2864,1394284,24759,5352.128541,5483.357693,-563.3864745,-652.5446651,89.15819062,14.8,17408
2019/4/21,5349.866311,8010.9675,2907.235,12.31,1271.98,97.32206667,0,2.5,3.4268,1.95,80.1759015,-73.504224,1131245,3993317,3293,454667,375,5348.233278,5459.086532,-536.895289,-629.4147899,92.51950086,14.66666667,17222
2019/4/20,5363.756655,8006.665,2906.5,12.2,1273.22,97.34853333,0,2.5,3.4176,1.95,80.27839633,-73.92458133,1489957,3992839,2003,202089970,20020,5354.010496,5441.753827,-508.9135603,-605.314544,96.40098369,14.53333333,17709
2019/4/19,5317.96215,8002.3625,2905.765,12.09,1274.46,97.375,0,2.5,3.4084,1.95,80.38089117,-74.34493867,1186382,3998381,2955,1082968800,8790,5359.93897,5419.24625,-484.8440916,-581.2204535,96.3763619,14.4,18120
2019/4/18,5309.256996,7998.06,2905.03,12.09,1275.7,97.4526,0,2.5,3.421,1.95,80.483386,-74.765296,1093924,3998419,2140,121908090,10750,5361.470844,5399.248203,-461.1553852,-557.2074399,96.05205463,14.26666667,17682
2019/4/17,5271.109695,7996.08,2900.45,12.6,1275.85,97.0334,0,2.5,3.4512,1.94,80.58588083,-75.18565333,1125209,3993332,2786,90840,1453,5361.130394,5375.950293,-440.3836149,-533.8426749,93.45905993,14.13333333,18090
2019/4/16,5280.621478,8000.23,2907.06,12.18,1276.35,97.0847,0,2.5,3.3903,1.96,80.68837567,-75.60601067,1199669,3993287,3244,232967778,8492,5362.765271,5358.617781,-418.3320445,-510.7405488,92.40850426,14,20162
2019/4/15,5114.800176,7976.01,2905.58,12.32,1285.65,96.937,0,2.5,3.3558,1.94,80.7908705,-76.026368,1088844,3998409,2999,9513898,678,5350.10866,5314.287307,-409.5157665,-490.4955924,80.97982582,13.86666667,21915
2019/4/14,5187.562408,7978.726667,2906.19,12.21666667,1288.533333,96.94103333,0,2.5,3.349133333,1.943333333,80.89336533,-76.44672533,1175504,3992855,2723,68283578,3486,5320.437887,5291.246417,-392.1371853,-470.8239109,78.68672565,13.73333333,15018
2019/4/13,5132.674495,7981.443333,2906.8,12.11333333,1291.416667,96.94506667,0,2.5,3.342466667,1.946666667,80.99586017,-76.86708267,1127694,3993087,3514,1245602,777,5274.51198,5262.415158,-378.4312109,-452.3453709,73.91416005,13.6,14753
2019/4/12,5090.026913,7984.16,2907.41,12.01,1294.3,96.9491,0,2.5,3.3358,1.95,81.098355,-77.28744,1168373,3992954,1975,105220,573,5241.763728,5231.071841,-366.7823918,-435.2327751,68.45038334,13.46666667,19211
2019/4/11,5055.483612,7947.36,2888.32,13.02,1298.8,97.2004,0,2.5,3.3154,1.94,81.20084983,-77.70779733,1065949,3992701,3183,266966,1311,5212.325458,5199.146708,-356.2315587,-419.4325318,63.2009731,13.33333333,19646
2019/4/10,5334.165462,7964.24,2888.21,13.3,1305.45,96.9309,0,2.5,3.3152,1.94,81.30334467,-78.12815467,1324184,3998420,3459,160255630,7000,5209.366339,5223.695573,-321.6745869,-399.8809428,78.20635596,13.2,20630
2019/4/9,5235.702336,7909.28,2878.2,14.28,1303,97.0363,0,2.5,3.3206,1.91,81.4058395,-78.548512,1268881,3992890,2551,1368707,2580,5201.140357,5225.878621,-298.7888373,-379.6625217,80.87368438,13.06666667,21506
2019/4/8,5303.985429,7953.88,2895.77,13.18,1300,97.0592,0,2.5,3.2879,1.91,81.50833433,-78.96886933,1326760,3993058,3458,13269121,26832,5200.6132,5240.079858,-272.0063215,-358.1312817,86.1249602,12.93333333,21850
2019/4/7,5212.309923,7948.816667,2894.76,13.06,1296.15,97.17803333,0,2.5,3.2798,1.906666667,81.61082917,-79.38922667,1119922,3992926,3069,789536,51757,5194.733223,5235.030779,-255.2362275,-337.5522708,82.31604333,12.8,18379
2019/4/6,5066.740036,7943.753333,2893.75,12.94,1292.3,97.29686667,0,2.5,3.2717,1.903333333,81.713324,-79.809584,1215018,3993003,958,12114,2430,5173.345079,5204.432462,-250.8010027,-320.2020172,69.40101453,12.66666667,18512
2019/4/5,5029.810426,7938.69,2892.74,12.82,1288.45,97.4157,0,2.5,3.2636,1.9,81.81581883,-80.22994133,1303842,3998235,3164,41684422,20853,5164.846104,5172.683001,-247.4139322,-305.6444002,58.23046805,12.53333333,21242
2019/4/4,4924.082434,7891.78,2879.39,13.58,1283.15,97.3158,0,2.5,3.2555,1.9,81.91831367,-80.65029867,1368408,3992793,2150,31067164,18630,5138.498107,5127.482898,-250.3748542,-294.590491,44.21563678,12.4,19138
2019/4/3,4981.380899,7895.55,2873.4,13.74,1290.45,97.1373,0,2.5,3.2364,1.91,82.0208085,-81.070656,1344189,3993228,2963,3955207,36171,5123.368747,5100.918898,-245.2705726,-284.7265073,39.45593475,12.26666667,27604
2019/4/2,4888.060145,7848.69,2867.24,13.36,1290.3,97.2934,0,2.5,3.2162,1.9,82.12330333,-81.49101333,1337182,3993217,3070,979800678,53897,5103.17207,5062.217307,-245.9207759,-276.965361,31.04458515,12.13333333,31271
2019/4/1,4202.12515,7828.91,2867.19,13.4,1293.5,97.2437,0,2.5,3.1335,1.9,82.22579817,-81.91137067,1185986,3993200,2880,4343641,21584,5017.836224,4905.836915,-298.3461396,-281.2415167,-17.10462286,12,19381
2019/3/31,4202.588398,7795.713333,2856.26,13.50333333,1294.133333,97.24433333,0,2.5,3.121033333,1.893333333,82.328293,-82.331728,1204241,3998258,2750,17467580,21150,4904.678518,4777.973548,-335.9832323,-292.1898598,-43.79337241,11.90322581,13999
2019/3/30,4164.62132,7762.516667,2845.33,13.60666667,1294.766667,97.24496667,0,2.5,3.108566667,1.886666667,82.79512752,-82.57643916,1257179,3993413,3365,47447950,10253,4797.570416,4666.454961,-364.6708269,-306.6860533,-57.98477368,11.80645161,16862
2019/3/29,4128.954216,7729.32,2834.4,13.71,1295.4,97.2456,0,2.5,3.0961,1.88,83.26196203,-82.82115032,1189422,3992991,2658,18552350,21600,4680.067295,4568.727553,-385.8363088,-322.5161044,-63.32020446,11.70967742,19794
2019/3/28,4061.003062,7669.17,2815.44,14.43,1295.15,97.2479,0,2.5,3.0881,1.83,83.72879655,-83.06586148,1387620,3993192,2371,1918882,15675,4564.936609,4476.414009,-403.4425613,-338.7013958,-64.74116549,11.61290323,19331
2019/3/27,4069.689197,7643.38,2805.37,15.15,1309.7,96.9658,0,2.5,3.0763,1.84,84.19563106,-83.31057265,1010166,3993222,834,2133293,2344,4465.231525,4402.464043,-411.9460866,-353.3503339,-58.59575265,11.51612903,18796
2019/3/26,3980.620043,7691.52,2818.46,14.68,1316.3,96.8234,0,2.5,3.091,1.86,84.66246558,-83.55528381,1390292,3992993,2644,8715574,14973,4360.312486,4325.765134,-421.0190821,-366.8840836,-54.13499854,11.41935484,17060
2019/3/25,3969.701717,7637.54,2798.36,16.33,1319.55,96.5353,0,2.5,3.0951,1.88,85.1293001,-83.79999497,1340401,3993046,3199,712431951,1008,4264.874415,4261.026331,-424.2005937,-378.3473856,-45.85320811,11.32258065,17740
2019/3/24,4024.480056,7639.25,2799.143333,16.38,1316.8,96.55906667,0,2.5,3.103833333,1.886666667,85.59613461,-84.04470613,1102272,3522828,1934,1431588,2331,4169.18433,4218.017917,-417.4892541,-386.1757593,-31.31349485,11.22580645,13501
2019/3/23,4034.593702,7640.96,2799.926667,16.43,1314.05,96.58283333,0,2.5,3.112566667,1.893333333,86.06296913,-84.28941729,404633,1351280,890,2513011,1864,4083.837686,4184.66806,-406.6665833,-390.2739241,-16.39265918,11.12903226,15265
2019/3/22,4017.939706,7642.67,2800.71,16.48,1311.3,96.6066,0,2.5,3.1213,1.9,86.52980365,-84.53412845,1369092,3993168,1904,15250720,2490,4065.419142,4154.353814,-394.8814296,-391.1954252,-3.686004412,11.03225806,16970
2019/3/21,4024.283202,7838.96,2854.88,13.63,1309.6,96.3545,0,2.5,3.1453,1.96,86.99663816,-84.77883961,876464,2702549,2139,241999803,3985,4047.588622,4130.704612,-380.64194,-389.0847281,8.442788184,10.93548387,19423
2019/3/20,4075.319877,7728.97,2824.23,13.91,1303.7,96.0136,0,2.5,3.1521,1.96,87.46347268,-85.02355077,51854,158675,169,329613,3808,4038.658478,4120.63466,-361.0765431,-383.4830911,22.40654807,10.83870968,19248
2019/3/19,4039.787114,7723.95,2832.57,13.56,1307.7,96.4032,0,2.5,3.1448,1.95,87.93030719,-85.26826194,94248,308997,225,477229,1379,4029.741768,4105.935106,-344.4672184,-375.6799166,31.21269818,10.74193548,18727
2019/3/18,4020.470962,7714.48,2832.94,13.1,1305.6,96.5008,0,2.5,3.1399,1.96,88.39714171,-85.5129731,246662,686693,443,1497623,1769,4025.688558,4090.396171,-329.069552,-366.3578437,37.28829165,10.64516129,18737
2019/3/17,4007.16692,7705.83,2829.453333,13.02666667,1304.9,96.515,0,2.5,3.146266667,1.953333333,88.86397623,-85.75768426,912716,2973728,2182,35629,1705,4019.43633,4075.26358,-314.317064,-355.9496877,41.63262371,10.5483871,15347
2019/3/16,4024.229285,7697.18,2825.966667,12.95333333,1304.2,96.5292,0,2.5,3.152633333,1.946666667,89.33081074,-86.00239542,80072,257633,242,791318,678,4023.797254,4065.984617,-297.8157858,-344.3229073,46.50712159,10.4516129,17435
2019/3/15,3928.041329,7688.53,2822.48,12.88,1303.5,96.5434,0,2.5,3.159,1.94,89.79764526,-86.24710658,1432622,3993068,3094,32770299,11795,4019.631215,4040.904019,-289.166635,-333.2916529,44.12501785,10.35483871,20206
2019/3/14,3900.376687,7630.91,2808.48,13.5,1295.55,96.7571,0,2.5,3.1465,1.94,90.26447977,-86.49181774,1346234,3993104,2692,7861038,15105,4007.220878,4015.353595,-281.3017547,-322.8936732,41.59191857,10.25806452,20023
2019/3/13,3895.619863,7643.41,2810.92,13.41,1306.95,96.4689,0,2.5,3.1417,1.92,90.73131429,-86.7365289,1185589,3993067,1547,22539000,1146,3993.323495,3993.583826,-272.3135551,-312.7776496,40.46409452,10.16129032,18492
2019/3/12,3901.113915,7591.03,2791.52,13.77,1297.05,97.008,0,2.5,3.1606,1.9,91.19814881,-86.98124006,1340642,3993110,2786,1040441083,3711,3981.640915,3976.771115,-261.7299581,-302.5681113,40.83815324,10.06451613,19917
2019/3/11,3879.103312,7558.06,2783.3,14.33,1292.75,97.1805,0,2.5,3.1466,1.91,91.66498332,-87.22595123,1239910,3992896,3204,3434947,4809,3967.122926,3959.013332,-252.2111201,-292.4967131,40.28559298,9.967741935,18186
2019/3/10,3902.806463,7508.086667,2769.89,14.90333333,1294.083333,97.2444,0,2.5,3.1478,1.906666667,92.13181784,-87.47066239,1158707,3992639,1651,1432927,904,3949.871585,3948.793902,-239.9882906,-281.9950286,42.00673798,9.870967742,15841
2019/3/9,3931.895283,7458.113333,2756.48,15.47666667,1295.416667,97.3083,0,2.5,3.149,1.903333333,92.59865235,-87.71537355,2354,6368,7,10361164,7678,3939.082402,3945.721425,-225.3566147,-270.6673458,45.31073109,9.774193548,17366
2019/3/8,3872.141156,7408.14,2743.07,16.05,1296.75,97.3722,0,2.5,3.1502,1.9,93.06548687,-87.96008471,304445,977816,578,362681,4775,3924.249421,3932.343195,-216.0915954,-259.7521957,43.6606003,9.677419355,17183
2019/3/7,3888.248904,7421.46,2748.93,16.59,1285.3,97.612,0,2.5,3.1789,1.9,93.53232139,-88.20479587,1341109,3993196,3192,7498488254,100000,3912.35762,3924.326051,-205.0851463,-248.8187858,43.73363951,9.580645161,18488
2019/3/6,3873.668096,7505.92,2771.45,15.74,1285.85,96.8877,0,2.5,3.2139,1.91,93.9991559,-88.44950703,1320452,3993356,1573,269358,3460,3897.301501,3915.115514,-195.2878487,-238.1125984,42.8247497,9.483870968,18028
2019/3/5,3855.002805,7576.36,2789.65,14.74,1283.8,96.8389,0,2.5,3.2121,1.93,94.46599042,-88.69421819,1187736,3992931,2740,1017083,678,3889.997648,3904.18593,-186.8753698,-227.8651527,40.98978287,9.387096774,18838
2019/3/4,3755.244534,7577.57,2792.81,14.63,1285.4,96.6204,0,2.5,3.2152,1.94,94.93282494,-88.93892935,1321310,3993287,3047,100221009,5562,3875.484433,3877.105676,-186.1126873,-219.5146596,33.40197236,9.290322581,17545
2019/3/3,3881.076222,7583.496667,2796.436667,14.27666667,1294.25,96.56816667,0,2.5,3.2081,1.946666667,95.39965945,-89.18364052,1245559,3992776,2929,4640637,3402,3874.030069,3877.827594,-173.3563462,-210.2829969,36.92665076,9.193548387,14176
2019/3/2,3848.655865,7589.423333,2800.063333,13.92333333,1303.1,96.51593333,0,2.5,3.201,1.953333333,95.86649397,-89.42835168,1112688,3993174,3489,17430395,4360,3868.784264,3872.523643,-163.9727302,-201.0209436,37.04821334,9.096774194,14475
2019/3/1,3834.29029,7595.35,2803.69,13.57,1311.95,96.4637,0,2.5,3.1939,1.96,96.33332848,-89.67306284,1259557,3993169,2122,2153617,11050,3864.302962,3865.572124,-155.8982311,-191.9964011,36.09816999,9,16498
2019/2/28,3845.258313,7532.53,2784.49,14.7,1319.15,96.2218,0,2.5,3.2386,1.95,96.800163,-89.917774,1139541,3993177,1639,7098973,11968,3858.548147,3861.878704,-146.9204965,-182.9812202,36.06072364,9,17668
2019/2/27,3841.615656,7554.51,2792.38,14.7,1322.85,96.1537,0,2.5,3.2307,1.93,96.46530371,-88.0390515,365441,1167386,738,15417374,17417,3849.520184,3858.194514,-138.5029336,-174.0855629,35.58262927,9,17989
2019/2/26,3842.992707,7549.3,2793.9,15.17,1325.05,96.0739,0,2.5,3.2344,1.92,96.13044443,-86.160329,1074344,3857978,3389,13204347,11275,3846.605339,3855.430549,-130.2197456,-165.3123994,35.09265379,9,18337
2019/2/25,3868.161644,7554.46,2796.11,14.85,1331.05,96.439,0,2.5,3.1993,1.92,95.79558514,-84.2816065,1143293,3998444,2315,1415898,855,3844.596613,3857.745293,-120.2383043,-156.2975804,36.0592761,9,18557
2019/2/24,3807.506664,7545.49,2794.963333,14.40333333,1330.383333,96.47326667,0,2.5,3.1885,1.916666667,95.46072586,-82.402884,1375549,3992887,3191,47626642,2164,3837.98047,3848.610997,-115.8864235,-148.215349,32.32892548,9,19043
2019/2/23,4123.668789,7536.52,2793.816667,13.95666667,1329.716667,96.50753333,0,2.5,3.1777,1.913333333,95.12586657,-80.5241615,1254394,3993112,2796,197226140,4508,3864.847068,3898.621505,-85.9352771,-135.7593346,49.82405753,9,17467
2019/2/22,3970.590294,7527.55,2792.67,13.51,1329.05,96.5418,0,2.5,3.1669,1.91,94.79100729,-78.645439,478567,1643923,1406,1163700,1140,3886.381644,3911.706739,-73.7013497,-123.3477377,49.64638795,9,18990
2019/2/21,3894.540736,7459.71,2774.88,14.46,1331.25,96.6191,0,2.5,3.1707,1.91,94.456148,-76.7667165,1329918,3993351,3792,426954,7325,3887.728096,3908.585648,-69.34309383,-112.5468089,43.20371506,9,18673
2019/2/20,3918.389586,7489.07,2784.7,14.02,1343.75,96.5589,0,2.5,3.1637,1.89,94.12128871,-74.887994,1194621,3993198,1954,41021922,4574,3894.701468,3910.368182,-63.23579884,-102.6846069,39.44880804,9,19783
2019/2/19,3893.270397,7486.77,2779.76,14.88,1334.15,96.5187,0,2.5,3.1681,1.87,93.78642943,-73.0092715,1228727,3993170,1854,50623531,5088,3900.599479,3907.259494,-59.73405518,-94.09449654,34.36044136,9,20657
2019/2/18,3858.949361,7483.18,2778.72,14.8875,1325.5,96.8024,0,2.5,3.1336,1.8675,93.45157014,-71.130549,1600348,3993127,2043,3532870,7854,3901.968583,3898.475833,-59.04765427,-87.08512808,28.03747381,9,20088
2019/2/17,3630.269019,7479.59,2777.68,14.895,1322.516667,96.84096667,0,2.5,3.129833333,1.865,93.11671086,-69.2518265,1234812,3998562,3601,16502515,3048,3880.83392,3849.710958,-76.07927452,-84.88395737,8.804682849,9,15013
2019/2/16,3599.138222,7476,2776.64,14.9025,1319.533333,96.87953333,0,2.5,3.126066667,1.8625,92.78185157,-67.373104,565262,1964654,1739,67828,301,3856.448471,3804.152279,-91.03950469,-86.11506683,-4.924437852,9,14503
2019/2/15,3596.820722,7472.41,2775.6,14.91,1316.55,96.9181,0,2.5,3.1223,1.86,92.44699229,-65.4943815,1350232,3993163,2738,148723713,61391,3829.314379,3766.455632,-101.9078673,-89.27362693,-12.63424037,9,17973
2019/2/14,3577.37136,7426.96,2745.73,16.22,1311.45,97.0177,0,2.5,3.1138,1.85,92.112133,-63.615659,1230550,3993046,2932,168076,347,3806.300849,3732.076673,-110.813139,-93.58152935,-17.2316097,9,20146
2019/2/13,3590.146721,7420.38,2753.03,15.65,1312.8,97.1903,0,2.5,3.1096,1.86,91.77727371,-61.7369365,1172405,3992762,3274,499765,299,3752.948642,3706.271228,-115.5082589,-97.96687526,-17.54138364,9,19037
2019/2/12,3608.145569,7414.62,2744.73,15.43,1310,96.7336,0,2.5,3.1049,1.83,91.44241443,-59.858214,1335643,3992779,2723,70616436,50000,3716.704169,3688.430199,-116.4346326,-101.6604267,-14.77420589,9,18536
2019/2/11,3615.96957,7307.91,2709.8,15.97,1306.4,97.0593,0,2.5,3.112,1.82,91.10755514,-57.9794915,1818143,3993419,318,69598706,89882,3688.847053,3675.255539,-115.2093968,-104.3702207,-10.83917604,9,17137
2019/2/10,3663.532767,7304.673333,2709.16,15.88666667,1309.216667,96.91886667,0,2.5,3.113775,1.82,90.77269586,-56.100769,1205701,3993022,3478,1011315714,1410,3663.361371,3673.124126,-109.1423114,-105.3246389,-3.817672541,9,15294
2019/2/9,3648.622398,7301.436667,2708.52,15.80333333,1312.033333,96.77843333,0,2.5,3.11555,1.82,90.43783657,-54.2220465,1219239,3993255,3478,336600,999,3638.896571,3668.669266,-104.3345411,-105.1266193,0.792078235,9,18400
2019/2/8,3632.621064,7298.2,2707.88,15.72,1314.85,96.638,0,2.5,3.117325,1.82,90.10297729,-52.343324,1208835,3993120,3422,9740,370,3616.263741,3662.115048,-100.6552315,-104.2323418,3.577110234,9,20304
2019/2/7,3382.947414,7288.35,2706.05,16.37,1310,96.5849,0,2.5,3.1191,1.84,89.768118,-50.4646015,1215886,3993130,3275,192593,655,3591.531581,3611.357296,-116.5424997,-106.6943734,-9.84812639,9,18834
2019/2/6,3405.558944,7375.28,2731.61,15.38,1312.4,96.4194,0,2.5,3.120875,1.86,89.43325871,-48.585879,899192,3233183,1168,46310237,1247,3572.173653,3573.939414,-125.8579012,-110.5270789,-15.3308223,9,20673
2019/2/5,3463.442822,7402.08,2737.7,15.57,1314.2,96.0881,0,2.5,3.12265,1.87,89.09839943,-46.7071565,1211899,3972838,2765,195369582,11865,3558.835863,3553.849124,-127.1044973,-113.8425626,-13.2619347,9,19792
2019/2/4,3453.032184,7347.54,2724.87,15.73,1312.15,95.8244,0,2.5,3.124425,1.87,88.76354014,-44.828434,1172332,3993031,2601,1449754,5000,3546.401945,3535.518772,-127.4631691,-116.5666839,-10.89648518,9,18658
2019/2/3,3451.480647,7319.65,2718.756667,15.86666667,1314.333333,95.75293333,0,2.5,3.1262,1.873333333,88.42868086,-42.9497115,399250,1363210,1114,236080,342,3532.535338,3520.239113,-126.4153773,-118.5364226,-7.878954748,9,15208
2019/2/2,3502.072823,7291.76,2712.643333,16.00333333,1316.516667,95.68146667,0,2.5,3.1355,1.876666667,88.09382157,-41.070989,1355736,3993033,3222,1347248,12485,3521.928063,3516.936151,-120.1179837,-118.8527348,-1.265248888,9,15728
2019/2/1,3474.400614,7263.87,2706.53,16.14,1318.7,95.61,0,2.5,3.1204,1.88,87.75896229,-39.1922665,1157374,3993376,3278,3381526,741,3507.771168,3509.202417,-116.022732,-118.2867343,2.264002218,9,14658
2019/1/31,3447.812769,7281.74,2704.1,16.57,1323.25,95.5533,0,2.5,3.1063,1.85,87.424103,-37.313544,595688,2181467,1481,870310,342,3486.199168,3498.040663,-113.6129728,-117.351982,3.739009125,9.032258065,20616
2019/1/30,3470.82826,7183.08,2681.05,17.66,1310.7,95.4278,0,2.5,3.1261,1.84,87.52679858,-36.58661723,1450462,3993241,2231,4746919,6762,3468.419754,3493.092953,-108.5942566,-115.6004369,7.006180328,9.064516129,19785
2019/1/29,3438.806393,7028.29,2640,19.13,1307.55,95.8337,0,2.5,3.1234,1.78,87.62949416,-35.85969045,1259289,3992973,3406,4856776,5656,3449.038287,3483.222669,-105.9791234,-113.6761742,7.697050766,9.096774194,19242
2019/1/28,3462.059067,7085.69,2643.85,18.87,1302.15,95.7562,0,2.5,3.1555,1.78,87.73218974,-35.13276368,1120770,3993327,3177,2258819,12000,3456.949452,3479.374742,-100.8675765,-111.1144547,10.24687817,9.129032258,19069
2019/1/27,3575.695347,7112.08,2650.82,18.38666667,1299.4,95.77723333,0,2.5,3.1422,1.783333333,87.83488532,-34.4058369,156967,492724,398,4700000,3059,3473.963093,3496.887579,-86.6483128,-106.2212263,19.57291348,9.161290323,14794
2019/1/26,3595.147524,7138.47,2657.79,17.90333333,1296.65,95.79826667,0,2.5,3.1289,1.786666667,87.9375809,-33.67891013,74162,213809,154,6143518,5063,3487.133563,3514.753024,-72.96867827,-99.57071668,26.60203842,9.193548387,16307
2019/1/25,3590.982706,7164.86,2664.76,17.42,1293.9,95.8193,0,2.5,3.1156,1.79,88.04027648,-32.95198335,971594,3257750,2593,89816,605,3500.928615,3528.612966,-61.75170019,-92.00691339,30.2552132,9.225806452,17787
2019/1/24,3601.873911,7073.46,2642.33,18.89,1283.7,96.5469,0,2.5,3.1204,1.77,88.14297206,-32.22505658,734699,2437802,2000,42585,5921,3515.967941,3541.933138,-51.39093235,-83.88371718,32.49278483,9.258064516,19994
2019/1/23,3592.901431,7025.77,2638.7,19.52,1279.8,96.1397,0,2.5,3.1128,1.8,88.24566765,-31.49812981,1340354,3993230,1358,204111,678,3525.050802,3551.2001,-43.40362338,-75.78769842,32.38407504,9.290322581,19434
2019/1/22,3608.383962,7020.36,2632.9,20.8,1282.1,96.3232,0,2.5,3.1091,1.79,88.34836323,-30.77120303,1135350,3992766,2686,2612620,3324,3538.449137,3561.597166,-35.41605835,-67.7133704,32.29731205,9.322580645,18601
2019/1/21,3547.119997,7054.5775,2642.3525,20.05,1279.55,96.3519,0,2.5,3.12,1.8,88.45105881,-30.04427626,193865,607277,483,3450874,1026,3548.37986,3558.964953,-33.64154668,-60.89900566,27.25745898,9.35483871,18571
2019/1/20,3583.507436,7088.795,2651.805,19.3,1281.1,96.35773333,0,2.5,3.1071,1.81,88.55375439,-29.31734948,1033583,3425837,2379,930519685,15285,3559.647777,3563.427223,-28.96517862,-54.51224025,25.54706163,9.387096774,17285
2019/1/19,3735.953787,7123.0125,2661.2575,18.55,1282.65,96.36356667,0,2.5,3.0942,1.82,88.65644997,-28.59042271,365008,1250695,1039,488356,1039,3589.362517,3594.795689,-12.81030751,-46.1718537,33.36154619,9.419354839,16923
2019/1/18,3653.185376,7157.23,2670.71,17.8,1284.2,96.3694,0,2.5,3.0813,1.83,88.75914555,-27.86349594,1111590,3789654,3152,4959040,11760,3608.475148,3605.411996,-6.609979085,-38.25947878,31.64949969,9.451612903,19125
2019/1/17,3684.253015,7084.46,2635.96,18.06,1290.7,96.0801,0,2.5,3.0613,1.79,88.86184113,-27.13656916,1116953,3862667,2814,1572500,855,3619.330915,3619.746727,0.801485658,-30.44728589,31.24877155,9.483870968,21544
2019/1/16,3658.24673,7034.69,2616.1,19.04,1292.3,96.1044,0,2.5,3.0999,1.82,88.96453671,-26.40964239,130142,418046,345,1381322,342,3625.640835,3626.746727,4.524479623,-23.45293279,27.97741241,9.516129032,18790
2019/1/15,3640.207439,7023.83,2610.3,18.6,1294.4,95.952,0,2.5,3.1544,1.81,89.06723229,-25.68271561,1201371,3992721,3279,8806802,14372,3630.563308,3629.194129,5.950762454,-17.57219374,23.52295619,9.548387097,18363
2019/1/14,3705.942606,6905.92,2582.61,19.07,1292.75,95.5973,0,2.5,3.1344,1.81,89.16992787,-24.95578884,742535,2641022,1428,1140488,342,3640.970178,3643.148398,12.24423654,-11.60890768,23.85314423,9.580645161,19018
2019/1/13,3553.227143,6927.773333,2587.16,18.77666667,1291.483333,95.61766667,0,2.5,3.1244,1.816666667,89.27262345,-24.22886206,1104503,3993110,3316,96919,354,3637.002749,3626.799079,4.853055528,-8.316515041,13.16957057,9.612903226,16041
2019/1/12,3668.24992,6949.626667,2591.71,18.48333333,1290.216667,95.63803333,0,2.5,3.1144,1.823333333,89.37531903,-23.50193529,1167824,3907382,3282,992803,741,3642.989345,3634.335595,8.182544859,-5.016703061,13.19924792,9.64516129,16138
2019/1/11,3678.691684,6971.48,2596.26,18.19,1288.95,95.6584,0,2.5,3.1044,1.83,89.47801461,-22.77500852,1046088,3881232,1952,1819823,342,3656.146514,3642.400339,11.53083198,-1.707196054,13.23802803,9.677419355,19317
2019/1/10,3673.215707,6986.07,2596.64,19.5,1291.9,95.5394,0,2.5,3.1092,1.81,89.58071019,-22.04808174,30603,106671,98,11096466,1466,3665.117341,3648.003133,13.58589828,1.351422814,12.23447547,9.709677419,20948
2019/1/9,4032.575391,6957.08,2584.96,19.98,1288.6,95.2032,0,2.5,3.1189,1.83,89.68340577,-21.32115497,981935,3311693,2661,847600,787,3694.779501,3717.925362,43.70803729,9.82274571,33.88529158,9.741935484,21237
2019/1/8,4030.989306,6897,2574.41,20.47,1286.45,95.9168,0,2.5,3.1239,1.82,89.78610135,-20.59422819,957854,3258125,2527,40000,573,3732.559894,3774.846079,66.68338117,21.1948728,45.48850837,9.774193548,19387
2019/1/7,4036.958448,6823.47,2549.69,21.4,1292.2,95.6951,0,2.5,3.1636,1.78,89.88879694,-19.86730142,1047187,3992920,190,22968448,15000,3767.830437,3822.502873,84.40025301,33.83594884,50.56430417,9.806451613,20476
2019/1/6,4085.907582,6795.266667,2543.773333,21.39333333,1288.1,95.86836667,0,2.5,3.155966667,1.773333333,89.99149252,-19.14037465,1073975,3548078,1172,3664669,178,3810.596523,3870.394638,101.223941,47.31354728,53.91039375,9.838709677,18883
2019/1/5,3866.004564,6767.063333,2537.856667,21.38666667,1284,96.04163333,0,2.5,3.148333333,1.766666667,90.0941881,-18.41344787,1240323,3993120,2607,44583537,594,3833.176235,3869.596443,95.70922291,56.99268241,38.7165405,9.870967742,20096
2019/1/4,3877.816632,6738.86,2531.94,21.38,1279.9,96.2149,0,2.5,3.1407,1.76,90.19688368,-17.6865211,838299,3197367,940,518802,342,3850.363638,3871.091023,91.24014464,63.84217485,27.39796979,9.903225806,21139
2019/1/3,3843.99664,6463.5,2447.89,25.45,1290.45,96.2734,0,2.5,3.1482,1.68,90.29957926,-16.95959432,1188335,3992570,2762,199139798,212,3879.440587,3866.164771,84.00106521,67.87395292,16.12711229,9.935483871,26754
2019/1/2,3938.625961,6665.94,2510.03,23.22,1282.9,96.7825,0,2.5,3.1633,1.7,90.40227484,-16.23266755,737600,2688059,772,1145505,855,3906.478192,3879.339533,84.92092244,71.28334683,13.63757561,9.967741935,18830
2019/1/1,3851.181614,6650.61,2508.44,24.32,1282.275,96.1223,0,2.5,3.177425,1.705,90.50497042,-15.50574077,871487,3362900,987,676688,359,3923.727185,3874.219912,77.69823107,72.56632368,5.131907396,10,17069
2018/12/31,3746.123953,6635.28,2506.85,25.42,1281.65,96.0741,0,2.5,3.19155,1.71,90.607666,-14.778814,860576,2469134,1331,150760,435,3931.018009,3850.929737,62.77330925,70.60772079,-7.834411537,10.09677419,18611
2018/12/30,3863.165984,6618.36,2499.813333,26.39333333,1280.766667,96.174,0,2.5,3.205675,1.716666667,90.27863113,-15.14748381,1159210,3993046,2624,1863942601,30000,3914.077068,3853.154509,59.70131533,68.4264397,-8.725124372,10.19354839,18295
2018/12/29,3832.098961,6601.44,2492.776667,27.36666667,1279.883333,96.2739,0,2.5,3.2198,1.723333333,89.94959626,-15.51615361,1290263,3992783,3315,2430880,678,3894.188034,3849.326228,54.13584457,65.56832067,-11.4324761,10.29032258,19252
2018/12/28,3902.734263,6584.52,2485.74,28.34,1279,96.3738,0,2.5,3.2336,1.73,89.62056139,-15.88482342,286451,1049864,236,420000,22423,3880.765615,3859.03678,54.79322525,63.41330159,-8.620076336,10.38709677,20589
2018/12/27,3651.165346,6579.49,2488.83,29.96,1268,96.585,0,2.5,3.2986,1.74,89.29152652,-16.25349323,90789,290613,235,2154340,741,3837.291392,3821.241974,34.61566716,57.6537747,-23.03810754,10.48387097,19522
2018/12/26,3833.455304,6554.36,2467.7,30.41,1265.75,97.0593,0,2.5,3.321,1.77,88.96249165,-16.62216303,1145222,3993176,2572,16496861,6061,3834.036466,3823.462579,32.95420756,52.71386128,-19.75965371,10.58064516,19107
2018/12/25,3789.436638,6373.64,2409.4,33.24,1263.5,96.6675,0,2.5,3.3166,1.76,88.63345677,-16.99083284,1212053,3992771,2763,18644,678,3825.198466,3817.276044,27.76548714,47.72418645,-19.95869931,10.67741935,18394
2018/12/24,4049.134022,6192.92,2351.1,36.07,1261.25,96.5814,0,2.5,3.3479,1.75,88.3044219,-17.35950265,15190,39679,37,29886724,4962,3845.712205,3859.43204,44.10043497,46.99943615,-2.899001182,10.77419355,21198
2018/12/23,3980.147519,6239.613333,2372.94,34.08333333,1260.216667,96.7059,0,2.5,3.340466667,1.756666667,87.97538703,-17.72817245,963449,3321449,2005,330620,342,3849.86436,3881.380309,50.89270514,47.77808995,3.114615188,10.87096774,17701
2018/12/22,3985.947865,6286.306667,2394.78,32.09666667,1259.183333,96.8304,0,2.5,3.333033333,1.763333333,87.64635216,-18.09684226,272533,864445,464,100000000,3033,3863.340986,3900.392592,56.09701615,49.44187519,6.655140956,10.96774194,17737
2018/12/21,3872.495182,6333,2416.62,30.11,1258.15,96.9549,0,2.5,3.3256,1.77,87.31731729,-18.46551206,985182,3597636,1246,10916284,1500,3875.978108,3895.320336,50.48482908,49.65046597,0.834363109,11.06451613,22143
2018/12/20,4103.258582,6528.41,2467.42,28.38,1259.75,96.4473,0,2.5,3.3185,1.76,86.98828242,-18.83418187,1316626,3993355,3351,10100000,6936,3899.987368,3933.12729,63.92096708,52.50456619,11.41640089,11.16129032,24630
2018/12/19,3719.296166,6636.83,2506.96,25.58,1255,97.0264,0,2.25,3.3639,1.8,86.65924755,-19.20285168,1215895,3993142,2560,101003210,35987,3888.707089,3894.248903,43.08993128,50.62163921,-7.531707927,11.25806452,26446
2018/12/18,3671.041341,6783.91,2546.16,25.58,1246.3,97.0587,0,2.25,3.3942,1.81,86.33021268,-19.57152148,1329136,3993133,1443,1477017,516,3865.537797,3853.66571,22.42887809,44.98308698,-22.55420889,11.35483871,25600
2018/12/17,3520.00734,6753.73,2545.94,24.52,1241.65,97.1349,0,2.25,3.3739,1.81,86.00117781,-19.94019129,641990,2480291,635,475517,434,3852.421996,3793.000552,-6.06245287,34.77397901,-40.83643188,11.4516129,24940
2018/12/16,3259.040242,6806.043333,2563.943333,23.55666667,1239.55,97.23823333,0,2.25,3.3667,1.813333333,85.67214294,-20.3088611,1333859,3998573,1703,500000,3738,3794.98049,3695.916859,-49.1335211,17.99247899,-67.12600009,11.5483871,19526
2018/12/15,3244.865925,6858.356667,2581.946667,22.59333333,1237.45,97.34156667,0,2.25,3.3595,1.816666667,85.34310806,-20.6775309,1216729,3993220,2504,957028,741,3740.523418,3613.907599,-83.4494486,-2.295906526,-81.15354207,11.64516129,18577
2018/12/14,3236.70091,6910.67,2599.95,21.63,1235.35,97.4449,0,2.25,3.3523,1.82,85.01407319,-21.04620071,752905,2560159,1414,6492550,2079,3659.280107,3545.324564,-110.0354961,-23.84382445,-86.1916717,11.74193548,24445
2018/12/13,3314.351766,7070.33,2650.54,20.65,1242.75,97.0971,0,2.25,3.3031,1.83,84.68503832,-21.41487052,1143203,3789110,2320,1006491,3708,3592.700532,3503.32951,-123.4166845,-43.75839647,-79.65828806,11.83870968,21792
2018/12/12,3471.915387,7098.31,2651.07,21.46,1245.75,97.0508,0,2.25,3.2954,1.83,84.35600345,-21.78354032,1158211,3993142,3255,553800,1140,3541.297284,3497.617851,-119.9248859,-58.99169435,-60.93319154,11.93548387,21876
2018/12/11,3394.218703,7031.83,2636.78,21.76,1245.3,97.4722,0,2.25,3.2876,1.83,84.02696858,-22.15221013,1293996,3993192,3175,904587649,2277,3493.469636,3478.818006,-122.0205069,-71.59745687,-50.42305006,12.03225806,22603
2018/12/10,3464.835871,7020.52,2637.72,22.64,1245.35,97.2071,0,2.25,3.2928,1.86,83.69793371,-22.52087994,1049778,3992994,2261,1605224,678,3429.627365,3476.2758,-116.6385498,-80.60567546,-36.03287436,12.12903226,22818
2018/12/9,3586.572261,7003.43,2636.173333,22.83666667,1244.666667,97.0456,0,2.25,3.2986,1.87,83.36889884,-22.88954974,165921,568971,359,556209,2866,3416.354975,3496.329702,-101.3815375,-84.76084787,-16.62068963,12.22580645,23363
2018/12/8,3465.344049,6986.34,2634.626667,23.03333333,1243.983333,96.8841,0,2.25,3.3044,1.88,83.03986397,-23.25821955,1263928,3992599,2762,11216571,13700,3395.785245,3490.695947,-97.94331926,-87.39734214,-10.54597711,12.32258065,22270
2018/12/7,3424.127676,6969.25,2633.08,23.23,1243.3,96.7226,0,2.25,3.3102,1.89,82.7108291,-23.62688935,1181993,3993350,480,3500000,181,3386.197279,3478.592625,-97.42131114,-89.40213594,-8.019175195,12.41935484,28638
2018/12/6,3530.420581,7188.26,2695.95,21.19,1242.55,96.7716,0,2.25,3.323,1.9,82.38179423,-23.99555916,1064068,3993151,869,54972,1523,3413.335313,3488.01589,-87.42290995,-89.00629074,1.583380794,12.51612903,27997.5
2018/12/5,3778.6441,7173.345,2698.005,20.74,1235.9,97.0312,0,2.25,3.2886,1.92,82.05275935,-24.36422897,1260967,3993148,3163,2931829,5800,3466.71313,3540.857382,-58.79182591,-82.96339778,24.17157187,12.61290323,27357
2018/12/4,3959.996646,7158.43,2700.06,20.74,1240.3,96.9723,0,2.25,3.343,1.94,81.72372448,-24.73289877,1098155,3992756,2461,10345040,4793,3539.042704,3617.064521,-21.22320282,-70.61535879,49.39215596,12.70967742,25332
2018/12/3,3905.390427,7441.51,2790.37,16.44,1230.3,96.9673,0,2.25,3.3976,1.96,81.39468961,-25.10156858,1313363,3993263,3346,1564935,7684,3598.14657,3669.487413,4.096711785,-55.67294467,59.76965646,12.80645161,27894
2018/12/2,4143.979048,7404.52,2780.303333,16.98333333,1226.05,97.04476667,0,2.25,3.387133333,1.963333333,81.06565474,-25.47023839,860526,2984823,1828,3392081,18000,3665.352936,3755.75862,42.92027605,-35.95430053,78.87457658,12.90322581,21596
2018/12/1,4208.469723,7367.53,2770.236667,17.52666667,1221.8,97.12223333,0,2.25,3.376666667,1.966666667,80.73661987,-25.83890819,1251858,3992931,2207,31106578,7581,3746.778038,3838.069729,77.9930338,-13.16483366,91.15786746,13,26347
2018/11/30,4030.044494,7330.54,2760.17,18.07,1217.55,97.1997,0,2.25,3.3662,1.97,80.407585,-26.207578,1299147,3993006,2622,54647,573,3803.2989,3872.974232,90.34952906,7.538038882,82.81149017,13.03333333,25626
2018/11/29,4295.392323,7273.08,2737.76,18.79,1226.25,96.7661,0,2.25,3.3901,1.98,80.79454813,-25.3508669,1173673,3992743,2263,1699518,698,3874.180907,3949.777521,120.1682678,30.06408466,90.10418311,13.06666667,28709
2018/11/28,4256.464556,7291.59,2743.79,18.49,1213.25,96.8641,0,2.25,3.3999,1.94,81.18151127,-24.4941558,1299431,3992969,2559,8849392,4584,3953.292957,4005.5388,139.0557396,51.86241564,87.19332393,13.1,29142
2018/11/27,3835.01659,7082.7,2682.17,19.02,1221.2,97.3512,0,2.25,3.4319,1.91,81.5684744,-23.6374447,1034749,3998191,1618,90101,427,3994.381849,3974.534762,118.6491548,65.21976347,53.42939131,13.13333333,29976
2018/11/26,3801.729367,7081.85,2673.45,18.9,1223.4,97.0837,0,2.25,3.4071,1.96,81.95543753,-22.7807336,1002853,3094816,1804,2792565,7449,4021.512727,3943.115599,98.65357164,71.9065251,26.74704654,13.16666667,29115
2018/11/25,4008.329436,7034.226667,2659.82,19.77333333,1223.483333,97.04,0,2.25,3.4055,1.96,82.34240067,-21.9240225,1207723,3992794,3441,282842524,6366,4044.481261,3954.972661,98.34417643,77.19405537,21.15012106,13.2,26859
2018/11/24,3894.620254,6986.603333,2646.19,20.64666667,1223.566667,96.9963,0,2.25,3.4039,1.96,82.7293638,-21.0673114,1461604,3937252,1391,1661759,13618,4037.943622,3943.999496,87.91022349,79.33728899,8.572934496,13.23333333,22902
2018/11/23,4374.323227,6938.98,2632.56,21.52,1223.65,96.9526,0,2.25,3.4023,1.96,83.11632693,-20.2106003,911870,3138071,1127,30032754,14138,4084.836902,4022.240174,117.000552,86.86994159,30.13061037,13.26666667,26345
2018/11/22,4377.54577,6955.615,2641.245,21.16,1227.05,96.4915,0,2.25,3.3768,1.965,83.50329007,-19.3538892,1176177,3992634,2782,23332951,7628,4108.193574,4086.841192,138.7158492,97.2391231,41.47672607,13.3,27754
2018/11/21,4609.512684,6972.25,2649.93,20.8,1226.1,96.7376,0,2.25,3.3597,1.97,83.8902532,-18.4971781,1560533,3993011,1944,13912626,8798,4148.29787,4181.872372,172.6529344,112.3218854,60.33104907,13.33333333,30984
2018/11/20,4470.864068,6908.82,2641.89,22.48,1223,96.8155,0,2.25,3.3869,1.97,84.27721633,-17.640467,1199454,3992970,2500,78776183,8652,4192.379828,4234.416317,186.2139756,127.1003034,59.11367222,13.36666667,36659
2018/11/19,4893.020433,7028.48,2690.73,20.1,1221.6,96.2076,0,2.25,3.3476,1.99,84.66417947,-16.7837559,1126698,3992985,2695,7660000,8852,4252.142638,4354.16252,228.3929177,147.3588263,81.0340914,13.4,39010
2018/11/18,5647.479577,7101.61,2705.91,19.44666667,1221.866667,96.2777,0,2.25,3.365233333,2,85.0511426,-15.9270448,163528,559135,458,4443680,1140,4391.244141,4589.311076,319.021104,181.6912818,137.3298222,13.43333333,21832
2018/11/17,5631.540424,7174.74,2721.09,18.79333333,1222.133333,96.3478,0,2.25,3.382866667,2.01,85.43810573,-15.0703337,261948,937407,578,1317574,4693,4570.896524,4778.807321,385.1190258,222.3768306,162.7421952,13.46666667,23964
2018/11/16,5627.478697,7247.87,2736.27,18.14,1222.4,96.4179,0,2.25,3.4005,2.02,85.82506887,-14.2136226,649048,2114728,976,618266,573,4753.471457,4933.111207,432.1923137,264.3399272,167.8523865,13.5,28077
2018/11/15,5654.723204,7259.03,2730.2,19.98,1211.85,97.0715,0,2.25,3.4174,2,86.212032,-13.3569115,1109391,3993144,1669,7151136,8136,4918.110834,5064.313389,466.3211772,304.7361772,161.585,13.53333333,30694
2018/11/14,5747.076679,7136.39,2701.58,21.25,1203.25,97.0442,0,2.25,3.4346,2,86.59899513,-12.5002004,1239292,3993061,2850,61289035,7335,5103.356476,5188.452169,495.1133427,342.8116103,152.3017323,13.56666667,34169
2018/11/13,6371.367486,7200.88,2722.18,20.02,1202.1,97.1441,0,2.25,3.487,2.02,86.98595827,-11.6434893,1046519,3992942,1058,837740,40740,5303.060902,5403.527681,561.8299658,386.6152814,175.2146844,13.6,25340
2018/11/12,6364.393922,7200.87,2726.22,20.45,1205.55,97.6889,0,2.25,3.4894,2.025,87.3729214,-10.7867782,235146,779016,432,450000000,672,5501.745717,5578.230634,607.141908,430.7206067,176.4213012,13.63333333,23212
2018/11/11,6407.676509,7269.546667,2744.483333,19.42,1207.5,97.4287,0,2.25,3.4893,2.03,87.75988453,-9.9300671,1281962,3992981,3475,747748,6000,5681.5621,5729.038975,639.1764632,472.411778,166.7646852,13.66666667,18630
2018/11/10,6399.518804,7338.223333,2762.746667,18.39,1209.45,97.1685,0,2.25,3.4892,2.035,88.14684767,-9.073356,634994,2170655,1310,6072013,1026,5874.427573,5850.944398,656.3399422,509.1974109,147.1425313,13.7,20709
2018/11/9,6397.943423,7406.9,2781.01,17.36,1211.4,96.9083,0,2.25,3.4891,2.04,88.5338108,-8.2166449,1310194,3993055,3457,34035144,1799,6024.919873,5950.398766,662.1817834,539.7942854,122.387498,13.73333333,25018
2018/11/8,6468.139286,7530.89,2806.83,16.72,1224.15,96.6624,0,2.25,3.4854,2.07,88.92077393,-7.3599338,1326466,3993364,3562,606179839,4360,6106.985843,6044.533406,664.8121634,564.797861,100.0143024,13.76666667,24614
2018/11/7,6526.820154,7570.75,2813.89,16.36,1229.95,96.1946,0,2.25,3.5102,2.07,89.30773707,-6.5032227,1144845,3993321,3062,304370,678,6196.513816,6132.221906,663.9778903,584.6338668,79.34402345,13.8,24951
2018/11/6,6428.294585,7375.96,2755.45,19.91,1231.6,96.2318,0,2.25,3.5303,2.07,89.6947002,-5.6465116,1239210,3993024,3147,1482320,904,6276.595405,6186.053302,647.8979684,597.2866871,50.61128122,13.83333333,25550
2018/11/5,6413.987438,7328.85,2738.31,19.96,1232.25,96.3465,0,2.25,3.5388,2.06,90.08166333,-4.7898005,79625,243965,230,25392064,618,6352.521829,6227.495872,626.7749754,603.1843448,23.59063063,13.86666667,23158
2018/11/4,6456.241631,7338.23,2733.226667,19.81,1232.2,96.4009,0,2.25,3.533266667,2.06,90.46862647,-3.9330894,1167565,3998575,2534,732625,1329,6423.438324,6269.08601,606.4535921,603.8381942,2.615397828,13.9,24207
2018/11/3,6387.91703,7347.61,2728.143333,19.66,1232.15,96.4553,0,2.25,3.527733333,2.06,90.8555896,-3.0763783,582656,1977194,1214,105802,816,6425.093278,6290.69165,578.1707328,598.704702,-20.53396918,13.93333333,18645
2018/11/2,6407.751479,7356.99,2723.06,19.51,1232.1,96.5097,0,2.25,3.5222,2.06,91.24255273,-2.2196672,1131002,3867197,2117,461857,300,6429.429034,6311.975255,551.0051924,589.1648,-38.15960764,13.96666667,22288
2018/11/1,6368.306136,7434.06,2740.37,19.34,1231.15,96.2899,0,2.25,3.495,2.02,91.62951587,-1.3629561,1452118,3998308,2471,3201725,1000,6425.491997,6322.217234,520.2957509,575.3909902,-55.09523933,14,31618
2018/10/31,6298.837501,7305.9,2711.74,21.23,1214.95,97.1301,0,2.25,3.5185,2.05,92.016479,-0.506245,1079435,3611198,2032,1546,1000,6415.423866,6317.966373,484.7646933,557.2657308,-72.5010375,13.87096774,33944
2018/10/30,6284.585339,7161.65,2682.63,23.35,1225.4,96.9917,0,2.25,3.5209,2.05,91.46929932,-0.715497258,846854,2681552,1433,760909,10000,6404.088058,6311.897094,450.2656616,535.865717,-85.60005539,13.74193548,25290
2018/10/29,6252.273571,7050.29,2641.25,24.7,1230.8,96.6906,0,2.25,3.5208,2.06,90.92211965,-0.924749516,1288833,3993273,2340,1065135,2368,6382.501486,6301.056454,415.5276961,511.7981128,-96.27041668,13.61290323,26541
2018/10/28,6406.221101,7089.263333,2647.063333,24.52,1231.816667,96.59606667,0,2.25,3.527733333,2.06,90.37493997,-1.134001774,65446,261676,226,374500,1130,6370.441581,6320.177299,395.8566977,488.6098298,-92.75313208,13.48387097,20711
2018/10/27,6416.188305,7128.236667,2652.876667,24.34,1232.833333,96.50153333,0,2.25,3.534666667,2.06,89.82776029,-1.343254032,1048684,3599701,1789,1328254,1356,6369.230953,6337.633845,376.728864,466.2336366,-89.50477266,13.35483871,20631
2018/10/26,6416.405872,7167.21,2658.69,24.16,1233.85,96.407,0,2.25,3.5416,2.06,89.28058061,-1.55250629,808341,2612667,1401,7023036,4417,6369.472797,6351.956032,357.4668188,444.4802731,-87.01345427,13.22580645,25493
2018/10/25,6420.365573,7318.34,2705.57,24.22,1230.8,96.5938,0,2.25,3.5378,2.05,88.73340094,-1.761758548,316171,966862,508,24570071,573,6365.885191,6364.39413,338.6176505,423.3077486,-84.69009806,13.09677419,25693
2018/10/24,6433.06548,7108.4,2656.1,25.23,1230.55,96.431,0,2.25,3.5725,2.07,88.18622126,-1.971010806,1332369,3993204,279,81867150,10984,6370.400036,6376.87983,321.003991,402.846997,-81.84300606,12.96774194,29969
2018/10/23,6423.905004,7437.54,2740.69,20.71,1235.95,95.9466,0,2.25,3.5877,2.09,87.63904158,-2.180263065,1097100,3993162,1484,2394885,678,6372.015388,6385.429862,302.8151999,382.8406376,-80.02543768,12.83870968,30702
2018/10/22,6466.252678,7468.63,2755.88,19.64,1222.3,96.0334,0,2.25,3.5975,2.11,87.0918619,-2.389515323,1172709,3957144,1787,90968537,1449,6381.810042,6400.124919,288.4919992,363.9709099,-75.47891075,12.70967742,30300
2018/10/21,6475.861332,7462.096667,2759.846667,19.72333333,1224.15,95.9112,0,2.25,3.5842,2.11,86.54468223,-2.598767581,905881,3044815,1166,2046101,2603,6399.512425,6413.895176,274.7489625,346.1265204,-71.37755799,12.58064516,22298
2018/10/20,6461.901011,7455.563333,2763.813333,19.80666667,1226,95.789,0,2.25,3.5709,2.11,85.99750255,-2.808019839,1111525,3993166,2038,4607240,1808,6417.243993,6422.62351,259.7369398,328.8486043,-69.11166448,12.4516129,23204
2018/10/19,6455.39574,7449.03,2767.78,19.89,1227.85,95.6668,0,2.25,3.5576,2.11,85.45032287,-3.017272097,1243404,3992766,2218,431308294,1747,6437.55621,6428.582097,244.4964795,311.9781794,-67.48169983,12.32258065,28097
2018/10/18,6479.295676,7485.14,2768.78,20.06,1223,95.9724,0,2.25,3.5625,2.1,84.90314319,-3.226524355,1238633,3992492,2835,1311867,3390,6444.863667,6437.802748,231.6762109,295.9177857,-64.24157478,12.19354839,30155
2018/10/17,6520.256441,7642.7,2809.21,17.4,1229.05,95.6375,0,2.25,3.5775,2.13,84.35596352,-3.435776613,668189,2186660,1091,3095941,1875,6455.270481,6452.794328,222.2591815,281.1860648,-58.9268833,12.06451613,33145
2018/10/16,6552.077685,7645.49,2809.92,17.62,1230.7,95.0824,0,2.25,3.5973,2.13,83.80878384,-3.645028871,1307146,3993172,2934,41919186410,4520,6468.837662,6470.845848,214.8867457,267.926201,-53.03945528,11.93548387,35006
2018/10/15,6576.759501,7430.74,2750.79,21.3,1229.95,95.0703,0,2.25,3.5836,2.13,83.26160416,-3.854281129,1251331,3993202,2828,36300000,1464,6484.477055,6490.102876,208.6306888,256.0670986,-47.43640976,11.80645161,35275
2018/10/14,6321.811255,7452.79,2756.236667,21.30333333,1226.55,95.13406667,0,2.25,3.5831,2.126666667,82.71442448,-4.063533387,129493,401779,179,7098357,15101,6473.351632,6459.504399,181.0139102,241.0564609,-60.0425507,11.67741935,28150
2018/10/13,6325.159139,7474.84,2761.683333,21.30666667,1223.15,95.19783333,0,2.25,3.5826,2.123333333,82.16724481,-4.272785645,86268,275772,143,1768827,678,6463.477046,6435.077988,157.581064,224.3613815,-66.78031751,11.5483871,27760
2018/10/12,6293.90483,7496.89,2767.13,21.31,1219.75,95.2616,0,2.25,3.5821,2.12,81.62006513,-4.482037903,1319748,3992988,1616,2031481,2324,6446.242261,6409.410141,134.9329797,206.4757012,-71.54272149,11.41935484,28937
2018/10/11,6252.437099,7329.06,2728.37,24.98,1205.55,95.029,0,2.25,3.5908,2.12,81.07288545,-4.691290161,842033,2899091,1251,2034289,1130,6423.899838,6380.869588,112.3430891,187.6491787,-75.30608963,11.29032258,32278
2018/10/10,6599.428021,7422.05,2785.68,22.96,1188.6,95.5296,0,2.25,3.6192,2.16,80.52570577,-4.900542419,125510,414167,211,10006670,900,6437.652539,6420.607485,121.0443813,174.3282193,-53.28383796,11.16129032,33842
2018/10/9,6646.658367,7738.02,2880.34,15.95,1185.55,95.7095,0,2.25,3.6191,2.17,79.9785261,-5.109794677,187131,617160,475,3021771,2034,6456.778801,6461.707645,130.2498728,165.51255,-35.26267717,11.03225806,35538
2018/10/8,6657.272478,7735.95,2884.43,15.69,1186.95,95.7697,0,2.25,3.6314,2.1675,79.43134642,-5.319046935,393264,1321950,800,227332,2060,6474.576482,6497.264888,136.8245331,159.7749466,-22.95041347,10.90322581,37692
2018/10/7,6595.637642,7753.45,2884.81,15.4,1192.566667,95.73133333,0,2.25,3.629175,2.165,78.88416674,-5.528299194,1387896,3992619,3075,1861,1260,6482.114602,6515.150843,135.4996273,154.9198827,-19.42025544,10.77419355,28503
2018/10/6,6590.995726,7770.95,2885.19,15.11,1198.183333,95.69296667,0,2.25,3.62695,2.1625,78.33698706,-5.737551452,83504,298286,122,3901039,405,6486.006406,6528.940822,132.5471451,150.4453352,-17.89819014,10.64516129,29246
2018/10/5,6626.550323,7788.45,2885.57,14.82,1203.8,95.6546,0,2.25,3.624725,2.16,77.78980739,-5.94680371,1376547,3993351,1077,668929,4480,6490.985488,6546.688004,131.5597021,146.6682086,-15.10850647,10.51612903,34221
2018/10/4,6574.045632,7879.51,2901.61,14.22,1203.45,95.7639,0,2.25,3.6225,2.16,77.24262771,-6.156055968,575,1865,2,155000,2153,6516.208926,6551.662118,125.0984002,142.3542469,-17.2558467,10.38709677,34224
2018/10/3,6505.256156,8025.09,2925.51,11.61,1201.2,96.0361,0,2.25,3.620275,2.16,76.69544803,-6.365308226,458652,1589046,717,9684862,2028,6534.218627,6543.22467,113.1230243,136.5080024,-23.38497811,10.25806452,31711
2018/10/2,6534.415121,7999.55,2923.43,12.05,1204.7,95.4888,0,2.25,3.61805,2.12,76.14826835,-6.574560484,32045,104645,91,25000000,2580,6558.269657,6541.622934,104.7775272,130.1619073,-25.38438011,10.12903226,31648
2018/10/1,6596.018098,8037.3,2924.59,12,1189.35,95.2898,0,2.25,3.615825,2.14,75.60108868,-6.783812742,1271739,3993267,1761,4900700,4610,6592.627756,6551.512964,101.9591841,124.5213627,-22.56217859,10,31878
2018/9/30,6619.480812,8040.316667,2921.053333,12.04,1188.65,95.25666667,0,2.25,3.6136,2.14,75.053909,-6.993065,61857,201930,123,272900730,393,6594.633036,6563.870754,100.460822,119.7092546,-19.24843257,10.03333333,27646
2018/9/29,6600.212125,8043.333333,2917.516667,12.08,1187.95,95.22353333,0,2.25,3.6135,2.14,76.31016817,-6.435106633,665999,2272073,1317,22236,573,6589.988411,6570.478276,96.60493564,115.0883908,-18.48345513,10.06666667,28728
2018/9/28,6641.955563,8046.35,2913.98,12.12,1187.25,95.1904,0,2.25,3.6234,2.14,77.56642733,-5.877148267,712943,2143970,885,13861578,4754,6588.45672,6583.474147,95.81299199,111.233311,-15.42031903,10.1,29550
2018/9/27,6676.851173,8041.97,2914,12.41,1185.4,94.9888,0,2.25,3.6433,2.15,78.8226865,-5.3191899,293927,986525,606,767576,678,6596.578073,6600.451788,96.88433275,108.3635154,-11.47918262,10.13333333,31898
2018/9/26,6479.083948,7990.37,2905.97,12.89,1194.25,94.3075,0,2,3.6706,2.14,80.07894567,-4.761231533,1290606,3993363,3240,6525761,2486,6585.386895,6578.384908,80.84330448,102.8594732,-22.01616871,10.16666667,32810
2018/9/25,6438.627759,8007.47,2915.56,12.42,1201.9,94.154,0,2,3.6755,2.16,81.33520483,-4.203273167,636514,2064217,1562,923668,573,6566.594639,6552.974517,64.12698173,95.1129749,-30.98599316,10.2,33771
2018/9/24,6586.794102,7993.25,2919.37,12.2,1202.75,94.2622,0,2,3.67825,2.16,82.591464,-3.6453148,561531,1744350,1216,608200,426,6567.869486,6559.123533,62.11889319,88.51415855,-26.39526536,10.23333333,32186
2018/9/23,6709.838127,7991.153333,2922.803333,12.02666667,1201.4,94.2454,0,2,3.681,2.156666667,83.84772317,-3.087356433,434005,1372141,1138,11311872,524,6588.327683,6586.526186,69.65317461,84.74196177,-15.08878715,10.26666667,29057
2018/9/22,6707.238115,7989.056667,2926.236667,11.85333333,1200.05,94.2286,0,2,3.68375,2.153333333,85.10398233,-2.529398067,606543,1836705,1156,3189817,4173,6605.609982,6608.47381,74.55492491,82.7045544,-8.149629482,10.3,27695
2018/9/21,6744.696981,7986.96,2929.67,11.68,1198.7,94.2118,0,2,3.6865,2.15,86.3602415,-1.9714397,567939,1822731,1407,31253763,1011,6620.477871,6633.241659,80.53387044,82.27041761,-1.73654716,10.33333333,34302
2018/9/20,6497.019131,8028.23,2930.75,11.8,1208.35,93.9024,0,2,3.6876,2.15,87.61650067,-1.413481333,1213948,3993064,3004,7596845,678,6608.231702,6608.473927,64.54268737,78.72487156,-14.18218419,10.36666667,32268
2018/9/19,6397.127392,7950.04,2907.95,11.75,1203.3,94.5516,0,2,3.6652,2.15,88.87275983,-0.855522967,71167,226849,187,3837551,2040,6587.923229,6570.047284,43.3098817,71.64187359,-28.33199188,10.4,31000
2018/9/18,6363.858467,7956.11,2904.31,12.79,1200.2,94.6383,0,2,3.6377,2.13,90.129019,-0.2975646,1149440,3993332,2943,596824,678,6560.11352,6532.558408,23.5270014,62.01889915,-38.49189775,10.43333333,30885
2018/9/17,6274.229074,7895.79,2888.8,13.68,1201.9,94.52,0,2,3.6326,2.1,91.38527817,0.260393767,887760,2660700,1762,15526927,1356,6519.85131,6485.589438,0.609556699,49.73703066,-49.12747396,10.46666667,31037
2018/9/16,6512.152478,7933.873333,2894.193333,13.14333333,1201.916667,94.6722,0,2,3.6392,2.1,92.64153733,0.818352133,87124,271960,231,519213371,1403,6523.158163,6490.419082,1.626992002,40.11502293,-38.48803093,10.5,26995
2018/9/15,6537.211073,7971.956667,2899.586667,12.60666667,1201.933333,94.8244,0,2,3.6458,2.1,93.8977965,1.3763105,577191,1812279,1472,3089467,1430,6533.016494,6498.926717,4.404562943,32.97293093,-28.56836799,10.53333333,27319
2018/9/14,6509.223086,8010.04,2904.98,12.07,1201.95,94.9766,0,2,3.6524,2.1,95.15405567,1.934268867,1654692,3992850,438,2400000,4595,6525.259392,6500.798784,4.297868131,27.23791837,-22.94005024,10.56666667,31041
2018/9/13,6501.145617,8013.71,2904.18,12.37,1209.8,94.5379,0,2,3.6598,2.1,96.41031483,2.492227233,254516,788033,572,9054000,2089,6504.390141,6500.861844,3.520940274,22.49452275,-18.97358248,10.6,32269
2018/9/12,6359.149645,7954.23,2888.92,13.14,1195.6,94.8474,0,2,3.671,2.12,97.666574,3.0501856,253841,822587,521,40105779,16914,6469.581294,6475.09599,-8.455202569,16.30457769,-24.75978026,10.63333333,29716
2018/9/11,6306.694006,7972.47,2887.89,13.22,1189.85,95.0799,0,2,3.6746,2.12,98.92283317,3.608143967,1168549,3993001,1124,1644200,4635,6425.780997,6444.477447,-21.9263603,8.65839009,-30.58475039,10.66666667,32809
2018/9/10,6330.669843,7924.16,2877.13,14.16,1196.6,95.1642,0,2,3.6369,2.1,100.1790923,4.166102333,1228867,3993043,2535,9617764,8600,6409.146068,6423.785156,-30.31821072,0.863069927,-31.18128065,10.7,33868
2018/9/9,6277.682277,7916.953333,2875.313333,14.4,1197.366667,95.24736667,0,2,3.6335,2.1,101.4353515,4.7240607,386284,1249765,903,1654610,9030,6397.201557,6397.220996,-40.77444398,-7.464432853,-33.31001112,10.73333333,30519
2018/9/8,6214.51545,7909.746667,2873.496667,14.64,1198.133333,95.33053333,0,2,3.6301,2.1,102.6916107,5.282019067,21028,66001,48,471682276,1961,6382.267255,6364.001806,-53.54093265,-16.67973281,-36.86119984,10.76666667,28446
2018/9/7,6436.841435,7902.54,2871.68,14.88,1198.9,95.4137,0,2,3.6267,2.1,103.9478698,5.839977433,1216198,3993226,2034,50081325,12000,6398.528491,6377.245375,-45.19760808,-22.38330787,-22.81430021,10.8,33033
2018/9/6,6519.675095,7922.73,2878.05,14.65,1205.15,95.0357,0,2,3.6167,2.08,105.204129,6.3979358,841713,2816655,1707,498180,2898,6399.280753,6403.141687,-31.53792953,-24.2142322,-7.323697331,10.83333333,37078
2018/9/5,6714.906125,7995.17,2888.6,13.91,1196.7,95.1148,0,2,3.6079,2.09,106.4603882,6.955894167,1070429,3916781,1086,1054862,378,6417.050258,6459.826131,-4.902510274,-20.35188781,15.44937754,10.86666667,35456
2018/9/4,7360.989295,8091.25,2896.72,13.16,1190.85,95.4349,0,2,3.5966,2.1,107.7166473,7.513852533,482130,1550583,870,7718185,6226,6502.226879,6623.673979,67.56096293,-2.769317664,70.3302806,10.9,35005
2018/9/3,7268.864743,8095.8225,2897.92,13.085,1200.05,95.1228,0,2,3.5715,2.095,108.9729065,8.0718109,996984,3285645,2411,4227964,678,6578.998791,6740.98139,116.2154468,21.02763522,95.18781154,10.93333333,34835
2018/9/2,7277.239549,8100.395,2899.12,13.01,1200.85,95.1223,0,2,3.5789,2.09,110.2291657,8.629769267,282419,926387,566,26599154,2457,6670.807782,6838.482874,153.6787397,47.55785613,106.1208836,10.96666667,29111
2018/9/1,7193.248733,8104.9675,2900.32,12.935,1201.65,95.1218,0,2,3.5863,2.085,111.4854248,9.187727633,1372351,3992839,3164,20000,578,6759.463255,6902.985757,174.5788758,72.96206006,101.6168157,11,30166
2018/8/31,7018.26405,8109.54,2901.52,12.86,1202.45,95.1213,0,2,3.5937,2.08,112.741684,9.745686,151842,504495,449,419023,2021,6828.222675,6923.945447,175.0052313,93.37069432,81.63453703,11.03225806,32099
2018/8/30,6973.880312,8088.36,2901.13,13.53,1197.3,94.6792,0,2,3.6111,2.1,112.6541596,9.630828129,89668,277687,241,51198900,678,6897.842479,6933.024513,169.8043259,108.6574206,61.14690525,11.06451613,31447
2018/8/29,7036.643094,8109.69,2914.04,12.25,1204.2,94.54,0,2,3.6232,2.12,112.5666352,9.515970258,238057,780055,528,5614996,567,6980.055243,6951.864255,168.801168,120.6861701,48.11499791,11.09677419,31756
2018/8/28,7082.637385,8030.04,2897.52,12.5,1212.25,94.715,0,2,3.6356,2.11,112.4791107,9.401112387,1134597,3993072,2073,2942550,1988,7044.634838,6975.641188,169.7606183,130.5010598,39.25955859,11.12903226,33359
2018/8/27,6883.391277,8017.9,2896.74,12.16,1208.6125,94.7774,0,2,3.6342,2.11,112.3915863,9.286254516,203521,607432,453,250018,676,7081.006456,6958.868477,152.6834541,134.9375386,17.74591546,11.16129032,28754
2018/8/26,6705.158423,7993.926667,2889.39,12.10333333,1204.975,94.9095,0,2,3.627966667,2.103333333,112.3040619,9.171396645,1078589,3295115,1885,34999152,169,7080.031686,6912.739376,123.3459216,132.6192152,-9.273293623,11.19354839,23840
2018/8/25,6745.155573,7969.953333,2882.04,12.04666667,1201.3375,95.0416,0,2,3.621733333,2.096666667,112.2165375,9.056538774,878743,2809384,2044,884673883,5654,7018.448314,6882.269594,102.1456797,126.5245081,-24.37882845,11.22580645,26122
2018/8/24,6709.592961,7945.98,2874.69,11.99,1197.7,95.1737,0,2,3.6155,2.09,112.1290131,8.941680903,110546,348572,305,7051430,123520,6962.521136,6850.873842,81.53484664,117.5265758,-35.99172917,11.25806452,29804
2018/8/23,6528.524415,7878.46,2856.98,12.41,1192.35,95.636,0,2,3.6166,2.09,112.0414886,8.826823032,249326,647189,332,1000000,678,6887.649622,6792.264856,50.01337156,104.023935,-54.0105634,11.29032258,33815
2018/8/22,6376.530714,7889.1,2861.82,12.25,1196.65,95.0982,0,2,3.6303,2.08,111.9539642,8.711965161,930411,2918595,1942,200000,2011,6805.97782,6716.67683,12.62225259,85.74359849,-73.1213459,11.32258065,32026
2018/8/21,6482.48094,7859.17,2862.96,12.86,1190.95,95.2557,0,2,3.6594,2.08,111.8664398,8.59710729,247395,669144,335,1276981,777,6752.399509,6674.095759,-8.364757102,66.92192737,-75.28668447,11.35483871,33425
2018/8/20,6291.971192,7821.01,2857.05,12.49,1184.35,95.7935,0,2,3.6575,2.07,111.7789154,8.482249419,173174,541085,421,1066914,2891,6684.208597,6604.618565,-39.90960491,45.55562091,-85.46522582,11.38709677,33467
2018/8/19,6509.311913,7819.45,2854.743333,12.54,1182.366667,95.90353333,0,2,3.652733333,2.073333333,111.691391,8.367391548,1185118,3993010,1636,1223337,518,6631.475479,6587.290083,-46.83169761,27.07815721,-73.90985482,11.41935484,26854
2018/8/18,6420.016879,7817.89,2852.436667,12.59,1180.383333,96.01356667,0,2,3.647966667,2.076666667,111.6038665,8.252533677,991743,3160041,2393,1949946,166,6565.213429,6556.876773,-58.84454564,9.89361664,-68.73816227,11.4516129,27953
2018/8/17,6587.234439,7816.33,2850.13,12.64,1178.4,96.1236,0,2,3.6432,2.08,111.5163421,8.137675806,1269338,3993356,2966,500000000,1344,6535.597745,6562.396349,-54.2464355,-2.934393789,-51.31204171,11.48387097,32168
2018/8/16,6329.69734,7806.52,2840.69,13.45,1180.4,96.5895,0,2,3.5736,2.08,111.4288177,8.022817935,33507,114543,87,199374214,3149,6498.051637,6520.087438,-70.57000457,-16.46151595,-54.10848863,11.51612903,33037
2018/8/15,6306.298266,7774.12,2818.37,14.64,1182,96.7211,0,2,3.5671,2.08,111.3412933,7.907960065,1293079,3992995,1664,4908856,1402,6454.165906,6481.216679,-84.42150186,-30.05351313,-54.36798873,11.5483871,35084
2018/8/14,6207.11752,7870.9,2839.96,13.31,1197,96.6668,0,2,3.5695,2.09,111.2537689,7.793102194,921568,3020014,2277,1154884925,5000,6403.918362,6431.380469,-102.2236005,-44.48753061,-57.73606992,11.58064516,36996
2018/8/13,6284.928115,7819.71,2821.93,14.78,1200.35,96.2934,0,2,3.5828,2.1,111.1662445,7.678244323,148235,546779,207,112117397,1344,6379.558732,6404.752768,-108.7990594,-57.34983637,-51.44922306,11.61290323,31628
2018/8/12,6342.511734,7826.176667,2825.713333,14.24,1205.033333,96.30526667,0,2,3.575833333,2.096666667,111.07872,7.563386452,250533,817767,632,480451,596,6376.156834,6393.436216,-108.1173319,-67.50333547,-40.6139964,11.64516129,28188
2018/8/11,6293.915942,7832.643333,2829.496667,13.7,1209.716667,96.31713333,0,2,3.568866667,2.093333333,110.9911956,7.448528581,119665,429319,251,8761200770,5000,6357.300334,6375.341621,-110.2276959,-76.04820756,-34.17948833,11.67741935,29578
2018/8/10,6183.831056,7839.11,2833.28,13.16,1214.4,96.329,0,2,3.5619,2.09,110.9036712,7.33367071,160752,519798,296,665618,817,6346.48632,6340.521518,-119.4066592,-84.71989789,-34.68676133,11.70967742,34108
2018/8/9,6563.764604,7891.78,2853.58,11.27,1214.35,95.6187,0,2,3.555,2.11,110.8161468,7.218812839,528383,1795589,1246,466140213,1508,6351.93159,6381.11117,-94.92930576,-86.76177946,-8.167526297,11.74193548,34503
2018/8/8,6281.517374,7888.33,2857.7,10.85,1209.55,95.1103,0,2,3.5029,2.11,110.7286224,7.103954968,604885,1978564,1324,2393250,2200,6338.081639,6363.003207,-97.18552518,-88.84652861,-8.33899657,11.77419355,36169
2018/8/7,6732.82669,7883.66,2858.45,10.93,1212.35,95.1809,0,2,3.4654,2.13,110.6410979,6.989097097,21868,72499,67,3099309,1340,6352.640864,6430.24384,-61.84380834,-83.44598455,21.60217621,11.80645161,34996
2018/8/6,6935.713092,7859.68,2850.4,11.27,1209.65,95.3709,0,2,3.4583,2.11,110.5535735,6.874239226,1007245,3993040,158,29939150,1130,6413.242439,6522.147341,-17.26498606,-70.20978486,52.94479879,11.83870968,35064
2018/8/5,7041.990104,7843.793333,2847.05,11.39333333,1211.866667,95.3197,0,2,3.465633333,2.113333333,110.4660491,6.759381355,306558,1069395,511,2129094,342,6486.811623,6616.664207,26.3361319,-50.9006015,77.23673341,11.87096774,30523
2018/8/4,7017.844894,7827.906667,2843.7,11.51666667,1214.083333,95.2685,0,2,3.472966667,2.116666667,110.3785247,6.644523484,185662,640252,387,72750465,8950,6567.884361,6689.60615,58.27031148,-29.06641891,87.33673039,11.90322581,33342
2018/8/3,7422.438043,7812.02,2840.35,11.64,1216.3,95.2173,0,2,3.4803,2.12,110.2910003,6.529665613,75975,240369,196,951741130,1298,6681.635353,6822.848312,114.9011557,-0.27290399,115.1740597,11.93548387,39186
2018/8/2,7551.493153,7802.69,2827.22,12.19,1215.45,95.1767,0,2,3.4741,2.12,110.2034758,6.414807742,147476,487628,412,17419674,43680,6802.533495,6955.329192,168.2556303,33.43280288,134.8228275,11.96774194,37572
2018/8/1,7596.721803,7707.29,2813.36,13.15,1219,94.6703,0,2,3.4926,2.13,110.1159514,6.299949871,1073683,3998224,509,1062320,20588,6932.814081,7071.946031,211.7481096,69.09586422,142.6522454,12,39603
2018/7/31,7752.144492,7671.79,2816.29,12.83,1220.95,94.5372,0,2,3.5079,2.12,110.028427,6.185092,1367635,3992593,2684,29000000,30000,7089.645425,7195.618478,255.8087211,106.4384356,149.3702855,12.03225806,38962
2018/7/30,8181.184914,7630,2802.6,14.26,1223.8,94.2849,0,2,3.5227,2.13,109.8329484,5.539661774,447876,1538856,824,364689,890,7251.387456,7374.812376,321.6393909,149.4786267,172.1607643,12.06451613,37855
2018/7/29,8211.614335,7665.806667,2808.006667,13.85,1223.85,94.42,0,2,3.525866667,2.126666667,109.6374698,4.894231548,139717,467839,367,1179900,518,7444.397152,7526.958186,371.9781385,193.978529,177.9996095,12.09677419,32179
2018/7/28,8195.281388,7701.613333,2813.413333,13.44,1223.9,94.5551,0,2,3.529033333,2.123333333,109.4419912,4.248801323,613345,2012968,1507,108677,1152,7590.642622,7648.471496,405.875348,236.3578928,169.5174552,12.12903226,31763
2018/7/27,8158.491094,7737.42,2818.82,13.03,1223.95,94.6902,0,2,3.5322,2.12,109.2465125,3.603371097,591602,2050682,934,398856,261,7712.920422,7741.202332,424.8727924,274.0608728,150.8119197,12.16129032,37373
2018/7/26,7933.673932,7852.19,2837.44,12.14,1228.25,94.7715,0,2,3.5444,2.11,109.0510339,2.957940871,188378,637124,323,201984000,15800,7802.088805,7776.197168,416.9808423,302.6448667,114.3359756,12.19354839,39978
2018/7/25,8179.363887,7932.24,2846.07,12.29,1231.5,94.2175,0,2,3.5643,2.13,108.8555553,2.312510645,828958,2677321,1793,7794010,1158,7918.240704,7849.500208,425.6449708,327.2448875,98.40008327,12.22580645,41673
2018/7/24,8338.94062,7840.77,2820.4,12.41,1228.35,94.5978,0,2,3.5541,2.11,108.6600767,1.667080419,1086280,3993088,857,945243308,5756,8009.890962,7938.489374,440.3122185,349.8583537,90.45386482,12.25806452,48202
2018/7/23,7712.930732,7841.87,2806.98,12.62,1224.95,94.6368,0,2,3.5142,2.11,108.4645981,1.021650194,1179004,3993361,2030,1836000,2199,8026.03472,7897.478712,396.8477382,359.2562306,37.59150758,12.29032258,39877
2018/7/22,7391.747574,7834.646667,2805.263333,12.7,1226.216667,94.58193333,0,2,3.4925,2.11,108.2691195,0.376219968,760391,2593397,1701,683527,1130,8005.537297,7805.527596,332.6504405,353.9350726,-21.28463206,12.32258065,32189
2018/7/21,7400.986497,7827.423333,2803.546667,12.78,1227.483333,94.52706667,0,2,3.4708,2.11,108.0736409,-0.269210258,656989,2238967,1697,6002058,1130,7970.421497,7731.974669,279.2995323,339.0079645,-59.70843219,12.35483871,33267
2018/7/20,7329.843348,7820.2,2801.83,12.86,1228.75,94.4722,0,2,3.4491,2.11,107.8781623,-0.914640484,1020083,3465851,1959,2186414379,9184,7885.287341,7658.859883,228.6422501,316.9348216,-88.29257151,12.38709677,38529
2018/7/19,7443.660646,7825.3,2804.49,12.87,1217.55,95.1939,0,2,3.4989,2.09,107.6826836,-1.56007071,1145549,3992861,2477,465438,1870,7808.491972,7619.732749,195.4273292,292.6333232,-97.20599398,12.41935484,39629
2018/7/18,7353.883851,7854.44,2815.62,12.1,1224.5,95.1047,0,2,3.4692,2.09,107.487205,-2.205500935,1058413,3951016,855,1275713,19685,7724.352218,7571.396586,160.0154692,266.1097524,-106.0942831,12.4516129,42923
2018/7/17,7317.330034,7855.12,2809.55,12.06,1232.8,94.9727,0,2,3.4804,2.09,107.2917264,-2.850931161,1137657,3992865,1037,82956,1264,7640.236112,7525.202667,127.5316224,238.3941264,-110.862504,12.48387097,45432
2018/7/16,6705.492444,7805.72,2798.43,12.83,1241.1,94.5135,0,2,3.479,2.1,107.0962478,-3.496361387,1136359,3998506,1929,236438489,2279,7517.417963,7376.164445,51.82040617,201.0793823,-149.2589762,12.51612903,41799
2018/7/15,6346.599551,7812.473333,2799.39,12.61333333,1241.3,94.5762,0,2,3.485666667,2.103333333,106.9007692,-4.141791613,462046,1319059,719,8400535,3317,7334.14153,7188.970828,-36.7176767,153.5199705,-190.2376472,12.5483871,32485
2018/7/14,6250.050407,7819.226667,2800.35,12.39666667,1241.5,94.6389,0,2,3.492333333,2.106666667,106.7052906,-4.787221839,745897,2388250,1136,24541235,2610,7125.252508,7018.258024,-113.3686115,100.1422541,-213.5108656,12.58064516,30839
2018/7/13,6215.784718,7825.98,2801.31,12.18,1241.7,94.7016,0,2,3.499,2.11,106.509812,-5.432652065,1022929,3992905,463,56000,16053,6975.537907,6872.353787,-174.864258,45.1409517,-220.0052097,12.61290323,37794
2018/7/12,6202.442176,7823.92,2798.29,12.58,1245.9,94.8081,0,2,3.5188,2.1,106.3143334,-6.07808229,1096416,3993273,1476,4810457,904,6856.607367,6750.551676,-222.116215,-8.310481645,-213.8057334,12.64516129,39007
2018/7/11,6367.687185,7716.61,2774.02,13.63,1251.4,94.7371,0,2,3.5311,2.11,106.1188547,-6.723512516,998296,3993076,338,237205,1130,6753.277436,6680.93995,-243.4238021,-55.33314575,-188.0906564,12.67741935,39901
2018/7/10,6319.83561,7759.2,2793.84,12.64,1254,94.1122,0,2,3.5472,2.13,105.9233761,-7.368942742,1760727,3893601,291,957780,2508,6652.276662,6615.284615,-261.1609399,-96.49870458,-164.6622353,12.70967742,39826
2018/7/9,6669.99851,7756.2,2784.17,12.69,1262.05,94.073,0,2,3.5369,2.13,105.7278975,-8.014372968,1007614,3993250,263,1300674,1036,6574.910449,6625.232596,-244.1481419,-126.028592,-118.1195499,12.74193548,37804
2018/7/8,6711.7568,7733.596667,2776.053333,12.91666667,1259.816667,94.0551,0,2,3.526433333,2.126666667,105.5324189,-8.659803194,784343,2836940,971,1299260,2770,6510.697744,6640.96427,-224.7055661,-145.7639869,-78.94157924,12.77419355,31005
2018/7/7,6718.701013,7710.993333,2767.936667,13.14333333,1257.583333,94.0372,0,2,3.515966667,2.123333333,105.3369403,-9.305233419,568138,1778938,1233,3394360,27629,6450.834841,6655.098223,-206.3580772,-157.8828049,-48.47527231,12.80645161,32273
2018/7/6,6600.606901,7688.39,2759.82,13.37,1255.35,94.0193,0,2,3.5055,2.12,105.1414617,-9.950663645,474323,1502915,912,137267,374,6440.346287,6645.19071,-199.052218,-166.1166875,-32.93553042,12.83870968,38468
2018/7/5,6532.499354,7586.43,2736.61,14.97,1255.5,94.3866,0,2,3.4956,2.13,104.9459831,-10.59609387,430382,1489715,952,2163500,1203,6458.936267,6624.701372,-196.4929335,-172.1919367,-24.30099674,12.87096774,38128
2018/7/4,6603.099909,7544.55,2724.915,15.555,1255.65,94.5441,0,2,3.513,2.125,104.7505045,-11.2415241,1175842,3993007,3001,20264738,33900,6494.241218,6620.773834,-186.6166072,-175.0768708,-11.5397364,12.90322581,40065
2018/7/3,6534.644903,7502.67,2713.22,16.14,1251.75,94.5893,0,2,3.4658,2.12,104.5550258,-11.88695432,1226328,3993102,2885,6837724,4940,6526.127236,6605.114028,-182.212858,-176.5040683,-5.708789744,12.93548387,43042
2018/7/2,6595.968717,7567.69,2726.71,15.6,1247.8,94.854,0,2,3.492,2.14,104.3595472,-12.53238455,671234,2407421,1262,2547803,27000,6565.47989,6603.451244,-171.7941991,-175.5620944,3.767895293,12.96774194,40449
2018/7/1,6364.401842,7548.56,2723.93,15.76333333,1248.683333,94.7421,0,2,3.486733333,2.13,104.1640686,-13.17781477,491146,1850227,296,3432805,676,6565.151356,6559.987717,-180.1462348,-176.4789225,-3.667312294,13,32183
2018/6/30,6376.564855,7529.43,2721.15,15.92666667,1249.566667,94.6302,0,2,3.481466667,2.12,103.96859,-13.823245,1157494,3992938,2743,96679,1130,6570.82428,6526.638105,-183.6666351,-177.916465,-5.750170071,13,35882
2018/6/29,6127.560923,7510.3,2718.37,16.09,1250.45,94.5183,0,2,3.4762,2.11,104.6918576,-13.97455407,1110406,3993355,1856,391952139,2422,6516.580522,6454.078618,-204.1952779,-183.1722276,-21.02305033,13,41392
2018/6/28,5912.435446,7503.68,2716.31,16.85,1251.55,95.2788,0,2,3.5408,2.1,105.4151252,-14.12586313,1118481,3697083,1528,100999695,4976,6436.648386,6355.598041,-235.1129675,-193.5603756,-41.55259189,13,41574
2018/6/27,6108.694146,7445.09,2699.63,17.91,1254.6,95.3278,0,2,3.5706,2.11,106.1383928,-14.2771722,1108600,3992974,1872,2193323,20287,6375.6477,6310.706424,-241.0009138,-203.0484832,-37.95243055,13,40206
2018/6/26,6103.03072,7561.63,2723.06,15.92,1260.3,94.6765,0,2,3.5804,2.12,106.8616604,-14.42848127,1126772,3993170,1891,13788053,780,6325.890082,6272.947205,-243.3193112,-211.1026488,-32.2166624,13,43429
2018/6/25,6238.074119,7532.01,2717.07,17.33,1268.7,94.299,0,2,3.5742,2.1,107.584928,-14.57979033,1086395,3977849,385,1233048,374,6296.447558,6266.606644,-231.590157,-215.2001505,-16.39000657,13,42286
2018/6/24,6149.117943,7585.613333,2729.673333,16.14333333,1268.85,94.3812,0,2,3.5737,2.106666667,108.3081956,-14.7310994,526531,1721371,1484,1814988,224,6251.049361,6245.245062,-226.8576639,-217.5316531,-9.326010728,13,36953
2018/6/23,6156.300264,7639.216667,2742.276667,14.95666667,1269,94.4634,0,2,3.5732,2.113333333,109.0314632,-14.88240847,277086,925941,573,933438,1620,6213.214898,6229.07328,-219.9916489,-218.0236523,-1.967996586,13,36776
2018/6/22,6071.720089,7692.82,2754.88,13.77,1269.15,94.5456,0,2,3.5727,2.12,109.7547308,-15.03371753,324530,1137923,556,5235817,10000,6160.790035,6200.463609,-218.8524015,-218.1894021,-0.66299939,13,41721
2018/6/21,6711.941657,7712.95,2749.76,14.64,1266.15,94.8833,0,2,3.5801,2.11,110.4779984,-15.1850266,332179,1137484,791,27348437,2332,6195.544016,6293.459618,-164.3939784,-207.4303174,43.03633902,13,38835
2018/6/20,6734.137828,7781.52,2767.32,12.79,1274.2,95.1234,0,2,3.5764,2.12,111.201266,-15.33633567,1633359,3993186,1169,9827248,35831,6231.301314,6373.582929,-118.0830522,-189.5608644,71.47781212,13,41009
2018/6/19,6722.636753,7725.59,2762.59,13.35,1276.15,95.0029,0,2,3.6048,2.12,111.9245336,-15.48764473,1026614,3993041,539,19243692,23328,6290.808897,6437.047261,-81.37135197,-167.9229619,86.55160991,13,45018
2018/6/18,6700.596021,7747.03,2773.75,12.31,1281.55,94.7543,0,2,3.603225,2.12,112.6478012,-15.6389538,26243,89390,73,1036366,4887,6369.624954,6484.965217,-53.43955001,-145.0262795,91.58672949,13,46282
2018/6/17,6461.213025,7746.813333,2775.72,12.2,1282.783333,94.77173333,0,2,3.60165,2.12,113.3710688,-15.79026287,613219,2065897,1546,3334175,192,6404.876842,6480.646637,-50.04274132,-126.0295719,75.98683055,13,37164
2018/6/16,6505.755311,7746.596667,2777.69,12.09,1284.016667,94.78916667,0,2,3.600075,2.12,114.0943364,-15.94157193,209074,693334,591,1425309,777,6445.149301,6485.21185,-43.25790553,-109.4752386,66.21733307,13,36471
2018/6/15,6473.773491,7746.38,2779.66,11.98,1285.25,94.8066,0,2,3.5985,2.12,114.817604,-16.092881,207160,699538,544,6094434,4665,6468.719238,6483.132148,-40.00043971,-95.58027882,55.57983912,13,39786
2018/6/14,6649.438347,7761.04,2782.49,12.12,1302.75,94.9264,0,2,3.6245,2.12,115.5408716,-16.24419007,1112836,3998359,2697,1044994,1200,6518.751279,6513.369639,-22.97929774,-81.06008261,58.08078486,13,47079
2018/6/13,6308.396028,7695.7,2775.63,12.94,1296.15,93.5677,0,1.75,3.6768,2.12,116.2641392,-16.39549913,1039975,3874840,647,357413303,167,6533.960855,6476.10171,-36.58742795,-72.16555167,35.57812373,13,51652
2018/6/12,6558.514878,7703.79,2786.85,12.34,1298.65,93.8341,0,1.75,3.6692,2.13,116.9874068,-16.5468082,1069179,3993168,1052,2172962,1213,6582.640334,6491.085922,-26.87961682,-63.1083647,36.22874788,13,46551
2018/6/11,6847.943671,7659.93,2782,12.35,1299.6,93.5841,0,1.75,3.6517,2.13,117.7106744,-16.69811727,235705,809026,538,202717798,2260,6596.240535,6555.969149,4.120875293,-49.6625167,53.783392,13,45487
2018/6/10,6797.078904,7655.123333,2781.01,12.29333333,1299.15,93.57286667,0,1.75,3.6529,2.123333333,118.433942,-16.84942633,36683,121511,102,462885243,892,6602.534643,6599.807286,24.30446035,-34.86912129,59.17358164,13,40585
2018/6/9,7559.667409,7650.316667,2780.02,12.23666667,1298.7,93.56163333,0,1.75,3.6541,2.116666667,119.1572096,-17.0007354,71687,244589,170,2801534,12375,6686.237709,6774.327309,100.6741076,-7.760475514,108.4345831,13,38889
2018/6/8,7622.637061,7645.51,2779.03,12.18,1298.25,93.5504,0,1.75,3.6553,2.11,119.8804772,-17.15204447,724157,2479157,1675,5832613,1130,6778.441812,6928.565446,164.3838137,26.66838232,137.7154313,13,46310
2018/6/7,7654.789136,7635.07,2770.37,12.13,1297.25,93.4379,0,1.75,3.6739,2.13,120.6037448,-17.30335353,1046307,3993138,814,104838,3350,6897.799424,7060.606117,214.9903436,64.33277457,150.657569,13,48259
2018/6/6,7577.593405,7689.24,2772.35,11.64,1300.1,93.6355,0,1.75,3.6637,2.14,121.3270124,-17.4546626,1019236,3993163,408,3147000,1760,7004.983233,7154.603805,246.0312379,100.6724672,145.3587706,13,45323
2018/6/5,7612.115176,7637.86,2748.8,12.4,1292.05,93.8748,0,1.75,3.6512,2.13,122.05028,-17.60597167,1017937,3992845,416,71452,990,7118.817401,7237.787691,270.3011255,134.5981989,135.7029266,13,46860
2018/6/4,7505.890508,7606.46,2746.87,12.74,1295.45,94.0243,0,1.75,3.6449,2.12,122.7735476,-17.75728073,1034977,3993364,633,3191178,20680,7204.462618,7286.533658,277.7618773,163.2309346,114.5309428,13,46104
2018/6/3,7684.931799,7589.083333,2742.786667,12.98,1295.166667,94.08226667,0,1.75,3.6361,2.11,123.4968152,-17.9085898,1205237,3993167,2231,29872915,1130,7342.116195,7358.969683,294.7243144,189.5296105,105.1947038,13,41999
2018/6/2,7588.637728,7571.706667,2738.703333,13.22,1294.883333,94.14023333,0,1.75,3.6273,2.1,124.2200828,-18.05989887,6331,21931,25,47441,1130,7445.12848,7400.72751,296.973713,211.018431,85.955282,13,41760
2018/6/1,7525.473797,7554.33,2734.62,13.46,1294.6,94.1982,0,1.75,3.6185,2.09,124.9433504,-18.21120793,242073,720648,512,193034,1870,7512.881492,7423.408653,290.3130285,226.8773505,63.43567795,13,45316
2018/5/31,7504.038587,7442.12,2705.27,15.43,1305.35,93.9859,0,1.75,3.6302,2.07,125.666618,-18.362517,53495,195440,121,50034476,50429,7583.577461,7438.068641,280.0762015,237.5171207,42.55908082,13.06451613,47154
2018/5/30,7411.621917,7462.45,2724.01,14.94,1300.7,94.0998,0,1.75,3.6024,2.06,125.5890972,-18.79816532,603294,2076531,1428,38296,1620,7568.772911,7433.260146,261.491874,242.3120714,19.17980261,13.12903226,51863
2018/5/29,7474.562016,7396.59,2689.86,17.02,1295.5,94.8624,0,1.75,3.6326,2.04,125.5115765,-19.23381365,120121,413440,312,7903089,11894,7553.965407,7440.769577,248.9724016,243.6441374,5.328264196,13.19354839,46903
2018/5/28,7149.250597,7405.905,2697.7275,16.07,1297.5,94.4202,0,1.75,3.6252,2.0525,125.4340557,-19.66946197,375568,1389985,497,24797898,15860,7503.411553,7387.766126,210.3756374,236.9904374,-26.61480001,13.25806452,44801
2018/5/27,7363.93676,7415.22,2705.595,15.12,1299.5,94.3703,0,1.75,3.639133333,2.065,125.3565349,-20.10511029,681079,2308159,1783,2641882,2654,7482.045889,7383.433514,194.8645259,228.5652551,-33.70072923,13.32258065,43809
2018/5/26,7349.788652,7424.535,2713.4625,14.17,1301.5,94.3204,0,1.75,3.653066667,2.0775,125.2790141,-20.54075861,42381,148779,117,1894710,1130,7455.813236,7377.316266,179.3626433,218.7247327,-39.36208947,13.38709677,38020
2018/5/25,7488.637221,7433.85,2721.33,13.22,1303.5,94.2705,0,1.75,3.667,2.09,125.2014934,-20.97640694,291636,999009,664,645976,1130,7454.087907,7397.55644,176.249514,210.229689,-33.98017496,13.4516129,42093
2018/5/24,7576.278752,7424.43,2727.76,12.53,1304.85,93.7907,0,1.75,3.6527,2.12,125.1239726,-21.41205526,647072,2217422,1440,2660647,4793,7443.222603,7430.051406,178.7932584,203.9424029,-25.14914447,13.51612903,46043
2018/5/23,7570.538188,7425.96,2733.29,12.58,1289,93.9976,0,1.75,3.6699,2.14,125.0464518,-21.84770358,152205,527364,369,40323779,5000,7441.412649,7455.594457,178.2907538,198.8120731,-20.52131928,13.58064516,49303
2018/5/22,8032.093711,7378.46,2724.44,13.22,1293.05,93.6027,0,1.75,3.68,2.15,124.968931,-22.2833519,1149023,3992777,2524,662991,5093,7492.07464,7560.412503,212.6844941,201.5865573,11.09793684,13.64516129,44097
2018/5/21,8399.115042,7394.04,2733.01,13.08,1288.35,93.5508,0,1.75,3.6997,2.16,124.8914103,-22.71900023,61698,219609,168,2661307,1356,7581.582286,7712.903874,266.4854568,214.5663372,51.91911958,13.70967742,44301
2018/5/20,8499.1229,7380.806667,2726.33,13.19333333,1288.333333,93.59706667,0,1.75,3.7062,2.156666667,124.8138895,-23.15464855,1090770,3992790,2555,159003295,12855,7690.332384,7855.852788,313.5781716,234.3687041,79.20946756,13.77419355,41628
2018/5/19,8225.333519,7367.573333,2719.65,13.30666667,1288.316667,93.64333333,0,1.75,3.7127,2.153333333,124.7363687,-23.59029687,74736,242373,185,493130,1920,7765.409534,7923.031102,325.0598845,252.5069402,72.55294438,13.83870968,40643
2018/5/18,8236.681884,7354.34,2712.97,13.42,1288.3,93.6896,0,1.75,3.7192,2.15,124.6588479,-24.02594519,99572,356558,174,5857070,4520,7874.152663,7980.058517,331.2564251,268.2568372,62.99958795,13.90322581,46685
2018/5/17,8088.947899,7382.47,2720.13,13.43,1289.5,93.4842,0,1.75,3.7096,2.16,124.5813272,-24.46159352,1032577,3992986,586,22767408,22826,7946.653777,7999.856587,320.5512153,278.7157128,41.83550255,13.96774194,47708
2018/5/16,8343.900226,7398.3,2722.46,13.42,1291.25,93.3775,0,1.75,3.733,2.17,124.5038064,-24.89724184,49785,165777,130,9797229,7589,8046.064934,8062.409976,328.8490148,288.7423732,40.1066416,14.03225806,49167
2018/5/15,8515.701134,7351.63,2711.45,14.63,1295,93.2779,0,1.75,3.7068,2.18,124.4262856,-25.33289016,431979,1533144,691,5000000,50000,8148.771326,8144.82655,345.3074883,300.0553962,45.25209212,14.09677419,50376
2018/5/14,8740.312768,7411.32,2730.13,12.93,1319.85,92.6826,0,1.75,3.6964,2.15,124.3487648,-25.76853848,130212,425664,356,7500000,649,8265.174727,8253.096771,372.1849129,314.4812996,57.70361335,14.16129032,52460
2018/5/13,8699.820503,7408.506667,2729.326667,12.83666667,1321.35,92.64736667,0,1.75,3.6914,2.15,124.2712441,-26.20418681,37788,124152,103,21190000,4382,8378.102959,8334.319268,385.7711485,328.7392693,57.03187914,14.22580645,46131
2018/5/12,8488.213129,7405.693333,2728.523333,12.74333333,1322.85,92.61213333,0,1.75,3.6864,2.15,124.1937233,-26.63983513,546393,1860477,1358,388676,4477,8423.7149,8362.29997,375.1390223,338.0192199,37.11980238,14.29032258,48718
2018/5/11,8422.66381,7402.88,2727.72,12.65,1324.35,92.5769,0,1.75,3.6814,2.15,124.1162025,-27.07548345,1216564,3992785,645,17739,1130,8426.069777,8373.275214,357.3049149,341.8763589,15.42855594,14.35483871,55128
2018/5/10,9037.392112,7404.98,2723.07,13.23,1318.8,92.7175,0,1.75,3.7011,2.17,124.0386817,-27.51113177,1208646,3993051,2473,199950000,2146,8479.896698,8494.023741,388.2986278,351.1608127,37.13781511,14.41935484,53621
2018/5/9,9327.374047,7339.91,2697.79,13.42,1313.85,93.1134,0,1.75,3.7035,2.18,123.961161,-27.9467801,273,984,1,104022587.5,0,8590.100751,8645.541978,431.2888578,367.1864217,64.10243609,14.48387097,54594
2018/5/8,9233.687914,7266.9,2671.92,14.71,1306.6,93.0814,0,1.75,3.6957,2.16,123.8836402,-28.38242842,347584,1279978,716,8095175,908,8689.801354,8752.477603,452.5821515,384.2655677,68.31658385,14.5483871,52302
2018/5/7,9372.878004,7265.21,2672.63,14.75,1307.3,92.7726,0,1.75,3.6278,2.17,123.8061194,-28.81807674,560614,1802668,695,2710630,1130,8818.194365,8865.277676,475.2107831,402.4546108,72.75617235,14.61290323,53424
2018/5/6,9666.853489,7246.68,2669.56,14.75666667,1308,92.70873333,0,1.75,3.6339,2.166666667,123.7285986,-29.25372506,574085,2016236,1231,82693,4076,8950.489691,9011.018733,510.9752963,424.1587479,86.81654844,14.67741935,47589
2018/5/5,9864.060649,7228.15,2666.49,14.76333333,1308.7,92.64486667,0,1.75,3.64,2.163333333,123.6510779,-29.68937339,83664,269127,195,539589,3666,9085.325643,9166.117263,548.9044713,449.1078926,99.79657875,14.74193548,50536
2018/5/4,9718.724265,7209.62,2663.42,14.77,1309.4,92.581,0,1.75,3.6461,2.16,123.5735571,-30.12502171,1109572,3992851,1644,296903926,4336,9183.166792,9266.591263,560.7719542,471.4407049,89.3312493,14.80645161,57751
2018/5/3,9769.290293,7088.15,2629.73,15.9,1315.05,92.4228,0,1.75,3.6602,2.16,123.4960363,-30.56067003,535923,1871445,1208,11773757,12750,9290.113771,9357.991087,567.7130333,490.6951706,77.0178627,14.87096774,50882
2018/5/2,9236.704389,7100.9,2635.67,15.97,1304.2,92.7494,0,1.75,3.641,2.17,123.4185155,-30.99631835,928923,3062409,2159,17421169,1870,9364.962897,9335.93896,524.1960512,497.3953467,26.80070452,14.93548387,48137
2018/5/1,9096.810022,7130.7,2654.8,15.49,1307.1,92.4711,0,1.75,3.633075,2.16,123.3409948,-31.43196668,66769,196633,106,3516564,19320,9432.377518,9292.460971,472.9681408,492.5099055,-19.54176469,15,49777
2018/4/30,9240.335679,7066.27,2648.05,15.93,1313.2,91.8378,0,1.75,3.62515,2.17,123.263474,-31.867615,819991,2917837,1581,66270809,26568,9452.671875,9282.983645,438.8917035,481.7862651,-42.89456166,15.13333333,49151
2018/4/29,9413.409305,7084.113333,2655.336667,15.75666667,1315.966667,91.72886667,0,1.75,3.617225,2.17,122.8867681,-31.79151727,695278,2369746,1588,84397,224,9461.275401,9306.697402,420.9984682,469.6287057,-48.63023751,15.26666667,46959
2018/4/28,9337.281363,7101.956667,2662.623333,15.58333333,1318.733333,91.61993333,0,1.75,3.6093,2.17,122.5100621,-31.71541953,319663,1150993,660,2492500,7024,9471.634746,9312.258122,396.1089641,454.9247574,-58.81579329,15.4,49473
2018/4/27,8974.089791,7119.8,2669.91,15.41,1321.5,91.511,0,1.75,3.634,2.17,122.1333562,-31.6393218,1042849,3941734,977,417900,2300,9431.755925,9250.772971,343.1220311,432.5642122,-89.44218107,15.53333333,55754
2018/4/26,9268.527837,7118.68,2666.94,16.24,1320.7,91.5845,0,1.75,3.622,2.18,121.7566503,-31.56322407,37325,128198,112,12019338,1130,9391.923359,9254.001128,321.1857649,410.2885227,-89.10275779,15.66666667,64330
2018/4/25,8846.751895,7003.74,2639.4,17.84,1321.65,91.2584,0,1.75,3.587,2.17,121.3799443,-31.48712633,1112974,3993160,1967,11396064,17482,9290.192484,9179.955813,266.6930509,381.5694283,-114.8763775,15.8,65523
2018/4/24,9715.110088,7007.35,2634.56,18.02,1328.85,90.7981,0,1.75,3.6043,2.17,121.0032384,-31.4110286,837313,3019591,1290,49731705,1562,9289.831066,9277.25659,290.230831,363.3017089,-73.07087784,15.93333333,67323
2018/4/23,8924.023356,7128.6,2670.29,16.34,1324.3,90.9279,0,1.75,3.5869,2.18,120.6265325,-31.33493087,1116974,3993314,2453,3769687,5375,9205.304372,9213.032366,242.258004,339.0929679,-96.83496387,16.06666667,59885
2018/4/22,8787.210206,7134.443333,2670.24,16.52,1328.45,90.72903333,0,1.75,3.5687,2.176666667,120.2498265,-31.25883313,1224707,3992573,2726,583084,13600,9160.354954,9135.610155,190.9978113,309.4739366,-118.4761253,16.2,59404
2018/4/21,8884.348604,7140.286667,2670.19,16.7,1332.6,90.53016667,0,1.75,3.5505,2.173333333,119.8731206,-31.1827354,345146,1190039,715,14272880,3610,9139.108812,9089.926237,156.4090105,278.8609514,-122.4519409,16.33333333,56176
2018/4/20,8813.044081,7146.13,2670.14,16.88,1336.75,90.3313,0,1.75,3.5323,2.17,119.4964147,-31.10663767,1299732,3992841,2090,491465630,1984,9096.379653,9039.584027,121.8389737,247.4565558,-125.6175821,16.46666667,57190
2018/4/19,8280.64311,7238.06,2693.13,15.96,1348.6,89.8928,0,1.75,3.5295,2.17,119.1197087,-31.03053993,962426,3469733,1418,9184600,3407,8983.103033,8901.594769,50.89497596,208.1442399,-157.2492639,16.6,57013
2018/4/18,8133.862763,7295.24,2708.64,15.6,1351.45,89.6321,0,1.75,3.5023,2.16,118.7430028,-30.9544422,125059,435223,256,42130700,1130,8862.761173,8762.007132,-16.97690152,163.1200116,-180.0969131,16.73333333,56720
2018/4/17,7889.50363,7281.1,2706.39,15.25,1342.1,89.5012,0,1.75,3.6445,2.14,118.3662969,-30.87834447,385463,1356407,806,407391,10215,8754.302557,8603.370131,-89.45244119,112.605521,-202.0579622,16.86666667,56111
2018/4/16,8038.471105,7156.29,2677.84,16.56,1349.35,89.4372,0,1.75,3.6841,2.12,117.9895909,-30.80224673,243322,732481,504,62983748,6692,8631.296884,8500.661217,-133.3324251,63.41793181,-196.7503569,17,56538
2018/4/15,8301.987534,7139.743333,2670.66,16.84333333,1347.466667,89.5598,0,1.75,3.690566667,2.123333333,117.612885,-30.726149,239,956,1,32366074,0,8576.820448,8464.53873,-145.1706184,21.70022176,-166.8708402,17.13333333,52494
2018/4/14,7910.243775,7123.196667,2663.48,17.12666667,1345.583333,89.6824,0,1.75,3.697033333,2.126666667,117.2361791,-30.65005127,1118644,3993097,2148,1748400,4972,8396.333816,8363.757829,-184.0414046,-19.4481035,-164.5933011,17.26666667,50026
2018/4/13,7866.931623,7106.65,2656.3,17.41,1343.7,89.805,0,1.75,3.7035,2.13,116.8594731,-30.57395353,240847,851212,675,4667900,6030,8290.624643,8273.425791,-215.8534867,-58.72918015,-157.1243066,17.4,64178
2018/4/12,7821.822517,7140.25,2663.99,18.49,1341.35,89.7856,0,1.75,3.7212,2.13,116.4827672,-30.4978558,96364,334825,283,4755597,3893,8194.085874,8191.316105,-241.9160611,-95.36655634,-146.5495048,17.53333333,68886
2018/4/11,6932.843296,7069.03,2642.19,20.24,1350.75,89.5242,0,1.75,3.7212,2.11,116.1060613,-30.42175807,368867,1341632,797,287456,1459,7998.935343,7962.502867,-330.4943001,-142.3921051,-188.102195,17.66666667,61072
2018/4/10,6844.301557,7094.3,2656.87,20.47,1338.95,89.6213,0,1.75,3.7087,2.08,115.7293553,-30.34566033,465227,1580501,1243,141928629,36994,7802.061091,7759.193538,-403.1900472,-194.5516935,-208.6383537,17.8,59044
2018/4/9,6772.871609,6950.34,2613.16,21.77,1331.95,89.8399,0,1.75,3.7039,2.07,115.3526494,-30.2695626,59711,207659,171,27291663,8000,7651.283941,7579.862278,-461.2487618,-247.8911072,-213.3576546,17.93333333,59029
2018/4/8,7000.923355,6938.596667,2610.263333,21.67666667,1331.7,89.9388,0,1.75,3.7035,2.07,114.9759435,-30.19346487,468454,1678735,775,3202823,1130,7537.99,7474.600656,-483.2878004,-294.9704458,-188.3173546,18.06666667,52796
2018/4/7,6894.151859,6926.853333,2607.366667,21.58333333,1331.45,90.0377,0,1.75,3.71225,2.07,114.5992375,-30.11736713,43798,137767,106,6754721,17060,7438.454823,7369.064511,-503.5646845,-336.6892935,-166.8753909,18.2,52476
2018/4/6,6637.296686,6915.11,2604.47,21.49,1331.2,90.1366,0,1.75,3.721,2.07,114.2225316,-30.0412694,137865,317775,63,75157914,1705,7298.337381,7236.015815,-534.2023746,-376.1919098,-158.0104648,18.33333333,52721.58333
2018/4/5,6819.726657,7076.55,2662.84,18.94,1327.7,90.4383,0,1.75,3.72975,2.08,113.8458257,-29.96517167,1169003,3993200,3164,66181908,1130,7150.111293,7160.326878,-537.5656683,-408.4666615,-129.0990068,18.46666667,52967.16667
2018/4/4,6840.93611,7042.11,2644.69,20.06,1337.3,90.1421,0,1.75,3.7385,2.08,113.4691197,-29.88907393,374574,1324881,921,18829601,1670,7043.180527,7102.255829,-532.3827008,-433.2498693,-99.13283148,18.6,53212.75
2018/4/3,7454.69179,6941.28,2614.45,21.1,1333.45,90.1819,0,1.75,3.7237,2.08,113.0924138,-29.8129762,158415,543903,468,131231743,1350,7001.956544,7166.335095,-473.2943649,-441.2587685,-32.03559647,18.73333333,53458.33333
2018/4/2,7061.622526,6870.12,2581.88,23.62,1331.53,90.0335,0,1.75,3.7509,2.05,112.7157079,-29.73687847,530607,1828224,1259,300039513,1129,6925.936545,7147.296446,-452.9623694,-443.5994886,-9.362880731,18.86666667,53703.91667
2018/4/1,6830.630577,6918.4525,2596.6275,22.7075,1329.61,90.01663333,0,1.75,3.744233333,2.05,112.3390019,-29.66078073,803996,2835923,1535,7864316,2288,6915.715273,7089.720833,-450.2974871,-444.9390883,-5.358398754,19,53949.5
2018/3/31,6955.124518,6966.785,2611.375,21.795,1327.69,89.99976667,0,1.75,3.737566667,2.05,111.962296,-29.584683,1016587,3010501,1876,162183667,727,6926.797569,7065.248776,-433.1468805,-442.5806467,9.433766297,19.12903226,54195.08333
2018/3/30,6880.453144,7015.1175,2626.1225,20.8825,1325.77,89.9829,0,1.75,3.7309,2.05,110.4309758,-29.67270874,925547,3165524,2131,379043057,708,6937.555722,7031.64957,-420.7303395,-438.2105853,17.48024579,19.25806452,54440.66667
2018/3/29,7178.058623,7063.45,2640.87,19.97,1323.85,90.0937,0,1.75,3.7511,2.05,108.8996557,-29.76073448,868018,2950330,2068,12925747,1239,6955.269249,7058.269398,-382.4670246,-427.0618732,44.59484856,19.38709677,54686.25
2018/3/28,7954.826953,6949.23,2605,22.87,1332.45,90.0856,0,1.75,3.7233,2.05,107.3683355,-29.84876023,192507,694341,424,1112353,2476,7061.336758,7221.279862,-286.1656202,-398.8826226,112.7170023,19.51612903,54931.83333
2018/3/27,7828.221732,7008.81,2612.62,22.5,1341.45,89.3451,0,1.75,3.7507,2.07,105.8370154,-29.93678597,204313,710074,523,13903104,860,7180.429263,7331.63293,-217.5542171,-362.6169415,145.0627244,19.64516129,55177.41667
2018/3/26,8187.383924,7220.54,2658.55,21.03,1352.4,89.0738,0,1.75,3.7431,2.08,104.3056952,-30.02481171,126693,429567,308,729390,5000,7317.19499,7487.22402,-132.6684789,-316.627249,183.95877,19.77419355,55423
2018/3/25,8466.556129,7144.583333,2635.12,22.31,1350.466667,89.22076667,0,1.75,3.744666667,2.076666667,102.774375,-30.11283745,72202,266038,126,566346,2481,7479.756992,7665.284403,-42.38051978,-261.7779031,219.3973833,19.90322581,55668.58333
2018/3/24,8661.018753,7068.626667,2611.69,23.59,1348.533333,89.36773333,0,1.75,3.746233333,2.073333333,101.2430549,-30.20086319,770371,2734528,1725,31520000,1566,7600.389688,7846.327012,44.35356658,-200.5516092,244.9051758,20.03225806,55914.16667
2018/3/23,8865.051157,6992.67,2588.26,24.87,1346.6,89.5147,0,1.75,3.7478,2.07,99.71173471,-30.28888894,550887,1901307,1229,45775868,1659,7780.732551,8031.549584,128.0782583,-134.8256357,262.903894,20.16129032,56159.75
2018/3/22,8721.57,7166.68,2643.69,23.34,1329.15,89.8605,0,1.75,3.7582,2.08,98.18041455,-30.37691468,15354,57594,47,118485786,22380,7969.826493,8157.007841,180.7691552,-71.70667752,252.4758327,20.29032258,56405.33333
2018/3/21,8978.01899,7345.29,2711.93,17.86,1321.35,89.708,0,1.5,3.7633,2.09,96.64909439,-30.46494042,286,1036,1,91717893,0,8172.115941,8306.282596,240.4486188,-9.275618258,249.724237,20.41935484,56650.91667
2018/3/20,8892.783654,7364.3,2716.94,18.2,1311,90.4277,0,1.5,3.7982,2.08,95.11777423,-30.55296616,798135,2829270,1547,64950000,4539,8373.348992,8412.919152,277.6664781,48.11280101,229.5536771,20.5483871,56896.5
2018/3/19,8588.661986,7344.24,2712.92,19.02,1312.4,89.9199,0,1.5,3.818,2.08,93.58645406,-30.6409919,760732,2657995,1721,184554990,8060,8514.409328,8444.872394,279.4010613,94.37045306,185.0306082,20.67741935,57142.08333
2018/3/18,8092.439642,7390.156667,2725.95,17.94666667,1311.633333,90.0099,0,1.5,3.8221,2.08,92.0551339,-30.72901765,375853,1268557,971,411704,717,8528.170597,8380.793712,237.9913191,123.0946263,114.8966928,20.80645161,57387.66667
2018/3/17,7906.38397,7436.073333,2738.98,16.87333333,1310.866667,90.0999,0,1.5,3.8262,2.08,90.52381374,-30.81704339,161881,527629,401,4298359,1130,8535.986821,8294.537395,187.9935892,136.0744188,51.91917033,20.93548387,57633.25
2018/3/16,8315.139163,7481.99,2752.01,15.8,1310.1,90.1899,0,1.5,3.8303,2.08,88.99249358,-30.90506913,407786,1456514,981,4975200,22600,8548.762344,8298.283171,179.2864534,144.7168257,34.56962761,21.06451613,57878.83333
2018/3/15,8291.944666,7481.74,2747.33,16.59,1318.75,90.1284,0,1.5,3.8352,2.08,87.46117342,-30.99309487,203847,732042,443,123318553,38876,8531.301198,8297.130716,168.5711996,149.4877005,19.08349906,21.19354839,58124.41667
2018/3/14,8262.032897,7496.81,2749.48,17.23,1323.55,89.766,0,1.5,3.8425,2.07,85.92985326,-31.08112061,1143319,3993076,2764,3192292,2244,8491.402613,8290.749294,155.8688944,150.7639393,5.104955091,21.32258065,58370
2018/3/13,9208.440502,7511.01,2765.31,16.35,1322.75,89.7235,0,1.5,3.8323,2.09,84.3985331,-31.16914635,326033,1177181,824,19365567,1352,8525.741547,8457.602241,219.6375651,164.5386645,55.09890068,21.4516129,58615.58333
2018/3/12,9216.378706,7588.33,2783.02,15.78,1319.15,89.9221,0,1.5,3.8298,2.1,82.86721294,-31.2571721,103285,364081,221,2706954,1460,8575.222418,8595.561598,267.7290293,185.1767374,82.55229184,21.58064516,58861.16667
2018/3/11,9570.367448,7579.156667,2784.203333,15.4,1319.633333,89.9928,0,1.5,3.825633333,2.106666667,81.33589277,-31.34519784,131718,418839,183,436128916,149600,8634.457263,8772.799026,330.5949019,214.2603703,116.3345316,21.70967742,59106.75
2018/3/10,8894.85712,7569.983333,2785.386667,15.02,1320.116667,90.0635,0,1.5,3.821466667,2.113333333,79.80457261,-31.43322358,1069946,3992921,181,67758722,1394,8634.66461,8794.991406,322.1944637,235.847189,86.34727468,21.83870968,59352.33333
2018/3/9,9345.521676,7560.81,2786.57,14.64,1320.6,90.1342,0,1.5,3.8173,2.12,78.27325245,-31.52124932,1093003,3993157,1972,51276300,1130,8710.350579,8895.087819,347.8916409,258.2560794,89.63556151,21.96774194,59597.91667
2018/3/8,9433.592923,7427.95,2738.97,16.54,1321,90.1302,0,1.5,3.8073,2.11,76.74193229,-31.60927506,1021505,3993020,243,2604346,500,8844.465907,8992.997838,371.0858064,280.8220248,90.2637816,22.09677419,59843.5
2018/3/7,9968.268316,7396.65,2726.8,17.76,1329.4,89.5903,0,1.5,3.8272,2.13,75.21061213,-31.69730081,1080918,3993318,1513,2205872,2181,9050.654342,9170.319743,427.6811434,310.1938485,117.4872949,22.22580645,60089.08333
2018/3/6,10697.57229,7372.01,2728.12,18.36,1331.4,89.5933,0,1.5,3.8372,2.12,73.67929197,-31.78532655,1058265,3992757,447,104051,1766,9288.897654,9448.002024,525.326455,353.2203698,172.1060852,22.35483871,60334.66667
2018/3/5,11527.56879,7330.71,2720.94,18.73,1320.4,89.9968,0,1.5,3.8371,2.13,72.14797181,-31.87335229,1060954,3993127,989,6046899,5681,9612.460067,9826.105073,662.0531127,414.9869184,247.0661944,22.48387097,60580.25
2018/3/4,11516.38357,7306.43,2711.043333,19.01666667,1321.033333,89.99756667,0,1.5,3.835366667,2.126666667,70.61665165,-31.96137803,1026031,3991558,612,650180,11220,9937.895134,10133.42844,760.7381049,484.1371557,276.6009493,22.61290323,60825.83333
2018/3/3,11494.89894,7282.15,2701.146667,19.30333333,1321.666667,89.99833333,0,1.5,3.833633333,2.123333333,69.08533148,-32.04940377,1038398,3992888,594,156473,6780,10166.54098,10380.96853,827.6721528,552.8441551,274.8279977,22.74193548,61071.41667
2018/3/2,11095.09196,7257.87,2691.25,19.59,1322.3,89.9991,0,1.5,3.8319,2.12,67.55401132,-32.13742952,1008966,3993372,234,3850016,1130,10354.4123,10510.80915,838.7877628,610.0328767,228.7548862,22.87096774,61317
2018/3/1,10929.7655,7180.56,2677.67,22.47,1307.75,90.2646,0,1.5,3.8318,2.1,66.02269116,-32.22545526,1093559,3972134,1871,1129352,19320,10490.35211,10586.98303,824.7493036,652.976162,171.7731416,23,61852
2018/2/28,10412.02401,7273.01,2713.83,19.85,1317.85,90.6693,0,1.5,3.8383,2.12,64.491371,-32.313481,1076926,3993268,2087,60580836,22600,10642.0688,10555.1723,763.0503429,674.9909982,88.05934468,23.64285714,68823
2018/2/27,10736.49053,7330.35,2744.28,18.59,1325.75,90.379,0,1.5,3.8567,2.13,65.48906446,-31.95522864,1145101,3993061,2101,27442023,4081,10781.16568,10588.13925,731.89834,686.3724666,45.52587344,24.28571429,64827
2018/2/26,10371.77268,7421.46,2779.6,15.8,1333.5,89.871,0,1.5,3.8719,2.13,66.48675793,-31.59697629,589012,2060890,479,1154647,1293,10874.98366,10548.79988,670.0564769,683.1092686,-13.05279173,24.92857143,66533
2018/2/25,9699.647408,7393.436667,2768.833333,16.03,1331.65,89.87706667,0,1.5,3.88045,2.126666667,67.48445139,-31.23872393,195872,713498,358,5005492930,4492928,10848.12157,10394.40852,560.3520727,658.5578295,-98.20575676,25.57142857,63393
2018/2/24,9843.276427,7365.413333,2758.066667,16.26,1329.8,89.88313333,0,1.5,3.889,2.123333333,68.48214486,-30.88047157,1006402,3981229,471,82526,23197,10762.69198,10294.20268,479.4731356,622.7408907,-143.2677551,26.21428571,56616
2018/2/23,10348.06763,7337.39,2747.3,16.49,1327.95,89.8892,0,1.5,3.8865,2.12,69.47983832,-30.52221921,1027499,3962282,1105,440722,2411,10644.74187,10303.99631,450.9106098,588.3748345,-137.4642247,26.85714286,62576
2018/2/22,9987.171846,7210.09,2703.96,18.72,1328.35,89.7418,0,1.5,3.882,2.11,70.47753179,-30.16396686,1046492,3993185,1670,453547,4520,10491.82069,10246.39186,394.6045728,549.6207822,-155.0162094,27.5,66124
2018/2/21,10680.36171,7218.23,2701.33,20.02,1330.5,90.1088,0,1.5,3.8812625,2.12,71.47522525,-29.8057145,1078569,3993276,2793,1266216,1130,10410.36697,10325.29547,401.2904353,519.9547128,-118.6642775,28.14285714,69562
2018/2/20,11446.21506,7234.31,2716.26,20.6,1339.85,89.718,0,1.5,3.880525,2.1,72.47291871,-29.44746214,1003927,3993205,203,117498897,1130,10445.47928,10529.09903,463.0492508,508.5736204,-45.52436962,28.78571429,75215
2018/2/19,11191.90266,7235.6,2720.25,20.315,1346.6,89.2083,0,1.5,3.8797875,2.0975,73.47061218,-29.08920979,1054055,3993152,829,220548,1130,10471.693,10649.60878,485.8718435,504.033265,-18.1614215,29.42857143,69225
2018/2/18,10576.17556,7236.89,2724.24,20.03,1348.433333,89.1833,0,1.5,3.87905,2.095,74.46830564,-28.73095743,1021714,3992359,382,90024020,42350,10488.10815,10636.25729,449.0979598,493.046204,-43.94824413,30.07142857,62968
2018/2/17,11095.6086,7238.18,2728.23,19.745,1350.266667,89.1583,0,1.5,3.8783125,2.0925,75.46599911,-28.37270507,1001137,3992884,204,45018457,0,10524.01996,10719.77571,456.604841,485.7579314,-29.15309041,30.71428571,69716
2018/2/16,10245.30885,7239.47,2732.22,19.46,1352.1,89.1333,0,1.5,3.877575,2.09,76.46369257,-28.01445271,1004868,3993003,194,12894,1977,10511.37358,10633.50901,389.4526471,466.4968745,-77.04422744,31.35714286,74964
2018/2/15,10117.07499,7256.43,2731.2,19.13,1352.45,88.5685,0,1.5,3.8768375,2.11,77.46138604,-27.65620036,35993,132149,115,40091186,25287,10553.11633,10539.61191,322.1728408,437.6320678,-115.4592269,32,74208
2018/2/14,9505.15,7143.62,2698.63,19.26,1336.25,89.0168,0,1.5,3.8761,2.09,78.4590795,-27.297948,1009630,3992752,467,100183,2486,10519.30369,10351.52793,216.9747275,393.5005997,-176.5258723,32.64285714,72888
2018/2/13,8577.572064,7013.51,2662.94,24.97,1325.35,89.7212,0,1.5,3.8859,2.05,79.45677296,-26.93969564,1024982,3992675,1197,228402565,2260,10342.25413,10028.9905,58.08708557,326.4178969,-268.3308113,33.28571429,73084
2018/2/12,8863.252806,6981.96,2656,25.61,1322.3,90.1347,0,1.5,3.8809,2.07,80.45446643,-26.58144329,1050421,3993019,946,249699699,12046,10229.86223,9817.038191,-44.27014828,252.2802879,-296.5504361,33.92857143,83783
2018/2/11,8099.307366,6946.136667,2643.85,26.76,1319.566667,90.20136667,0,1.5,3.8907,2.063333333,81.45215989,-26.22319093,1076342,3992705,1740,1206273,25250,9971.756796,9504.723495,-184.9015757,164.8439151,-349.7454909,34.57142857,75335
2018/2/10,8624.238538,6910.313333,2631.7,27.91,1316.833333,90.26803333,0,1.5,3.8893,2.056666667,82.44985336,-25.86493857,1046186,3997619,1715,1181561,26325,9689.559143,9344.635321,-251.1009017,81.65495176,-332.7558535,35.21428571,77570
2018/2/9,8684.106762,6874.49,2619.55,29.06,1314.1,90.3347,0,1.5,3.8879,2.05,83.44754682,-25.50668621,1010479,3993181,382,530059,199568,9438.779554,9224.53922,-295.3291091,6.25813959,-301.5872487,35.85714286,89542
2018/2/8,8256.155151,6777.16,2581,33.46,1315.45,90.3033,0,1.5,3.8902,2.09,84.44524029,-25.14843386,1039869,3992967,1458,4583218206,139860,9206.777513,9048.469389,-360.7538546,-67.14425925,-293.6095954,36.5,101569
2018/2/7,7587.933554,7051.98,2681.66,27.73,1324.65,90.3016,0,1.5,3.8967,2.1,85.44293375,-24.7901815,285,1140,1,2377522903,0,8856.010008,8782.917419,-461.2068299,-145.9567734,-315.2500565,37.14285714,95072
2018/2/6,7768.942755,7115.88,2695.14,29.98,1331.4,89.6655,0,1.5,3.9066,2.1,86.44062721,-24.43192914,1095572,3993119,2478,171827600,31705,8608.373399,8598.558389,-520.2139047,-220.8081997,-299.4057051,37.78571429,109734
2018/2/5,6905.959543,6967.53,2648.94,37.32,1333.6,89.6852,0,1.5,3.9153,2.1,87.43832068,-24.07367679,1034183,3993011,2163,13866901,341200,8287.261854,8290.813144,-629.3581209,-302.5181839,-326.839937,38.42857143,99959
2018/2/4,8256.583798,7058.67,2686.67,30.65,1332.783333,89.52016667,0,1.5,3.913666667,2.113333333,88.43601414,-23.71542443,50284,191794,83,2171876,64268,8162.405234,8284.589627,-599.9556931,-362.0056857,-237.9500074,39.07142857,78202
2018/2/3,9191.270888,7149.81,2724.4,23.98,1331.966667,89.35513333,0,1.5,3.912033333,2.126666667,89.43370761,-23.35717207,1017237,3992850,646,516906,37294,8223.775116,8449.440765,-495.5205679,-388.7086622,-106.8119057,39.71428571,76444
2018/2/2,8768.328115,7240.95,2762.13,17.31,1331.15,89.1901,0,1.5,3.9104,2.14,90.43140107,-22.99891971,1151014,3993127,1363,6391495,14690,8214.282647,8507.420283,-441.7902429,-399.3249783,-42.46526462,40.35714286,102640
2018/2/1,9171.249369,7385.86,2821.98,13.47,1341.35,88.6486,0,1.5,3.9204,2.11,91.42909454,-22.64066736,1037018,3992789,1136,309861,7006,8321.476847,8628.116481,-362.5173215,-391.963447,29.4461255,41,93008
2018/1/31,10236.67507,7411.48,2823.81,13.54,1345.05,89.1201,0,1.5,4.0135,2.11,92.426788,-22.282415,1033179,3992751,3598,100000000,40303,8482.720501,8920.581679,-211.2864316,-355.8280439,144.5416123,41.51612903,81651
2018/1/30,10084.49524,7402.48,2822.43,14.79,1344.9,89.1844,0,1.5,4.0277,2.1,92.11360948,-21.41962984,1021107,3993099,1598,29934600,40000,8622.759348,9132.202326,-102.5325707,-305.1689493,202.6363785,42.03225806,84246
2018/1/29,11348.08379,7466.51,2853.53,13.84,1343.85,89.3578,0,1.5,4.028,2.09,91.80043097,-20.55684468,1002871,3992740,248,1640517,4902,8931.952212,9535.089865,84.64099464,-227.2069605,311.8479551,42.5483871,82322
2018/1/28,11865.23189,7479.596667,2859.976667,12.92,1346.95,89.24536667,0,1.5,4.026333333,2.09,91.48725245,-19.69405952,1028648,3992633,390,202730,200000,9359.682046,9958.752051,271.5763602,-127.4502963,399.0266565,43.06451613,66645
2018/1/27,11446.46873,7492.683333,2866.423333,12,1350.05,89.13293333,0,1.5,4.024666667,2.09,91.17407394,-18.83127435,705406,2685130,1101,563070,81600,9727.434643,10229.24599,381.5351966,-25.65319776,407.1883944,43.58064516,63956
2018/1/26,11123.95015,7505.77,2872.87,11.08,1353.15,89.0205,0,1.5,4.023,2.09,90.86089542,-17.96848919,1027997,3993224,511,7543527,110908,10149.2337,10391.91948,437.6093248,66.99930675,370.610018,44.09677419,73227
2018/1/25,11219.4367,7411.16,2839.25,11.58,1354.95,89.3528,0,1.5,4.0425,2.07,90.5477169,-17.10570403,1017268,3993112,1135,223182,49976,10445.51899,10542.37715,484.1722062,150.4338866,333.7383195,44.61290323,79509
2018/1/24,10821.59111,7415.06,2837.54,11.47,1353.7,89.2033,0,1.5,4.0425,2.07,90.23453839,-16.24291887,1303000,3992935,969,117755,8180,10608.55102,10593.14333,483.398494,217.0268081,266.3716859,45.12903226,78855
2018/1/23,10800.47262,7460.29,2839.13,11.1,1333.4,90.0919,0,1.5,4.0371,2.06,89.92135987,-15.38013371,998234,3992828,468,13685122,54903,10811.76547,10630.83956,475.5988286,268.7412122,206.8576164,45.64516129,81995
2018/1/22,10917.30641,7408.03,2832.97,11.03,1332.6,90.3726,0,1.5,4.0516,2.06,89.60818135,-14.51734855,1123917,3993255,721,4748045,10000,10986.37117,10682.92444,473.3881244,309.6705946,163.7175298,46.16129032,93708
2018/1/21,11481.02513,7384.146667,2825.413333,11.11,1333.383333,90.48256667,0,1.5,4.051666667,2.06,89.29500284,-13.65456339,1058734,3993247,1549,2966321835,86300,11110.80618,10828.03366,511.2303695,349.9825496,161.2478199,46.67741935,76295
2018/1/20,12961.20566,7360.263333,2817.856667,11.19,1334.166667,90.59253333,0,1.5,4.051733333,2.06,88.98182432,-12.79177823,1064269,3993127,2713,100573477,94250,11398.47722,11215.88311,653.1299443,410.6120285,242.5179157,47.19354839,75149
2018/1/19,11517.12995,7336.38,2810.3,11.27,1334.95,90.7025,0,1.5,4.0518,2.06,88.66864581,-11.92899306,1000219,3992557,1385,36007731,22600,11415.38183,11270.65527,641.6648258,456.822588,184.8422378,47.70967742,57244
2018/1/18,11305.3074,7296.05,2798.03,12.22,1332.2,90.5232,0,1.5,4.0213,2.05,88.35546729,-11.0662079,1086103,3993073,2014,3294274,103924,11359.38939,11276.95565,608.472238,487.152518,121.31972,48.22580645,100366
2018/1/17,11139.59209,7298.28,2802.56,11.91,1335.65,90.8823,0,1.5,4.0124,2.04,88.04228877,-10.20342274,1041858,3998280,1771,8435024,114982,11328.70172,11251.98046,562.3130379,502.184622,60.12841591,48.74193548,111394
2018/1/16,11445.84964,7223.69,2776.42,11.66,1333.85,90.4671,0,1.5,4.0076,2.03,87.72911026,-9.340637581,1075673,3993041,2698,65501015,114211,11360.89167,11287.2294,544.1710983,510.5819172,33.58918106,49.25806452,102135
2018/1/15,13769.21644,7233.0325,2778.875,11.285,1339.25,90.4354,0,1.5,4.0146,2.025,87.41593174,-8.477852419,1001823,3993123,180,435404,94452,11615.86964,11738.49977,709.0957496,550.2846837,158.8110659,49.77419355,76852
2018/1/14,13815.42967,7242.375,2781.33,10.91,1335.1,90.57743333,0,1.5,4.007233333,2.02,87.10275323,-7.615067258,1024150,3992899,841,3494863,93977,11915.2535,12116.12339,833.9158823,607.0109234,226.9049589,50.29032258,65657
2018/1/13,14552.77603,7251.7175,2783.785,10.535,1330.95,90.71946667,0,1.5,3.999866667,2.015,86.78957471,-6.752282097,999273,3895494,1633,483504,115415,12290.48384,12559.15114,981.0257713,681.813893,299.2118783,50.80645161,63396
2018/1/12,14089.11203,7261.06,2786.24,10.16,1326.8,90.8615,0,1.5,3.9925,2.01,86.47639619,-5.889496935,1020845,3992837,1303,29597558,115127,12607.6644,12837.32585,1048.115584,755.0742313,293.0413531,51.32258065,80737
2018/1/11,13501.98144,7211.78,2767.56,9.88,1323.05,91.9163,0,1.5,3.9872,2,86.16321768,-5.026711774,1106249,3993227,2111,220544671,88776,12809.76004,12958.17232,1041.897863,812.4389576,229.4589052,51.83870968,100333
2018/1/10,15065.00252,7153.57,2748.23,9.82,1319.75,92.3791,0,1.5,3.9532,2.03,85.85003916,-4.163926613,1046970,3992904,3040,9283312,114810,13020.13972,13341.23236,1149.838391,879.9188442,269.9195466,52.35483871,82357
2018/1/9,14710.59636,7163.58,2751.29,10.08,1311,92.5063,0,1.5,3.9342,2.03,85.53686065,-3.301141452,1052071,3993094,2598,85257686,120348,13339.48636,13590.20763,1193.031893,942.5414539,250.4904389,52.87096774,80932
2018/1/8,15218.63286,7157.39,2747.71,9.52,1319.95,92.3351,0,1.5,3.9385,2.02,85.22368213,-2.43835629,1048234,3993037,3035,48587979,119354,13730.81891,13886.28494,1253.804279,1004.794019,249.0102598,53.38709677,30585
2018/1/7,16515.28737,7150.446667,2746.19,9.42,1319.016667,92.23233333,0,1.5,3.938433333,2.016666667,84.91050361,-1.575571129,1122542,3992699,1916,21804136,83148,14268.38844,14364.28539,1390.566431,1081.948501,308.6179293,53.90322581,67259
2018/1/6,17162.01641,7143.503333,2744.67,9.32,1318.083333,92.12956667,0,1.5,3.938366667,2.013333333,84.5973251,-0.712785968,1069647,3992829,2008,8625000,69660,14840.00511,14872.96375,1533.460274,1172.250856,361.2094185,54.41935484,62977
2018/1/5,16989.16148,7136.56,2743.15,9.22,1317.15,92.0268,0,1.5,3.9383,2.01,84.28414658,0.149999194,1108837,3992731,2207,1524852,186352,15161.99962,15257.72698,1614.149812,1260.630647,353.5191653,54.93548387,76404
2018/1/4,15163.89895,7077.92,2723.99,9.22,1314.5,91.8691,0,1.5,3.9583,2.01,83.97096806,1.012784355,1076478,3993072,2937,191685933,71307,15296.84654,15240.66734,1513.368254,1311.178169,202.1900853,55.4516129,74534
2018/1/3,15079.15218,7065.53,2713.06,9.15,1314.9,92.1708,0,1.5,3.9383,1.98,83.65778955,1.875569516,1055791,3993136,3365,301214,103957,15349.48416,15211.30094,1410.401555,1331.022846,79.37870935,55.96774194,79086
2018/1/2,14938.17668,7006.9,2695.81,9.77,1312.05,91.8616,0,1.5,3.8941,2,83.34461103,2.738354677,1046362,3992416,2694,16985400,108848,15434.39063,15161.64199,1302.410779,1325.300433,-22.88965324,56.48387097,77723
2018/1/1,13577.18855,6981.0225,2690.26,10.0875,1308.1625,92.2574,0,1.5,3.892775,1.99,83.03143252,3.601139839,1050311,3993122,2598,90335152,103423,15441.91134,14873.55954,1094.39148,1279.118642,-184.7271622,57,62044
