Date,Close, NASDAQ Composite Index, S&P 500 Index,S&P 500 Volatility Index (VIX), Gold spot closing price per troy ounce($/oz),U.S. Dollar Index,Eurozone: Benchmark Rate (Major Refinancing Rate),USA: Federal Funds Target Rate,China: T-Bond Yield: 10Y,US 10-Year Breakeven Inflation Rate,World: Geopolitical Risk Index,Index of Global Real Economic Activity (Kilian)
2022/12/31,16538.3479,10446.6075,3835.66,21.9775,1820.075,103.5824333,2.5,4.5,2.8408,2.29,111.195938,-15.009042
2022/12/30,16603.75195,10466.48,3839.5,21.67,1812.35,103.4895,2.5,4.5,2.841,2.3,111.3740137,-15.37476623
2022/12/29,16641.44486,10478.09,3849.28,21.44,1813.75,103.9747,2.5,4.5,2.8406,2.27,111.5520895,-15.74049045
2022/12/28,16549.98327,10213.29,3783.22,22.14,1803.35,104.5291,2.5,4.5,2.863,2.28,111.7301652,-16.10621468
2022/12/27,16706.45971,10353.23,3829.25,21.65,1802.16,104.2013,2.5,4.5,2.8622,2.26,111.908241,-16.4719389
2022/12/26,16908.94843,10389.3875,3833.1425,21.455,1800.97,104.1681,2.5,4.5,2.8428,2.245,112.0863167,-16.83766313
2022/12/25,16829.9184,10425.545,3837.035,21.26,1799.78,104.2199,2.5,4.5,2.8448,2.23,112.2643925,-17.20338735
2022/12/24,16833.8821,10461.7025,3840.9275,21.065,1798.59,104.2717,2.5,4.5,2.8468,2.215,112.4424682,-17.56911158
2022/12/23,16780.46368,10497.86,3844.82,20.87,1797.4,104.3235,2.5,4.5,2.8488,2.2,112.6205439,-17.93483581
2022/12/22,16822.06214,10476.12,3822.39,21.97,1800.7,104.381,2.5,4.5,2.8563,2.19,112.7986197,-18.30056003
2022/12/21,16806.4165,10709.37,3878.44,20.07,1817.55,104.2598,2.5,4.5,2.8797,2.27,112.9766954,-18.66628426
2022/12/20,16902.54219,10547.11,3821.62,21.48,1813.9,103.9665,2,4.5,2.8647,2.24,113.1547712,-19.03200848
2022/12/19,16424.79671,10546.03,3817.66,22.42,1790.8,104.6791,2,4.5,2.8661,2.15,113.3328469,-19.39773271
2022/12/18,16750.76581,10599.15667,3829.226667,22.48666667,1791.383333,104.7349333,2,4.5,2.8779,2.143333333,113.5109226,-19.76345694
2022/12/17,16785.8923,10652.28333,3840.793333,22.55333333,1791.966667,104.7907667,2,4.5,2.8897,2.136666667,113.6889984,-20.12918116
2022/12/16,16608.4932,10705.41,3852.36,22.62,1792.55,104.8466,2,4.5,2.9015,2.13,113.8670741,-20.49490539
2022/12/15,17339.45827,10810.53,3895.75,22.83,1783.55,104.6057,2,4.5,2.8753,2.16,114.0451499,-20.86062961
2022/12/14,17799.16897,11170.89,3995.32,21.14,1808.05,103.6286,2,4,2.8794,2.19,114.2232256,-21.22635384
2022/12/13,17766.35055,11256.81,4019.65,22.55,1823.55,104.0158,2,4,2.9173,2.24,114.4013014,-21.59207806
2022/12/12,17220.81454,11143.74,3990.56,25,1786.6,105.0116,2,4,2.8853,2.28,114.5793771,-21.95780229
2022/12/11,17091.91654,11097.36667,3971.833333,24.27666667,1789.783333,104.9829667,2,4,2.889666667,2.273333333,114.7574528,-22.32352652
2022/12/10,17114.34059,11050.99333,3953.106667,23.55333333,1792.966667,104.9543333,2,4,2.894033333,2.266666667,114.9355286,-22.68925074
2022/12/9,17123.38673,11004.62,3934.38,22.83,1796.15,104.9257,2,4,2.8984,2.26,115.1136043,-23.05497497
2022/12/8,17254.8416,11082,3963.51,22.29,1790.15,104.8156,2,4,2.8746,2.28,115.2916801,-23.42069919
2022/12/7,16838.04747,10958.55,3933.92,22.68,1782.2,105.1983,2,4,2.9189,2.26,115.4697558,-23.78642342
2022/12/6,17088.37612,11014.89,3941.26,22.17,1773.8,105.5641,2,4,2.9112,2.31,115.6478315,-24.15214765
2022/12/5,16959.33606,11239.94,3998.84,20.75,1776.8,105.272,2,4,2.8776,2.39,115.8259073,-24.51787187
2022/12/4,17130.16533,11313.79333,4023.126667,20.18666667,1779.45,105.0179333,2,4,2.8746,2.403333333,116.003983,-24.8835961
2022/12/3,16903.72363,11387.64667,4047.413333,19.62333333,1782.1,104.7638667,2,4,2.8716,2.416666667,116.1820588,-25.24932032
2022/12/2,17088.4265,11461.5,4071.7,19.06,1784.75,104.5098,2,4,2.8686,2.43,116.3601345,-25.61504455
2022/12/1,16956.1893,11482.45,4076.57,19.84,1803.15,104.7036,2,4,2.8762,2.36,116.5382103,-25.98076877
2022/11/30,17188.63468,11468,4080.11,20.58,1753.5,105.9765,2,4,2.9102,2.34,116.716286,-26.346493
2022/11/29,16436.1924,10983.78,3957.63,21.89,1752.7,106.8126,2,4,2.9108,2.25,117.5978236,-25.23079457
2022/11/28,16212.40325,11049.5,3963.94,22.21,1746.55,106.6752,2,4,2.8441,2.26,118.4793613,-24.11509613
2022/11/27,16432.36462,11108.45333,3984.666667,21.64,1748.316667,106.4742667,2,4,2.836733333,2.28,119.3608989,-22.9993977
2022/11/26,16461.19452,11167.40667,4005.393333,21.07,1750.083333,106.2733333,2,4,2.829366667,2.3,120.2424365,-21.88369927
2022/11/25,16511.91128,11226.36,4026.12,20.5,1751.85,106.0724,2,4,2.822,2.32,121.1239742,-20.76800083
2022/11/24,16597.7313,11255.84,4026.69,20.42,1755.4,105.8617,2,4,2.7968,2.32,122.0055118,-19.6523024
2022/11/23,16615.2292,11285.32,4027.26,20.35,1740.15,106.1437,2,4,2.8231,2.32,122.8870494,-18.53660397
2022/11/22,16174.9574,11174.41,4003.58,21.29,1742.95,107.1687,2,4,2.8439,2.32,123.7685871,-17.42090553
2022/11/21,15779.9717,11024.51,3949.94,22.36,1740.4,107.8226,2,4,2.8183,2.31,124.6501247,-16.3052071
2022/11/20,16291.4477,11065.02667,3955.073333,22.61333333,1744.133333,107.5376667,2,4,2.821166667,2.29,125.5316623,-15.18950867
2022/11/19,16715.83859,11105.54333,3960.206667,22.86666667,1747.866667,107.2527333,2,4,2.824033333,2.27,126.4132,-14.07381023
2022/11/18,16711.14178,11146.06,3965.34,23.12,1751.6,106.9678,2,4,2.8269,2.25,127.2947376,-12.9581118
2022/11/17,16690.88953,11144.96,3946.56,23.93,1758.6,106.6784,2,4,2.8372,2.28,128.1762752,-11.84241337
2022/11/16,16673.50771,11183.66,3958.79,24.11,1773,106.2934,2,4,2.8187,2.29,129.0578129,-10.72671493
2022/11/15,16894.9265,11358.41,3991.73,24.54,1771.35,106.5629,2,4,2.8355,2.35,129.9393505,-9.6110165
2022/11/14,16630.63746,11196.22,3957.25,23.73,1768.9,106.8986,2,4,2.8267,2.37,130.8208881,-8.495318067
2022/11/13,16349.9976,11238.59,3969.143333,23.32666667,1765.716667,106.7351667,2,4,2.788966667,2.375,131.7024258,-7.379619633
2022/11/12,16802.1943,11280.96,3981.036667,22.92333333,1762.533333,106.5717333,2,4,2.751233333,2.38,132.5839634,-6.2639212
2022/11/11,17104.1984,11323.33,3992.93,22.52,1759.35,106.4083,2,4,2.7135,2.385,133.465501,-5.148222767
2022/11/10,17590.41467,11114.15,3956.37,23.53,1744.75,107.8847,2,4,2.7014,2.39,134.3470387,-4.032524333
2022/11/9,15789.34242,10353.17,3748.57,26.09,1715.25,110.4278,2,4,2.7009,2.42,135.2285763,-2.9168259
2022/11/8,18528.52093,10616.2,3828.11,25.54,1678.65,109.6342,2,4,2.7157,2.5,136.1101139,-1.801127467
2022/11/7,20591.7459,10564.52,3806.8,24.35,1678.95,110.1872,2,4,2.7049,2.53,136.9916516,-0.685429033
2022/11/6,20913.0539,10534.76333,3794.716667,24.41666667,1677.433333,110.3861,2,4,2.705066667,2.513333333,137.8731892,0.4302694
2022/11/5,21281.5851,10505.00667,3782.633333,24.48333333,1675.916667,110.585,2,4,2.705233333,2.496666667,138.7547268,1.545967833
2022/11/4,21156.078,10475.25,3770.55,24.55,1674.4,110.7839,2,4,2.7054,2.48,139.6362645,2.661666267
2022/11/3,20208.59651,10342.94,3719.89,25.3,1628.75,112.9842,2,4,2.6835,2.4,140.5178021,3.7773647
2022/11/2,20151.52308,10524.8,3759.69,25.86,1649.55,112.1193,2,3.25,2.6786,2.53,141.3993397,4.893063133
2022/11/1,20481.5549,10890.85,3856.1,25.81,1645.25,111.5609,1.25,3.25,2.6605,2.51,142.2808774,6.008761567
2022/10/31,20504.46023,10988.15,3871.98,25.88,1639,111.6036,1.25,3.25,2.6553,2.52,143.162415,7.12446
2022/10/30,20621.7479,11026.25,3881.673333,25.83666667,1642.016667,111.2945,1.25,3.25,2.670033333,2.516666667,142.8018813,6.494766484
2022/10/29,20811.98837,11064.35,3891.366667,25.79333333,1645.033333,110.9854,1.25,3.25,2.684766667,2.513333333,142.4413476,5.865072968
2022/10/28,20608.2579,11102.45,3901.06,25.75,1648.05,110.6763,1.25,3.25,2.6995,2.51,142.0808139,5.235379452
2022/10/27,20283.97975,10792.67,3807.3,27.39,1659.75,110.5894,1.25,3.25,2.7039,2.45,141.7202802,4.605685935
2022/10/26,20754.02397,10970.99,3830.6,27.28,1666.75,109.6982,1.25,3.25,2.7291,2.44,141.3597465,3.975992419
2022/10/25,20110.87556,11199.12,3859.11,28.46,1659.25,110.8775,1.25,3.25,2.7282,2.51,140.9992127,3.346298903
2022/10/24,19335.3937,10952.61,3797.34,29.85,1649.15,112.0087,1.25,3.25,2.7298,2.59,140.638679,2.716605387
2022/10/23,19548.7249,10921.64667,3782.476667,29.79666667,1647.183333,111.9559667,1.25,3.25,2.729433333,2.566666667,140.2781453,2.086911871
2022/10/22,19202.85297,10890.68333,3767.613333,29.74333333,1645.216667,111.9032333,1.25,3.25,2.729066667,2.543333333,139.9176116,1.457218355
2022/10/21,19166.3286,10859.72,3752.75,29.69,1643.25,111.8505,1.25,3.25,2.7287,2.52,139.5570779,0.827524839
2022/10/20,19042.9309,10614.84,3665.78,29.98,1635.3,112.8273,1.25,3.25,2.7246,2.51,139.1965442,0.197831323
2022/10/19,19124.9892,10680.51,3695.16,30.76,1631.7,112.9089,1.25,3.25,2.709,2.42,138.8360105,-0.431862194
2022/10/18,19351.0697,10772.4,3719.98,30.5,1653,112.0303,1.25,3.25,2.71,2.41,138.4754768,-1.06155571
2022/10/17,19558.1117,10675.8,3677.95,31.37,1664.75,112.0931,1.25,3.25,2.7107,2.45,138.1149431,-1.691249226
2022/10/16,19259.62065,10557.66333,3646.323333,31.58666667,1659.6,112.4985667,1.25,3.25,2.7131,2.436666667,137.7544094,-2.320942742
2022/10/15,19054.8847,10439.52667,3614.696667,31.80333333,1654.45,112.9040333,1.25,3.25,2.7155,2.423333333,137.3938756,-2.950636258
2022/10/14,19191.0274,10321.39,3583.07,32.02,1649.3,113.3095,1.25,3.25,2.7179,2.41,137.0333419,-3.580329774
2022/10/13,19380.6893,10649.15,3669.91,31.94,1648.1,112.4601,1.25,3.25,2.7347,2.34,136.6728082,-4.21002329
2022/10/12,19157.97735,10417.1,3577.03,33.57,1670.65,113.2668,1.25,3.25,2.7527,2.29,136.3122745,-4.839716806
2022/10/11,19045.5416,10426.19,3588.84,33.63,1664.7,113.2941,1.25,3.25,2.744,2.31,135.9517408,-5.469410323
2022/10/10,19135.37402,10542.1,3612.39,32.45,1676.55,113.1571,1.25,3.25,2.7446,2.3,135.5912071,-6.099103839
2022/10/9,19436.3351,10578.86667,3621.48,32.08666667,1683.083333,113.0234667,1.25,3.25,2.7486,2.29,135.2306734,-6.728797355
2022/10/8,19401.0105,10615.63333,3630.57,31.72333333,1689.616667,112.8898333,1.25,3.25,2.7726,2.28,134.8701397,-7.358490871
2022/10/7,19533.02825,10652.4,3639.66,31.36,1696.15,112.7562,1.25,3.25,2.7674625,2.27,134.509606,-7.988184387
2022/10/6,19948.2219,11073.31,3744.52,30.52,1714.2,112.2612,1.25,3.25,2.762325,2.22,134.1490723,-8.617877903
2022/10/5,20168.6041,11148.64,3783.28,28.55,1700.5,111.1992,1.25,3.25,2.7571875,2.22,133.7885385,-9.247571419
2022/10/4,20339.726,11176.41,3790.93,29.07,1714.85,110.1798,1.25,3.25,2.75205,2.24,133.4280048,-9.877264935
2022/10/3,19610.3879,10815.43,3678.43,30.1,1668.4,111.6392,1.25,3.25,2.7469125,2.24,133.0674711,-10.50695845
2022/10/2,19035.34988,10735.49333,3647.493333,30.60666667,1669.516667,111.8098333,1.25,3.25,2.741775,2.21,132.7069374,-11.13665197
2022/10/1,19305.1719,10655.55667,3616.556667,31.11333333,1670.633333,111.9804667,1.25,3.25,2.7366375,2.18,132.3464037,-11.76634548
2022/9/30,19449.60774,10575.62,3585.62,31.62,1671.75,112.1511,1.25,3.25,2.7315,2.15,131.98587,-12.396039
2022/9/29,19593.33746,10737.51,3640.47,31.84,1654.8,111.9699,1.25,3.25,2.7296,2.19,132.015115,-12.5599414
2022/9/28,19399.48878,11051.64,3719.04,30.18,1652.15,112.7177,1.25,3.25,2.7121,2.33,132.04436,-12.7238438
2022/9/27,19098.47982,10829.5,3647.29,32.6,1634.3,114.1596,1.25,3.25,2.7009,2.33,132.073605,-12.8877462
2022/9/26,19238.7536,10802.92,3655.04,32.26,1643.35,114.1146,1.25,3.25,2.6951,2.32,132.10285,-13.0516486
2022/9/25,18814.0516,10824.59,3667.77,31.48,1643.416667,113.7538667,1.25,3.25,2.683966667,2.336666667,132.132095,-13.215551
2022/9/24,18931.73411,10846.26,3680.5,30.7,1643.483333,113.3931333,1.25,3.25,2.672833333,2.353333333,132.16134,-13.3794534
2022/9/23,19245.96942,10867.93,3693.23,29.92,1643.55,113.0324,1.25,3.25,2.6617,2.37,132.190585,-13.5433558
2022/9/22,19429.13269,11066.8,3757.99,27.35,1671.85,111.2889,1.25,3.25,2.6496,2.41,132.21983,-13.7072582
2022/9/21,18501.82049,11220.19,3789.93,27.99,1671.75,111.3731,1.25,2.5,2.6552,2.38,132.249075,-13.8711606
2022/9/20,18873.2005,11425.05,3855.93,27.16,1664.15,110.1986,1.25,2.5,2.6744,2.4,132.27832,-14.035063
2022/9/19,19576.6372,11535.02,3899.89,25.76,1664.275,109.5949,1.25,2.5,2.6831,2.34,132.307565,-14.1989654
2022/9/18,19393.59391,11506.14667,3891.036667,25.94,1664.4,109.6165,1.25,2.5,2.684933333,2.353333333,132.33681,-14.3628678
2022/9/17,20123.64055,11477.27333,3882.183333,26.12,1664.525,109.6381,1.25,2.5,2.686766667,2.366666667,132.366055,-14.5267702
2022/9/16,19756.26819,11448.4,3873.33,26.3,1664.65,109.6597,1.25,2.5,2.6886,2.38,132.3953,-14.6906726
2022/9/15,19662.3883,11552.36,3901.35,26.27,1689.1,109.6856,1.25,2.5,2.67,2.43,132.424545,-14.854575
2022/9/14,20251.71983,11719.68,3946.01,26.16,1703.9,109.6461,1.25,2.5,2.6567,2.46,132.45379,-15.0184774
2022/9/13,20172.39246,11633.57,3932.69,27.27,1704.85,109.9188,0.5,2.5,2.6503,2.44,132.483035,-15.1823798
2022/9/12,22387.93863,12266.41,4110.41,23.87,1726.4,108.3076,0.5,2.5,2.6443,2.42,132.51228,-15.3462822
2022/9/11,21789.45241,12215.04333,4096.06,23.51,1722.066667,108.5269,0.5,2.5,2.6383,2.42,132.541525,-15.5101846
2022/9/10,21661.704,12163.67667,4081.71,23.15,1717.733333,108.7462,0.5,2.5,2.6323,2.42,132.57077,-15.674087
2022/9/9,21370.64087,12112.31,4067.36,22.79,1713.4,108.9655,0.5,2.5,2.6263,2.42,132.600015,-15.8379894
2022/9/8,19318.4204,11862.13,4006.18,23.61,1709.35,109.6528,0.5,2.5,2.6266,2.41,132.62926,-16.0018918
2022/9/7,19275.30356,11791.9,3979.87,24.64,1702.65,109.5831,0.5,2.5,2.6107,2.45,132.658505,-16.1657942
2022/9/6,18812.06104,11544.91,3908.19,26.91,1702.6,110.2383,0.5,2.5,2.6135,2.48,132.68775,-16.3296966
2022/9/5,19808.09596,11566.3975,3912.2075,25.99,1710.95,109.819,0.5,2.5,2.6198,2.4775,132.716995,-16.493599
2022/9/4,19975.3081,11587.885,3916.225,25.81666667,1711.466667,109.7500333,0.5,2.5,2.617466667,2.475,132.74624,-16.6575014
2022/9/3,19834.79562,11609.3725,3920.2425,25.64333333,1711.983333,109.6810667,0.5,2.5,2.615133333,2.4725,132.775485,-16.8214038
2022/9/2,19927.5466,11630.86,3924.26,25.47,1712.5,109.6121,0.5,2.5,2.6128,2.47,132.80473,-16.9853062
2022/9/1,20145.5884,11785.13,3966.85,25.56,1694.3,109.6649,0.5,2.5,2.6326,2.45,132.833975,-17.1492086
2022/8/31,20046.9471,11816.2,3955,25.87,1715.9,108.6796,0.5,2.5,2.6549,2.48,132.86322,-17.313111
2022/8/30,19768.0653,11883.14,3986.16,26.21,1730.3,108.8249,0.5,2.5,2.6468,2.55,132.3572053,-16.07118765
2022/8/29,20280.87118,12017.67,4030.61,26.21,1735.5375,108.7816,0.5,2.5,2.6736,2.58,131.8511906,-14.82926429
2022/8/28,19606.7351,12059.01667,4039.626667,25.99333333,1740.775,108.8065333,0.5,2.5,2.673266667,2.576666667,131.345176,-13.58734094
2022/8/27,20050.5705,12100.36333,4048.643333,25.77666667,1746.0125,108.8314667,0.5,2.5,2.672933333,2.573333333,130.8391613,-12.34541758
2022/8/26,20215.51485,12141.71,4057.66,25.56,1751.25,108.8564,0.5,2.5,2.6726,2.57,130.3331466,-11.10349423
2022/8/25,21591.28483,12639.27,4199.12,21.78,1753.55,108.4253,0.5,2.5,2.6581,2.6,129.8271319,-9.861570871
2022/8/24,21378.10481,12431.53,4140.77,22.82,1745.65,108.6456,0.5,2.5,2.6488,2.62,129.3211173,-8.619647516
2022/8/23,21516.13082,12381.3,4128.73,24.11,1746.55,108.5394,0.5,2.5,2.6463,2.58,128.8151026,-7.377724161
2022/8/22,21418.635,12381.57,4137.99,23.8,1733.25,108.9728,0.5,2.5,2.6344,2.57,128.3090879,-6.135800806
2022/8/21,21515.70635,12489.45,4168.153333,22.73333333,1739.083333,108.6852667,0.5,2.5,2.633766667,2.563333333,127.8030732,-4.893877452
2022/8/20,21163.4085,12597.33,4198.316667,21.66666667,1744.916667,108.3977333,0.5,2.5,2.633133333,2.556666667,127.2970585,-3.651954097
2022/8/19,20840.72427,12705.21,4228.48,20.6,1750.75,108.1102,0.5,2.5,2.6325,2.55,126.7910439,-2.410030742
2022/8/18,23206.1852,12965.34,4283.74,19.56,1765.55,107.517,0.5,2.5,2.6374,2.52,126.2850292,-1.168107387
2022/8/17,23311.75915,12938.12,4274.04,19.9,1767.2,106.6483,0.5,2.5,2.6557,2.46,125.7790145,0.073815968
2022/8/16,23889.74606,13102.55,4305.2,19.69,1774.85,106.4602,0.5,2.5,2.6439,2.44,125.2729998,1.315739323
2022/8/15,24146.6057,13128.05,4297.14,19.95,1776.6,106.5155,0.5,2.5,2.6862,2.44,124.7669852,2.557662677
2022/8/14,24323.00217,13101.09667,4291.476667,19.81,1781.766667,106.2366,0.5,2.5,2.704733333,2.45,124.2609705,3.799586032
2022/8/13,24427.97318,13074.14333,4285.813333,19.67,1786.933333,105.9577,0.5,2.5,2.723266667,2.46,123.7549558,5.041509387
2022/8/12,24395.938,13047.19,4280.15,19.53,1792.1,105.6788,0.5,2.5,2.7418,2.47,123.2489411,6.283432742
2022/8/11,23928.9778,12779.91,4207.27,20.2,1796.7,105.1061,0.5,2.5,2.7467,2.47,122.7429265,7.525356097
2022/8/10,23940.2045,12854.8,4210.24,19.74,1795.05,105.223,0.5,2.5,2.7412,2.43,122.2369118,8.767279452
2022/8/9,23158.6991,12493.93,4122.47,21.77,1795.25,106.3112,0.5,2.5,2.7515,2.47,121.7308971,10.00920281
2022/8/8,23792.955,12644.46,4140.06,21.29,1784.05,106.3827,0.5,2.5,2.7452,2.48,121.2248824,11.25112616
2022/8/7,23170.70242,12648.82333,4141.77,21.24333333,1780.45,106.4456,0.5,2.5,2.741533333,2.473333333,120.7188677,12.49304952
2022/8/6,22938.3603,12653.18667,4143.48,21.19666667,1776.85,106.5085,0.5,2.5,2.737866667,2.466666667,120.2128531,13.73497287
2022/8/5,23225.78975,12657.55,4145.19,21.15,1773.25,106.5714,0.5,2.5,2.7342,2.46,119.7068384,14.97689623
2022/8/4,22635.52,12720.58,4151.94,21.44,1783.2,105.7453,0.5,2.5,2.7203,2.46,119.2008237,16.21881958
2022/8/3,22812.3048,12668.16,4155.17,21.95,1761.25,106.4004,0.5,2.5,2.7442,2.5,118.694809,17.46074294
2022/8/2,22963.82554,12348.76,4091.19,23.93,1779.75,106.3267,0.5,2.5,2.7303,2.48,118.1887944,18.70266629
2022/8/1,23311.59284,12368.98,4118.63,22.84,1772.4,105.3887,0.5,2.5,2.7425,2.51,117.6827797,19.94458965
2022/7/31,23314.4296,12376.21667,4122.516667,22.33666667,1766.066667,105.5378333,0.5,2.5,2.750466667,2.516666667,117.176765,21.186513
2022/7/30,23642.24323,12383.45333,4126.403333,21.83333333,1759.733333,105.6869667,0.5,2.5,2.758433333,2.523333333,117.6132345,21.63112365
2022/7/29,23746.2734,12390.69,4130.29,21.33,1753.4,105.8361,0.5,2.5,2.7664,2.53,118.0497041,22.07573429
2022/7/28,23847.01344,12162.59,4072.43,22.33,1753.5,106.1656,0.5,2.5,2.7873,2.48,118.4861736,22.52034494
2022/7/27,22943.12042,12032.42,4023.61,23.24,1714.05,106.4861,0.5,1.75,2.7787,2.42,118.9226432,22.96495558
2022/7/26,21206.71524,11562.57,3921.05,24.69,1720.05,107.2352,0,1.75,2.7888,2.36,119.3591127,23.40956623
2022/7/25,21340.4673,11782.67,3966.84,23.36,1718.9,106.5518,0,1.75,2.7851,2.36,119.7955823,23.85417687
2022/7/24,22600.78471,11799.81667,3965.103333,23.25,1724.916667,106.5518,0,1.75,2.784333333,2.353333333,120.2320518,24.29878752
2022/7/23,22471.3157,11816.96333,3963.366667,23.14,1730.933333,106.5518,0,1.75,2.783566667,2.346666667,120.6685214,24.74339816
2022/7/22,22701.085,11834.11,3961.63,23.03,1736.95,106.5518,0,1.75,2.7828,2.34,121.1049909,25.18800881
2022/7/21,23180.0875,12059.61,3998.95,23.11,1705.1,106.5673,0,1.75,2.7723,2.33,121.5414605,25.63261945
2022/7/20,23244.5742,11897.65,3959.9,23.88,1709.3,107.0345,0,1.75,2.7944,2.38,121.97793,26.0772301
2022/7/19,23407.3451,11713.15,3936.69,24.5,1713.05,106.7089,0,1.75,2.7966,2.39,122.4143996,26.52184074
2022/7/18,22440.03658,11360.05,3830.85,25.3,1719.05,107.46,0,1.75,2.7963,2.37,122.8508691,26.96645139
2022/7/17,20769.40226,11390.84,3841.62,24.94333333,1714.75,107.6339,0,1.75,2.7986,2.366666667,123.2873387,27.41106203
2022/7/16,21192.11367,11421.63,3852.39,24.58666667,1710.45,107.8078,0,1.75,2.8009,2.363333333,123.7238082,27.85567268
2022/7/15,20831.31137,11452.42,3863.16,24.23,1706.15,107.9817,0,1.75,2.8032,2.36,124.1602778,28.30028332
2022/7/14,20587.5358,11251.19,3790.38,26.4,1700.7,108.6379,0,1.75,2.8065,2.34,124.5967473,28.74489397
2022/7/13,20187.1528,11247.58,3801.78,26.82,1724.6,108.0452,0,1.75,2.8135,2.31,125.0332169,29.18950461
2022/7/12,19313.26076,11264.73,3818.8,27.29,1730.7,108.1571,0,1.75,2.8215,2.32,125.4696864,29.63411526
2022/7/11,19992.29457,11372.6,3854.43,26.17,1740,108.2193,0,1.75,2.8385,2.32,125.906156,30.0787259
2022/7/10,20857.65584,11460.17,3869.413333,25.66,1739.4,107.7779,0,1.75,2.8404,2.336666667,126.3426255,30.52333655
2022/7/9,21592.74175,11547.74,3884.396667,25.15,1738.8,107.3365,0,1.75,2.8423,2.353333333,126.7790951,30.96794719
2022/7/8,21801.08221,11635.31,3899.38,24.64,1738.2,106.8951,0,1.75,2.8442,2.37,127.2155646,31.41255784
2022/7/7,21647.16593,11621.35,3902.62,26.08,1747.95,107.0716,0,1.75,2.8428,2.33,127.6520342,31.85716848
2022/7/6,20557.53555,11361.85,3845.08,26.73,1754.3,107.0829,0,1.75,2.8325,2.29,128.0885037,32.30177913
2022/7/5,20185.96233,11322.24,3831.39,27.54,1772,106.521,0,1.75,2.8526,2.3,128.5249733,32.74638977
2022/7/4,20255.6454,11273.6425,3829.875,27.53,1808.4,105.1764,0,1.75,2.8553,2.31,128.9614428,33.19100042
2022/7/3,19310.0755,11225.045,3828.36,27.25333333,1804.75,105.1562667,0,1.75,2.843866667,2.32,129.3979124,33.63561106
2022/7/2,19246.50949,11176.4475,3826.845,26.97666667,1801.1,105.1361333,0,1.75,2.832433333,2.33,129.8343819,34.08022171
2022/7/1,19336.10444,11127.85,3825.33,26.7,1797.45,105.116,0,1.75,2.821,2.34,130.2708515,34.52483235
2022/6/30,19816.74636,11028.74,3785.38,28.71,1817,104.7057,0,1.75,2.8264,2.33,130.707321,34.969443
2022/6/29,20101.12,11177.89,3818.83,28.16,1817.75,105.1129,0,1.75,2.8398,2.36,131.0923598,35.7019436
2022/6/28,20293.4508,11181.54,3821.55,28.36,1819.05,104.5001,0,1.75,2.8367,2.48,131.4773985,36.4344442
2022/6/27,20732.9834,11524.55,3900.11,26.95,1826.3,103.9569,0,1.75,2.834,2.55,131.8624373,37.1669448
2022/6/26,21029.2163,11552.24,3903.986667,27.04333333,1826.016667,104.0147,0,1.75,2.819733333,2.553333333,132.2474761,37.8994454
2022/6/25,21499.97104,11579.93,3907.863333,27.13666667,1825.733333,104.0725,0,1.75,2.805466667,2.556666667,132.6325148,38.631946
2022/6/24,21279.53233,11607.62,3911.74,27.23,1825.45,104.1303,0,1.75,2.7912,2.56,133.0175536,39.3644466
2022/6/23,21075.1688,11232.19,3795.73,29.05,1841.9,104.4105,0,1.75,2.7788,2.5,133.4025924,40.0969472
2022/6/22,19976.05359,11053.08,3759.89,28.95,1841.85,104.2163,0,1.75,2.7834,2.54,133.7876311,40.8294478
2022/6/21,20739.94339,11069.3,3764.79,30.19,1840.25,104.4244,0,1.75,2.7884,2.61,134.1726699,41.5619484
2022/6/20,20672.8011,11001.5625,3742.3025,31.03,1836.5,104.5045,0,1.75,2.786,2.6025,134.5577087,42.294449
2022/6/19,20554.9027,10933.825,3719.815,31.06333333,1838.183333,104.5590667,0,1.75,2.7807,2.595,134.9427474,43.0269496
2022/6/18,19007.5031,10866.0875,3697.3275,31.09666667,1839.866667,104.6136333,0,1.75,2.7754,2.5875,135.3277862,43.7594502
2022/6/17,20468.2145,10798.35,3674.84,31.13,1841.55,104.6682,0,1.75,2.7701,2.58,135.712825,44.4919508
2022/6/16,20383.6889,10646.1,3666.77,32.95,1826.5,103.8326,0,1.75,2.7809,2.62,136.0978637,45.2244514
2022/6/15,22490.59073,11099.16,3789.99,29.62,1823.75,104.8694,0,1,2.7826,2.7,136.4829025,45.956952
2022/6/14,22209.515,10828.35,3735.48,32.69,1818.3,105.4807,0,1,2.7835,2.6,136.8679413,46.6894526
2022/6/13,22509.0994,10809.23,3749.63,34.02,1830.85,105.2277,0,1,2.7669,2.74,137.25298,47.4219532
2022/6/12,26704.72936,10986.16,3800.04,31.93,1830.566667,104.8826667,0,1,2.7643,2.746666667,137.6380188,48.1544538
2022/6/11,28399.9749,11163.09,3850.45,29.84,1830.283333,104.5376333,0,1,2.7617,2.753333333,138.0230576,48.8869544
2022/6/10,29082.53195,11340.02,3900.86,27.75,1830,104.1926,0,1,2.7591,2.76,138.4080963,49.619455
2022/6/9,30111.70675,11754.23,4017.82,26.09,1844.85,103.3279,0,1,2.7689,2.75,138.7931351,50.3519556
2022/6/8,30204.54858,12086.27,4115.77,23.96,1852.95,102.5613,0,1,2.7608,2.75,139.1781739,51.0844562
2022/6/7,31193.0692,12175.23,4160.68,24.02,1849.6,102.3352,0,1,2.7748,2.73,139.5632126,51.8169568
2022/6/6,31367.4226,12061.37,4121.43,25.07,1847.2,102.3982,0,1,2.766,2.76,139.9482514,52.5494574
2022/6/5,29909.21037,12045.15667,4117.133333,24.97666667,1846.74,102.3222667,0,1,2.763525,2.753333333,140.3332902,53.281958
2022/6/4,29840.07522,12028.94333,4112.836667,24.88333333,1846.28,102.2463333,0,1,2.76105,2.746666667,140.7183289,54.0144586
2022/6/3,29717.55805,12012.73,4108.54,24.79,1845.82,102.1704,0,1,2.758575,2.74,141.1033677,54.7469592
2022/6/2,30441.46505,12316.9,4176.82,24.72,1845.36,101.7797,0,1,2.7561,2.66,141.4884065,55.4794598
2022/6/1,29789.42113,11994.46,4101.23,25.69,1844.9,102.5679,0,1,2.7461,2.65,141.8734452,56.2119604
2022/5/31,31852.83438,12081.39,4132.15,26.19,1838.7,101.7679,0,1,2.7986,2.64,142.258484,56.944461
2022/5/30,31720.0295,12093.825,4138.6725,26.54,1854.95,101.6454,0,1,2.77,2.6375,143.835407,56.05986458
2022/5/29,29445.7241,12106.26,4145.195,26.26666667,1853.9,101.6445667,0,1,2.765433333,2.635,145.41233,55.17526816
2022/5/28,29047.06027,12118.695,4151.7175,25.99333333,1852.85,101.6437333,0,1,2.760866667,2.6325,146.989253,54.29067174
2022/5/27,28606.47447,12131.13,4158.24,25.72,1851.8,101.6429,0,1,2.7563,2.63,148.566176,53.40607532
2022/5/26,29353.61926,11740.65,4057.84,27.5,1848.25,101.7557,0,1,2.7606,2.62,150.143099,52.5214789
2022/5/25,29557.53374,11434.74,3978.73,28.37,1847.2,102.1262,0,1,2.7951,2.56,151.720022,51.63688248
2022/5/24,29674.1123,11264.45,3941.48,29.45,1867.1,101.7692,0,1,2.8065,2.55,153.296945,50.75228606
2022/5/23,29114.08113,11535.28,3973.75,28.48,1856.2,102.0767,0,1,2.8147,2.6,154.873868,49.86768965
2022/5/22,30366.04222,11475.06,3949.62,28.79666667,1848.866667,102.3956,0,1,2.8179,2.583333333,156.450791,48.98309323
2022/5/21,29449.98556,11414.84,3925.49,29.11333333,1841.533333,102.7145,0,1,2.8211,2.566666667,158.027714,48.09849681
2022/5/20,29234.03291,11354.62,3901.36,29.43,1834.2,103.0334,0,1,2.8243,2.55,159.604637,47.21390039
2022/5/19,30376.33148,11388.5,3900.79,29.35,1844,102.8934,0,1,2.8149,2.59,161.18156,46.32930397
2022/5/18,28760.1539,11418.15,3923.68,30.96,1810.65,103.9245,0,1,2.8226,2.72,162.758483,45.44470755
2022/5/17,30452.62433,11984.52,4088.85,26.1,1825,103.2971,0,1,2.8291,2.71,164.335406,44.56011113
2022/5/16,29880.54816,11662.79,4008.01,27.47,1809.5,104.223,0,1,2.8359,2.68,165.912329,43.67551471
2022/5/15,31333.76562,11710.19333,4013.303333,27.93666667,1810.183333,104.2989667,0,1,2.8301,2.683333333,167.489252,42.79091829
2022/5/14,30123.7756,11757.59667,4018.596667,28.40333333,1810.866667,104.3749333,0,1,2.8243,2.686666667,169.066175,41.90632187
2022/5/13,29250.004,11805,4023.89,28.87,1811.55,104.4509,0,1,2.8185,2.69,170.643098,41.02172545
2022/5/12,29130.0386,11370.96,3930.08,31.77,1837.05,104.7536,0,1,2.8293,2.59,172.220021,40.13712903
2022/5/11,28984.5358,11364.24,3935.18,32.56,1851.95,104.02,0,1,2.8261,2.7,173.796944,39.25253261
2022/5/10,31024.7033,11737.67,4001.05,32.99,1857.35,103.9278,0,1,2.8191,2.65,175.373867,38.36793619
2022/5/9,30363.86562,11623.25,3991.24,34.75,1860.9,103.7264,0,1,2.8359,2.75,176.95079,37.48333977
2022/5/8,33933.54281,11797.05333,4035.273333,33.23,1868.05,103.7048333,0,1,2.8386,2.786666667,178.527713,36.59874335
2022/5/7,35552.564,11970.85667,4079.306667,31.71,1875.2,103.6832667,0,1,2.8413,2.823333333,180.104636,35.71414694
2022/5/6,36033.0634,12144.66,4123.34,30.19,1882.35,103.6617,0,1,2.8412,2.86,181.681559,34.82955052
2022/5/5,36568.7596,12317.69,4146.87,31.2,1892.3,103.5715,0,1,2.8434,2.87,183.258482,33.9449541
2022/5/4,39699.03396,12964.86,4300.17,25.42,1863.65,102.5122,0,0.5,2.843633333,2.86,184.835405,33.06035768
2022/5/3,37732.29975,12563.76,4175.48,29.25,1869.7,103.4861,0,0.5,2.843866667,2.83,186.412328,32.17576126
2022/5/2,38503.90959,12536.02,4155.38,32.34,1880.1,103.6027,0,0.5,2.8441,2.81,187.989251,31.29116484
2022/5/1,38467.094,12468.89333,4147.563333,32.69333333,1890.5,103.4742333,0,0.5,2.844333333,2.833333333,189.566174,30.40656842
2022/4/30,37660.45292,12401.76667,4139.746667,33.04666667,1900.9,103.3457667,0,0.5,2.844566667,2.856666667,191.143097,29.521972
2022/4/29,38592.00442,12334.64,4131.93,33.4,1911.3,103.2173,0,0.5,2.8448,2.88,195.4034913,29.87689357
2022/4/28,39749.9386,12871.53,4287.5,29.99,1888.5,103.6704,0,0.5,2.8594,2.97,199.6638856,30.23181513
2022/4/27,39248.43928,12488.93,4183.96,31.6,1885.8,102.9669,0,0.5,2.8424,2.88,203.9242799,30.5867367
2022/4/26,38026.74626,12490.74,4175.2,33.52,1904.6,101.7393,0,0.5,2.8339,2.85,208.1846742,30.94165827
2022/4/25,40475.27521,13004.85,4296.12,27.02,1895,101.7435,0,0.5,2.8363,2.91,212.4450685,31.29657983
2022/4/24,39479.99697,12949.66333,4288.006667,27.41666667,1910.516667,101.5367667,0,0.5,2.8476,2.933333333,216.7054628,31.6515014
2022/4/23,39419.5301,12894.47667,4279.893333,27.81333333,1926.033333,101.3300333,0,0.5,2.8441,2.956666667,220.9658571,32.00642297
2022/4/22,39757.5541,12839.29,4271.78,28.21,1941.55,101.1233,0,0.5,2.8406,2.98,225.2262514,32.36134453
2022/4/21,40528.7777,13174.65,4393.66,22.68,1943.7,100.6273,0,0.5,2.839,3.02,229.4866457,32.7162661
2022/4/20,41363.50366,13453.07,4459.45,20.32,1949.55,100.3037,0,0.5,2.8411,2.92,233.74704,33.07118767
2022/4/19,41504.4185,13619.66,4462.21,21.37,1964,100.9863,0,0.5,2.8183,2.93,238.0074343,33.42610923
2022/4/18,40826.6711,13332.36,4391.69,22.17,1963.85,100.7877,0,0.5,2.8032,2.92,242.2678286,33.7810308
2022/4/17,39678.0001,13337.04,4391.915,22.3025,1963.7,100.6985,0,0.5,2.790966667,2.9125,246.5282229,34.13595237
2022/4/16,40386.5108,13341.72,4392.14,22.435,1963.55,100.6093,0,0.5,2.778733333,2.905,250.7886172,34.49087393
2022/4/15,40558.127,13346.4,4392.365,22.5675,1963.4,100.5201,0,0.5,2.7665,2.8975,255.0490115,34.8457955
2022/4/14,39909.71687,13351.08,4392.59,22.7,1963.25,100.3048,0,0.5,2.7572,2.89,259.3094058,35.20071707
2022/4/13,41160.0481,13643.59,4446.59,21.82,1976.75,99.8387,0,0.5,2.7703,2.8,263.5698001,35.55563863
2022/4/12,40169.21512,13371.57,4397.45,24.26,1960.85,100.3367,0,0.5,2.7772,2.86,267.8301944,35.9105602
2022/4/11,39456.93304,13411.96,4412.53,24.37,1951.55,99.9775,0,0.5,2.7665,2.91,272.0905887,36.26548177
2022/4/10,42242.7841,13511.64,4437.78,23.3,1948.166667,99.93266667,0,0.5,2.7613,2.896666667,276.350983,36.62040333
2022/4/9,42788.71116,13611.32,4463.03,22.23,1944.783333,99.88783333,0,0.5,2.7561,2.883333333,280.6113773,36.9753249
2022/4/8,42283.4292,13711,4488.28,21.16,1941.4,99.843,0,0.5,2.7509,2.87,284.8717716,37.33024647
2022/4/7,43480.17472,13897.3,4500.21,21.55,1932.4,99.7712,0,0.5,2.757,2.82,289.1321659,37.68516803
2022/4/6,43138.51947,13888.82,4481.15,22.1,1930.15,99.6457,0,0.5,2.7717,2.83,293.3925602,38.0400896
2022/4/5,45573.53741,14204.17,4525.12,21.03,1944.05,99.4903,0,0.5,2.77335,2.84,297.6529545,38.39501117
2022/4/4,46605.60297,14532.55,4582.64,18.57,1930.3,99.0122,0,0.5,2.775,2.8,301.9133488,38.74993273
2022/4/3,46430.69671,14442.2,4570.38,18.92333333,1930,98.8651,0,0.5,2.77665,2.8,306.1737431,39.1048543
2022/4/2,45845.95756,14351.85,4558.12,19.27666667,1929.7,98.718,0,0.5,2.7783,2.8,310.4341374,39.45977587
2022/4/1,46231.00476,14261.5,4545.86,19.63,1929.4,98.5709,0,0.5,2.7799,2.8,314.6945317,39.81469743
2022/3/31,45540.82639,14220.52,4530.41,20.56,1942.15,98.3618,0,0.5,2.7844,2.84,318.954926,40.169619
2022/3/30,47100.45937,14442.27,4602.45,19.33,1933.85,97.8297,0,0.5,2.7841,2.86,315.6389288,39.24662484
2022/3/29,47498.66565,14619.64,4631.6,18.9,1910,98.4257,0,0.5,2.7981,2.86,312.3229315,38.32363068
2022/3/28,46888.22115,14354.9,4575.52,19.63,1937.05,99.152,0,0.5,2.7935,2.95,309.0069343,37.40063652
2022/3/27,46842.71955,14293.03333,4564.7,20.02333333,1942.633333,99.0381,0,0.5,2.796933333,2.95,305.6909371,36.47764235
2022/3/26,44533.21742,14231.16667,4553.88,20.41666667,1948.216667,98.9242,0,0.5,2.800366667,2.95,302.3749399,35.55464819
2022/3/25,44365.18255,14169.3,4543.06,20.81,1953.8,98.8103,0,0.5,2.8038,2.95,299.0589426,34.63165403
2022/3/24,43948.89113,14191.84,4520.16,21.67,1965.2,98.7894,0,0.5,2.8247,2.92,295.7429454,33.70865987
2022/3/23,42925.97798,13922.6,4456.24,23.57,1931.75,98.647,0,0.5,2.8349,2.94,292.4269482,32.78566571
2022/3/22,42376.74422,14108.82,4511.61,22.94,1915.25,98.4386,0,0.5,2.834,2.91,289.110951,31.86267155
2022/3/21,41051.83346,13838.46,4461.18,23.53,1935.05,98.4923,0,0.5,2.8095,2.9,285.7949537,30.93967739
2022/3/20,41252.05199,13856.92,4461.826667,23.64333333,1935.3,98.40426667,0,0.5,2.8028,2.886666667,282.4789565,30.01668323
2022/3/19,42166.22954,13875.38,4462.473333,23.75666667,1935.55,98.31623333,0,0.5,2.7961,2.873333333,279.1629593,29.09368906
2022/3/18,41767.09817,13893.84,4463.12,23.87,1935.8,98.2282,0,0.5,2.7894,2.86,275.8469621,28.1706949
2022/3/17,40958.22516,13614.78,4411.67,25.67,1949.65,98.0175,0,0.5,2.8063,2.91,272.5309648,27.24770074
2022/3/16,41147.27989,13436.55,4357.86,26.67,1913.2,98.3755,0,0.25,2.8298,2.8,269.2149676,26.32470658
2022/3/15,39302.01679,12948.62,4262.45,29.83,1913.65,98.9916,0,0.25,2.8023,2.84,265.8989704,25.40171242
2022/3/14,39599.02437,12581.22,4173.11,31.77,1954.05,99.1193,0,0.25,2.7587,2.93,262.5829732,24.47871826
2022/3/13,37824.35153,12668.75,4183.51,31.43,1962.266667,99.12163333,0,0.25,2.790033333,2.933333333,259.2669759,23.5557241
2022/3/12,38875.98605,12756.28,4193.91,31.09,1970.483333,99.12396667,0,0.25,2.821366667,2.936666667,255.9509787,22.63272994
2022/3/11,38770.04591,12843.81,4204.31,30.75,1978.7,99.1263,0,0.25,2.8527,2.94,252.6349815,21.70973577
2022/3/10,39461.35102,13129.96,4259.52,30.23,1996.6,98.516,0,0.25,2.8446,2.86,249.3189843,20.78674161
2022/3/9,41955.06532,13255.55,4277.88,32.45,1988.9,97.9601,0,0.25,2.845,2.84,246.002987,19.86374745
2022/3/8,38724.82009,12795.55,4170.7,35.13,2039.05,99.1289,0,0.25,2.8102,2.9,242.6869898,18.94075329
2022/3/7,37991.87947,12830.96,4201.09,36.45,1980.95,99.2599,0,0.25,2.8346,2.77,239.3709926,18.01775913
2022/3/6,38385.18525,12991.78667,4243.683333,34.96,1969.066667,99.01036667,0,0.25,2.829566667,2.736666667,236.0549954,17.09476497
2022/3/5,39409.21247,13152.61333,4286.276667,33.47,1957.183333,98.76083333,0,0.25,2.824533333,2.703333333,232.7389981,16.17177081
2022/3/4,39120.0424,13313.44,4328.87,31.98,1945.3,98.5113,0,0.25,2.8195,2.67,229.4230009,15.24877665
2022/3/3,42450.88343,13537.94,4363.49,30.48,1929.6,97.7267,0,0.25,2.8306,2.69,226.1070037,14.32578248
2022/3/2,43938.47684,13752.02,4386.54,30.74,1928.5,97.3539,0,0.25,2.8168,2.71,222.7910065,13.40278832
2022/3/1,44359.8712,13532.46,4306.26,33.32,1922,97.4044,0,0.25,2.798,2.62,219.4750092,12.47979416
2022/2/28,43181.1437,13751.4,4373.94,30.15,1909.85,96.7063,0,0.25,2.7938,2.62,216.159012,11.5568
2022/2/27,37714.48389,13732.47333,4377.51,29.29666667,1901.5,96.65196667,0,0.25,2.798933333,2.593333333,213.3917254,11.42879171
2022/2/26,39033.5353,13713.54667,4381.08,28.44333333,1893.15,96.59763333,0,0.25,2.804066667,2.566666667,210.6244389,11.30078343
2022/2/25,39219.47676,13694.62,4384.65,27.59,1884.8,96.5433,0,0.25,2.8092,2.54,207.8571523,11.17277514
2022/2/24,38296.16593,13473.58,4288.7,30.32,1936.3,97.0908,0,0.25,2.8065,2.55,205.0898657,11.04476686
2022/2/23,37287.48634,13037.49,4225.5,31.02,1904.7,96.2042,0,0.25,2.8313,2.53,202.3225791,10.91675857
2022/2/22,38302.8439,13381.52,4304.76,28.81,1900.1,96.0844,0,0.25,2.8465,2.45,199.5552926,10.78875029
2022/2/21,37003.15356,13423.1575,4315.7875,28.545,1894.45,96.1321,0,0.25,2.8169,2.44,196.788006,10.660742
2022/2/20,38464.8528,13464.795,4326.815,28.28,1894.166667,96.1222,0,0.25,2.807833333,2.43,194.0207194,10.53273371
2022/2/19,40112.55953,13506.4325,4337.8425,28.015,1893.883333,96.1123,0,0.25,2.798766667,2.42,191.2534329,10.40472543
2022/2/18,39976.23595,13548.07,4348.87,27.75,1893.6,96.1024,0,0.25,2.7897,2.41,188.4861463,10.27671714
2022/2/17,40491.0412,13716.72,4380.26,28.11,1893.45,95.8216,0,0.25,2.7922,2.43,185.7188597,10.14870886
2022/2/16,43997.7116,14124.09,4475.01,24.29,1862.6,95.8266,0,0.25,2.8019,2.46,182.9515731,10.02070057
2022/2/15,44602.5315,14139.76,4471.07,25.7,1848.55,95.9863,0,0.25,2.802,2.48,180.1842866,9.892692286
2022/2/14,42594.9419,13790.92,4401.67,28.33,1866.15,96.2789,0,0.25,2.7974,2.48,177.417,9.764684
2022/2/13,42235.5136,13790.99667,4407.326667,28.00666667,1854.483333,96.19623333,0,0.25,2.796633333,2.463333333,174.6497134,9.636675714
2022/2/12,42126.3511,13791.07333,4412.983333,27.68333333,1842.816667,96.11356667,0,0.25,2.795866667,2.446666667,171.8824269,9.508667429
2022/2/11,42377.6527,13791.15,4418.64,27.36,1831.15,96.0309,0,0.25,2.7951,2.43,169.1151403,9.380659143
2022/2/10,43524.37792,14185.64,4504.08,23.91,1835.35,95.6799,0,0.25,2.7365,2.45,166.3478537,9.252650857
2022/2/9,44283.9142,14490.37,4587.18,19.96,1827.8,95.5588,0,0.25,2.7386,2.42,163.5805671,9.124642571
2022/2/8,44082.39258,14194.46,4521.54,21.44,1822.6,95.6095,0,0.25,2.7222,2.42,160.8132806,8.996634286
2022/2/7,43905.99798,14015.67,4483.87,22.86,1813.55,95.412,0,0.25,2.7353,2.4,158.045994,8.868626
2022/2/6,42388.07234,14043.11667,4489.423333,22.98,1810.6,95.43076667,0,0.25,2.732225,2.403333333,155.2787074,8.740617714
2022/2/5,41360.0538,14070.56333,4494.976667,23.1,1807.65,95.44953333,0,0.25,2.72915,2.406666667,152.5114209,8.612609429
2022/2/4,41653.56036,14098.01,4500.53,23.22,1804.7,95.4683,0,0.25,2.726075,2.41,149.7441343,8.484601143
2022/2/3,37027.78,13878.82,4477.44,24.35,1792.7,95.341,0,0.25,2.723,2.38,146.9768477,8.356592857
2022/2/2,36835.9015,14417.55,4589.38,22.09,1803.65,95.9872,0,0.25,2.719925,2.41,144.2095611,8.228584571
2022/2/1,38761.9683,14346,4546.54,21.96,1799.85,96.253,0,0.25,2.71685,2.43,141.4422746,8.100576286
2022/1/31,38472.00624,14239.88,4515.55,24.83,1795.25,96.6369,0,0.25,2.713775,2.44,138.674988,7.972568
2022/1/30,37937.339,14083.44333,4487.65,25.77333333,1792.883333,96.8291,0,0.25,2.7107,2.44,137.5998407,9.519635548
2022/1/29,38131.8236,13927.00667,4459.75,26.71666667,1790.516667,97.0213,0,0.25,2.7232,2.44,136.5246934,11.0667031
2022/1/28,37784.7229,13770.57,4431.85,27.66,1788.15,97.2135,0,0.25,2.7295,2.44,135.449546,12.61377065
2022/1/27,37201.84235,13352.78,4326.51,30.49,1806.75,97.2288,0,0.25,2.734,2.4,134.3743987,14.16083819
2022/1/26,36775.5295,13542.12,4349.93,31.96,1835.95,96.4886,0,0.25,2.7188,2.38,133.2992514,15.70790574
2022/1/25,36948.63103,13539.29,4356.45,31.16,1847.3,95.9975,0,0.25,2.6938,2.41,132.2241041,17.25497329
2022/1/24,36705.9179,13855.13,4410.13,29.9,1831.6,95.8958,0,0.25,2.6998,2.38,131.1489567,18.80204084
2022/1/23,36231.1426,13826.39333,4406.066667,29.55,1833.6,95.80776667,0,0.25,2.709333333,2.366666667,130.0738094,20.34910839
2022/1/22,35015.93463,13797.65667,4402.003333,29.2,1835.6,95.71973333,0,0.25,2.718866667,2.353333333,128.9986621,21.89617594
2022/1/21,36400.668,13768.92,4397.94,28.85,1837.6,95.6317,0,0.25,2.7284,2.34,127.9235148,23.44324348
2022/1/20,40673.94412,14154.02,4482.73,25.59,1845.35,95.7948,0,0.25,2.737,2.33,126.8483675,24.99031103
2022/1/19,41676.49878,14340.25,4532.76,23.85,1826.95,95.6069,0,0.25,2.723,2.4,125.7732201,26.53737858
2022/1/18,42352.1359,14506.9,4577.11,22.79,1817.25,95.7298,0,0.25,2.7759,2.46,124.6980728,28.08444613
2022/1/17,42199.00911,14603.6125,4598.545,21.89,1817.85,95.259,0,0.25,2.7911,2.455,123.6229255,29.63151368
2022/1/16,43104.67713,14700.325,4619.98,20.99,1819.55,95.2262,0,0.25,2.792266667,2.45,122.5477782,31.17858123
2022/1/15,43145.30763,14797.0375,4641.415,20.09,1821.25,95.1934,0,0.25,2.793433333,2.445,121.4726308,32.72564877
2022/1/14,43068.72658,14893.75,4662.85,19.19,1822.95,95.1606,0,0.25,2.7946,2.44,120.3974835,34.27271632
2022/1/13,42580.3303,14806.81,4659.03,20.31,1820.35,94.8822,0,0.25,2.8022,2.43,119.3223362,35.81978387
2022/1/12,43900.027,15188.39,4726.35,17.62,1821.4,94.9984,0,0.25,2.8013,2.48,118.2471889,37.36685142
2022/1/11,42674.2972,15153.45,4713.07,18.41,1806.8,95.5957,0,0.25,2.8148,2.54,117.1720415,38.91391897
2022/1/10,41786.2184,14942.83,4670.29,19.4,1794.2,95.953,0,0.25,2.8153,2.48,116.0968942,40.46098652
2022/1/9,41880.90095,14940.52,4672.536667,19.18666667,1793.666667,95.8816,0,0.25,2.819066667,2.48,115.0217469,42.00805406
2022/1/8,41752.93,14938.21,4674.783333,18.97333333,1793.133333,95.8102,0,0.25,2.822833333,2.48,113.9465996,43.55512161
2022/1/7,41512.9242,14935.9,4677.03,18.76,1792.6,95.7388,0,0.25,2.8266,2.48,112.8714523,45.10218916
2022/1/6,43119.06386,15080.87,4696.05,19.61,1789.35,96.2316,0,0.25,2.822,2.46,111.7963049,46.64925671
2022/1/5,43529.7281,15100.17,4700.58,19.73,1826.25,96.1734,0,0.25,2.8042,2.53,110.7211576,48.19632426
2022/1/4,45884.45966,15622.72,4793.54,16.91,1811.4,96.2685,0,0.25,2.8019,2.57,109.6460103,49.74339181
2022/1/3,46424.346,15832.8,4796.56,16.6,1813.575,96.2181,0,0.25,2.810225,2.6,108.570863,51.29045935
2022/1/2,47313.6322,15770.19,4786.433333,16.80666667,1815.75,96.13543333,0,0.25,2.81855,2.586666667,107.4957156,52.8375269
2022/1/1,47544.4994,15707.58,4776.306667,17.01333333,1817.925,96.05276667,0,0.25,2.826875,2.573333333,106.4205683,54.38459445
2021/12/31,46304.94959,15644.97,4766.18,17.22,1820.1,95.9701,0,0.25,2.8352,2.56,105.345421,55.931662
2021/12/30,47161.0092,15741.56,4778.73,17.33,1805.85,95.9701,0,0.25,2.8557,2.58,104.7397347,55.88933123
2021/12/29,46408.30267,15766.22,4793.06,16.95,1794.25,95.9059,0,0.25,2.8538,2.53,104.1340484,55.84700045
2021/12/28,47637.8884,15781.72,4786.35,17.54,1792.61,96.1703,0,0.25,2.874,2.5,103.528362,55.80466968
2021/12/27,50650.17144,15871.26,4791.19,17.68,1790.97,96.0724,0,0.25,2.8733,2.5,102.9226757,55.7623389
2021/12/26,50799.97886,15816.7875,4774.84,17.75,1789.33,96.0925,0,0.25,2.878433333,2.4925,102.3169894,55.72000813
2021/12/25,50629.98124,15762.315,4758.49,17.82,1787.69,96.1126,0,0.25,2.883566667,2.485,101.7113031,55.67767735
2021/12/24,50771.9277,15707.8425,4742.14,17.89,1786.05,96.1327,0,0.25,2.8887,2.4775,101.1056167,55.63534658
2021/12/23,50795.70373,15653.37,4725.79,17.96,1805.2,96.0602,0,0.25,2.8867,2.47,100.4999304,55.59301581
2021/12/22,48648.50605,15521.89,4696.56,18.63,1792.8,96.4557,0,0.25,2.9073,2.47,99.8942441,55.55068503
2021/12/21,48938.9095,15341.09,4649.23,21.01,1793.75,96.4557,0,0.25,2.9162,2.44,99.28855777,55.50835426
2021/12/20,46878.42809,14980.94,4568.02,22.87,1796.3,96.516,0,0.25,2.9135,2.39,98.68287145,55.46602348
2021/12/19,46686.4963,15043.85333,4585.56,22.43666667,1800.1,96.5692,0,0.25,2.9131,2.386666667,98.07718513,55.42369271
2021/12/18,46871.01844,15106.76667,4603.1,22.00333333,1803.9,96.6224,0,0.25,2.9127,2.383333333,97.47149881,55.38136194
2021/12/17,46305.32715,15169.68,4620.64,21.57,1807.7,96.6756,0,0.25,2.9123,2.38,96.86581248,55.33903116
2021/12/16,47709.1644,15180.43,4668.67,20.57,1795.7,95.99,0,0.25,2.9127,2.42,96.26012616,55.29670039
2021/12/15,48787.2417,15565.58,4709.85,19.29,1768.65,96.3421,0,0.25,2.9009,2.39,95.65443984,55.25436961
2021/12/14,48395.29567,15237.64,4634.09,21.89,1776.9,96.5608,0,0.25,2.9005,2.37,95.04875352,55.21203884
2021/12/13,46745.6254,15413.28,4668.97,20.31,1787.8,96.3529,0,0.25,2.9087,2.4,94.44306719,55.16970806
2021/12/12,50116.99176,15485.72,4683.32,19.77,1785.116667,96.2518,0,0.25,2.9045,2.413333333,93.83738087,55.12737729
2021/12/11,49286.36663,15558.16,4697.67,19.23,1782.433333,96.1507,0,0.25,2.9003,2.426666667,93.23169455,55.08504652
2021/12/10,47092.3307,15630.6,4712.02,18.69,1779.75,96.0496,0,0.25,2.8961,2.44,92.62600823,55.04271574
2021/12/9,47834.99429,15517.37,4667.45,21.58,1776.15,96.2233,0,0.25,2.9108,2.47,92.0203219,55.00038497
2021/12/8,50471.21696,15786.99,4701.21,19.9,1783.8,95.9604,0,0.25,2.9082,2.52,91.41463558,54.95805419
2021/12/7,50559.94761,15686.92,4686.75,21.89,1781.35,96.3046,0,0.25,2.8876,2.47,90.80894926,54.91572342
2021/12/6,50453.04698,15225.15,4591.67,27.18,1778.65,96.2777,0,0.25,2.8818,2.44,90.20326294,54.87339265
2021/12/5,49217.9124,15178.59,4573.923333,28.34333333,1774.95,96.2423,0,0.25,2.893466667,2.436666667,89.59757661,54.83106187
2021/12/4,49014.11288,15132.03,4556.176667,29.50666667,1771.25,96.2069,0,0.25,2.905133333,2.433333333,88.99189029,54.7887311
2021/12/3,53708.6772,15085.47,4538.43,30.67,1767.55,96.1715,0,0.25,2.9168,2.43,88.38620397,54.74640032
2021/12/2,56405.66892,15381.32,4577.1,27.95,1765,96.1246,0,0.25,2.8991,2.47,87.78051765,54.70406955
2021/12/1,57173.0795,15254.05,4513.04,31.12,1789.25,96.0407,0,0.25,2.8907,2.44,87.17483132,54.66173877
2021/11/30,57030.12565,15537.69,4567,27.19,1804.4,95.897,0,0.25,2.8948,2.5,86.569145,54.619408
2021/11/29,57876.49424,15782.83,4655.27,22.96,1785.95,96.172,0,0.25,2.8901,2.54,86.3178147,56.47580173
2021/11/28,57158.66834,15685.77333,4635.053333,24.84666667,1790.9,96.136,0,0.25,2.889433333,2.543333333,86.0664844,58.33219547
2021/11/27,54487.45022,15588.71667,4614.836667,26.73333333,1795.85,96.1,0,0.25,2.888766667,2.546666667,85.8151541,60.1885892
2021/11/26,53663.60159,15491.66,4594.62,28.62,1800.8,96.064,0,0.25,2.8881,2.55,85.5638238,62.04498293
2021/11/25,58907.05076,15668.445,4648.04,23.6,1788.15,96.786,0,0.25,2.9122,2.58,85.3124935,63.90137667
2021/11/24,57103.4606,15845.23,4701.46,18.58,1782.05,96.843,0,0.25,2.9334,2.61,85.0611632,65.7577704
2021/11/23,57672.52894,15775.14,4690.7,19.38,1789.15,96.4934,0,0.25,2.943,2.62,84.8098329,67.61416413
2021/11/22,56369.5245,15854.76,4682.94,19.17,1816.05,96.5036,0,0.25,2.9396,2.61,84.5585026,69.47055787
2021/11/21,58681.09231,15922.32,4687.946667,18.75,1831.066667,96.35813333,0,0.25,2.935566667,2.623333333,84.3071723,71.3269516
2021/11/20,59815.37361,15989.88,4692.953333,18.33,1846.083333,96.21266667,0,0.25,2.931533333,2.636666667,84.055842,73.18334533
2021/11/19,58046.88915,16057.44,4697.96,17.91,1861.1,96.0672,0,0.25,2.9275,2.65,83.8045117,75.03973907
2021/11/18,56749.2716,15993.71,4704.54,17.59,1860.3,95.5414,0,0.25,2.9385,2.73,83.5531814,76.8961328
2021/11/17,60338.9249,15921.57,4688.67,17.11,1864.9,95.7991,0,0.25,2.9458,2.7,83.3018511,78.75252653
2021/11/16,60189.9985,15973.86,4700.9,16.37,1859.2,95.9116,0,0.25,2.9487,2.73,83.0505208,80.60892027
2021/11/15,63715.76978,15853.85,4682.8,16.49,1859.9,95.5242,0,0.25,2.9542,2.76,82.7991905,82.465314
2021/11/14,65255.04686,15856.22,4682.816667,16.42333333,1860.116667,95.38833333,0,0.25,2.9539,2.75,82.5478602,84.32170773
2021/11/13,64471.04362,15858.59,4682.833333,16.35666667,1860.333333,95.25246667,0,0.25,2.9536,2.74,82.2965299,86.17810147
2021/11/12,64315.36364,15860.96,4682.85,16.29,1860.55,95.1166,0,0.25,2.9533,2.73,82.0451996,88.0344952
2021/11/11,64800.36102,15704.28,4649.27,17.66,1857.9,95.1507,0,0.25,2.9407,2.715,81.7938693,89.89088893
2021/11/10,64871.25216,15622.71,4646.71,18.73,1859.4,94.8998,0,0.25,2.9151,2.7,81.542539,91.74728267
2021/11/9,66913.3364,15886.54,4685.25,17.78,1827.3,93.972,0,0.25,2.9315,2.63,81.2912087,93.6036764
2021/11/8,67500.02474,15982.36,4701.7,17.22,1822.35,94.0493,0,0.25,2.917,2.62,81.0398784,95.46007013
2021/11/7,63180.13308,15978.77,4700.31,16.97333333,1815.516667,94.10756667,0,0.25,2.919066667,2.593333333,80.7885481,97.31646387
2021/11/6,61416.30848,15975.18,4698.92,16.72666667,1808.683333,94.16583333,0,0.25,2.921133333,2.566666667,80.5372178,99.1728576
2021/11/5,61026.01799,15971.59,4697.53,16.48,1801.85,94.2241,0,0.25,2.9232,2.54,80.2858875,101.0292513
2021/11/4,61367.93383,15940.31,4680.06,15.44,1796.15,94.3281,0,0.25,2.9557,2.56,80.0345572,102.8856451
2021/11/3,62941.48199,15811.58,4660.57,15.1,1763.45,93.8671,0,0.25,2.9429,2.53,79.7832269,104.7420388
2021/11/2,63175.51239,15649.6,4630.65,16.03,1790.45,94.107,0,0.25,2.9608,2.51,79.5318966,106.5984325
2021/11/1,61065.03107,15595.92,4613.67,16.41,1793.8,93.8717,0,0.25,2.9771,2.5,79.2805663,108.4548263
2021/10/31,61339.97564,15563.41,4610.906667,16.36,1785.583333,93.9614,0,0.25,2.981366667,2.503333333,79.029236,110.31122
2021/10/30,61661.28735,15530.9,4608.143333,16.31,1777.366667,94.0511,0,0.25,2.985633333,2.506666667,79.08303381,109.9588605
2021/10/29,62220.29366,15498.39,4605.38,16.26,1769.15,94.1408,0,0.25,2.9899,2.51,79.13683161,109.6065011
2021/10/28,60438.74647,15448.12,4596.42,16.53,1803.5,93.3606,0,0.25,2.9954,2.57,79.19062942,109.2541416
2021/10/27,58681.0152,15235.84,4551.68,16.98,1795.25,93.8649,0,0.25,2.9931,2.65,79.24442723,108.9017822
2021/10/26,60396.4959,15235.71,4574.79,15.98,1785.55,93.9591,0,0.25,2.9969,2.69,79.29822503,108.5494227
2021/10/25,62989.5447,15226.71,4566.48,15.24,1805.25,93.8393,0,0.25,3.0031,2.66,79.35202284,108.1970633
2021/10/24,60849.6164,15181.20667,4559.286667,15.30333333,1806.25,93.7634,0,0.25,2.9996,2.653333333,79.40582065,107.8447038
2021/10/23,61238.6222,15135.70333,4552.093333,15.36666667,1807.25,93.6875,0,0.25,2.9961,2.646666667,79.45961845,107.4923444
2021/10/22,60694.00001,15090.2,4544.9,15.43,1808.25,93.6116,0,0.25,2.9926,2.64,79.51341626,107.1399849
2021/10/21,62298.09301,15215.7,4549.78,15.01,1779.3,93.7562,0,0.25,3.0085,2.64,79.56721406,106.7876255
2021/10/20,65986.30294,15121.68,4536.19,15.49,1778,93.6112,0,0.25,3.0155,2.57,79.62101187,106.435266
2021/10/19,64217.0839,15129.09,4519.63,15.7,1779.55,93.7797,0,0.25,3.048,2.54,79.67480968,106.0829066
2021/10/18,61953.2331,15021.81,4486.46,16.31,1767.85,93.9591,0,0.25,3.0376,2.54,79.72860748,105.7305471
2021/10/17,61582.25155,14980.32,4481.43,16.30666667,1769.45,93.9613,0,0.25,3.020033333,2.546666667,79.78240529,105.3781877
2021/10/16,60860.89184,14938.83,4476.4,16.30333333,1771.05,93.9635,0,0.25,3.002466667,2.553333333,79.8362031,105.0258282
2021/10/15,61526.33413,14897.34,4471.37,16.3,1772.65,93.9657,0,0.25,2.9849,2.56,79.8900009,104.6734688
2021/10/14,57351.73842,14823.43,4438.26,16.86,1798.7,93.9823,0,0.25,2.9768,2.52,79.94379871,104.3211093
2021/10/13,57357.6067,14571.63,4363.8,18.64,1785.7,94.0244,0,0.25,2.9799,2.52,79.99759652,103.9687499
2021/10/12,56035.85825,14465.92,4350.65,19.85,1767.75,94.5196,0,0.25,2.9746,2.49,80.05139432,103.6163904
2021/10/11,57399.22647,14486.2,4361.19,20,1757.65,94.3669,0,0.25,2.9575,2.4925,80.10519213,103.264031
2021/10/10,54689.5713,14517.31333,4371.24,19.59,1762.85,94.27883333,0,0.25,2.9434,2.495,80.15898994,102.9116715
2021/10/9,55102.17221,14548.42667,4381.29,19.18,1768.05,94.19076667,0,0.25,2.9293,2.4975,80.21278774,102.5593121
2021/10/8,53892.9323,14579.54,4391.34,18.77,1773.25,94.1027,0,0.25,2.9174,2.5,80.26658555,102.2069526
2021/10/7,53809.13817,14654.02,4399.76,19.54,1762.1,94.2227,0,0.25,2.9128125,2.46,80.32038335,101.8545932
2021/10/6,55385.44519,14501.91,4363.55,21,1759.7,94.2243,0,0.25,2.908225,2.43,80.37418116,101.5022337
2021/10/5,51545.04937,14433.83,4345.72,21.3,1753.2,93.9797,0,0.25,2.9036375,2.45,80.42797897,101.1498743
2021/10/4,49176.7613,14255.48,4300.46,22.96,1754.55,93.8182,0,0.25,2.89905,2.38,80.48177677,100.7975148
2021/10/3,48144.1454,14359.22,4319.32,22.35666667,1755.383333,93.9037,0,0.25,2.8944625,2.38,80.53557458,100.4451554
2021/10/2,47710.5155,14462.96,4338.18,21.75333333,1756.216667,93.9892,0,0.25,2.889875,2.38,80.58937239,100.0927959
2021/10/1,48080.37284,14566.7,4357.04,21.15,1757.05,94.0747,0,0.25,2.8852875,2.38,80.64317019,99.74043645
2021/9/30,43797.5922,14448.58,4307.54,23.14,1742.8,94.2638,0,0.25,2.8807,2.37,80.696968,99.388077
2021/9/29,41543.6399,14512.44,4359.46,22.56,1737.15,94.3703,0,0.25,2.8953,2.37,80.98995403,98.92335407
2021/9/28,40909.3105,14546.68,4352.63,23.25,1733.75,93.7215,0,0.25,2.8981,2.38,81.28294007,98.45863113
2021/9/27,42278.30996,14969.97,4443.11,18.76,1755.3,93.4227,0,0.25,2.8838,2.35,81.5759261,97.9939082
2021/9/26,43209.8655,14995.88,4447.233333,18.42333333,1752.466667,93.37213333,0,0.25,2.8872,2.346666667,81.86891213,97.52918527
2021/9/25,42718.93784,15021.79,4451.356667,18.08666667,1749.633333,93.32156667,0,0.25,2.88425,2.343333333,82.16189817,97.06446233
2021/9/24,42748.0353,15047.7,4455.48,17.75,1746.8,93.271,0,0.25,2.8813,2.34,82.4548842,96.5997394
2021/9/23,44844.228,15052.24,4448.98,18.63,1750,93.0987,0,0.25,2.8818,2.31,82.74787023,96.13501647
2021/9/22,43579.97298,14896.85,4395.64,20.87,1773.4,93.4763,0,0.25,2.8788,2.28,83.04085627,95.67029353
2021/9/21,40538.4344,14746.4,4354.19,24.36,1774.45,93.2172,0,0.25,2.8802,2.29,83.3338423,95.2055706
2021/9/20,42966.0101,14713.9,4357.73,25.71,1757.75,93.2498,0,0.25,2.8816,2.29,83.62682833,94.74084767
2021/9/19,47201.5018,14823.92333,4382.816667,24.07666667,1757.15,93.25196667,0,0.25,2.883,2.303333333,83.91981437,94.27612473
2021/9/18,48210.7774,14933.94667,4407.903333,22.44333333,1756.55,93.25413333,0,0.25,2.8844,2.316666667,84.2128004,93.8114018
2021/9/17,47197.5518,15043.97,4432.99,20.81,1755.95,93.2563,0,0.25,2.8955,2.33,84.50578643,93.34667887
2021/9/16,47816.2504,15181.92,4473.75,18.69,1747.95,92.8677,0,0.25,2.9155,2.35,84.79877247,92.88195593
2021/9/15,48092.9703,15161.53,4480.7,18.18,1796.95,92.4895,0,0.25,2.8938,2.35,85.0917585,92.417233
2021/9/14,47012.9104,15037.76,4443.05,19.46,1792.75,92.6639,0,0.25,2.9181,2.33,85.38474453,91.95251007
2021/9/13,44990.02141,15105.58,4468.73,19.37,1793.9,92.6151,0,0.25,2.8809,2.37,85.67773057,91.48778713
2021/9/12,46058.0015,15108.88333,4465.346667,19.89666667,1794.133333,92.62333333,0,0.25,2.884,2.38,85.9707166,91.0230642
2021/9/11,45096.0509,15112.18667,4461.963333,20.42333333,1794.366667,92.63156667,0,0.25,2.8871,2.39,86.26370263,90.55834127
2021/9/10,44833.0831,15115.49,4458.58,20.95,1794.6,92.6398,0,0.25,2.8902,2.4,86.55668867,90.09361833
2021/9/9,46319.9526,15248.25,4493.28,18.8,1788.25,92.5094,0,0.25,2.8829,2.38,86.8496747,89.6288954
2021/9/8,45972.9463,15286.64,4514.07,17.96,1786,92.7157,0,0.25,2.8775,2.38,87.14266073,89.16417247
2021/9/7,46881.9971,15374.33,4520.03,18.14,1802.15,92.5393,0,0.25,2.8569,2.36,87.43564677,88.69944953
2021/9/6,52639.2443,15371.6275,4523.88,17.7075,1821.6,92.2235,0,0.25,2.8426,2.355,87.7286328,88.2347266
2021/9/5,51698.7267,15368.925,4527.73,17.275,1822.3,92.19336667,0,0.25,2.842366667,2.35,88.02161883,87.77000367
2021/9/4,49974.09728,15366.2225,4531.58,16.8425,1823,92.16323333,0,0.25,2.842133333,2.345,88.31460487,87.30528073
2021/9/3,49987.63657,15363.52,4535.43,16.41,1823.7,92.1331,0,0.25,2.8419,2.34,88.6075909,86.8405578
2021/9/2,49318.558,15331.18,4536.95,16.41,1812.55,92.2167,0,0.25,2.8413,2.32,88.90057693,86.37583487
2021/9/1,48744.6322,15309.38,4524.09,16.11,1811.8,92.5027,0,0.25,2.8401,2.34,89.19356297,85.91111193
2021/8/31,47225.2696,15259.24,4522.68,16.48,1814.85,92.654,0,0.25,2.8637,2.33,89.486549,85.446389
2021/8/30,47020.6765,15265.89,4528.79,16.19,1810.7625,92.7007,0,0.25,2.8725,2.37,88.48442706,84.95247316
2021/8/29,48876.7643,15220.42667,4522.316667,16.25666667,1806.675,92.7007,0,0.25,2.875433333,2.376666667,87.48230513,84.45855732
2021/8/28,48864.0249,15174.96333,4515.843333,16.32333333,1802.5875,92.7007,0,0.25,2.878366667,2.383333333,86.48018319,83.96464148
2021/8/27,49005.9495,15129.5,4509.37,16.39,1798.5,92.7007,0,0.25,2.8813,2.39,85.47806126,83.47072565
2021/8/26,47130.6185,14945.81,4470,18.84,1786.6,93.0585,0,0.25,2.8888,2.33,84.47593932,82.97680981
2021/8/25,48939.9658,15041.86,4496.19,16.79,1788.7,92.822,0,0.25,2.852,2.35,83.47381739,82.48289397
2021/8/24,47734.0314,15019.8,4486.23,17.22,1808.45,92.884,0,0.25,2.8845,2.3,82.47169545,81.98897813
2021/8/23,49486.4032,14942.65,4479.53,17.15,1802,92.9875,0,0.25,2.8719,2.27,81.46957352,81.49506229
2021/8/22,49223.94712,14866.65333,4466.91,17.62,1794.35,93.14403333,0,0.25,2.867566667,2.27,80.46745158,81.00114645
2021/8/21,49000.4242,14790.65667,4454.29,18.09,1786.7,93.30056667,0,0.25,2.863233333,2.27,79.46532965,80.50723061
2021/8/20,49270.61315,14714.66,4441.67,18.56,1779.05,93.4571,0,0.25,2.8589,2.27,78.46320771,80.01331477
2021/8/19,46666.8683,14541.79,4405.8,21.67,1782.05,93.5586,0,0.25,2.8467,2.28,77.46108577,79.51939894
2021/8/18,44856.0324,14525.91,4400.27,21.57,1783.45,93.157,0,0.25,2.8729,2.32,76.45896384,79.0254831
2021/8/17,44569.5598,14656.18,4448.08,17.91,1789.45,93.1443,0,0.25,2.9023,2.33,75.4568419,78.53156726
2021/8/16,45906.7425,14793.76,4479.71,16.12,1786.35,92.6184,0,0.25,2.8941,2.36,74.45471997,78.03765142
2021/8/15,47057.4919,14803.47333,4475.806667,15.89666667,1782.183333,92.58646667,0,0.25,2.892,2.363333333,73.45259803,77.54373558
2021/8/14,47053.5097,14813.18667,4471.903333,15.67333333,1778.016667,92.55453333,0,0.25,2.8899,2.366666667,72.4504761,77.04981974
2021/8/13,47799.97212,14822.9,4468,15.45,1773.85,92.5226,0,0.25,2.8878,2.37,71.44835416,76.5559039
2021/8/12,44434.3365,14816.26,4460.83,15.59,1747.4,93.025,0,0.25,2.8842,2.41,70.44623223,76.06198806
2021/8/11,45670.172,14765.13,4447.7,16.06,1743.6,92.9175,0,0.25,2.8934,2.42,69.44411029,75.56807223
2021/8/10,45543.91666,14788.09,4436.75,16.79,1723.35,93.0629,0,0.25,2.8745,2.4,68.44198835,75.07415639
2021/8/9,46265.47428,14860.18,4432.35,16.72,1738.85,92.9766,0,0.25,2.8594,2.37,67.43986642,74.58024055
2021/8/8,43780.2388,14852.04,4433.74,16.53,1746.866667,92.91186667,0,0.25,2.846733333,2.37,66.43774448,74.08632471
2021/8/7,44665.77153,14843.9,4435.13,16.34,1754.883333,92.84713333,0,0.25,2.834066667,2.37,65.43562255,73.59240887
2021/8/6,42792.7879,14835.76,4436.52,16.15,1762.9,92.7824,0,0.25,2.8214,2.37,64.43350061,73.09849303
2021/8/5,40849.95098,14895.12,4429.1,17.28,1800.75,92.2726,0,0.25,2.8297,2.33,63.43137868,72.60457719
2021/8/4,39772.4717,14780.53,4402.66,17.97,1829.1,92.2753,0,0.25,2.8516,2.35,62.42925674,72.11066135
2021/8/3,38255.05,14761.29,4423.15,18.04,1812.65,92.0668,0,0.25,2.8389,2.38,61.42713481,71.61674552
2021/8/2,39153.01029,14681.07,4387.16,19.46,1811.45,92.0886,0,0.25,2.8241,2.37,60.42501287,71.12282968
2021/8/1,40120.70072,14678.27333,4389.86,19.05333333,1816.216667,92.09346667,0,0.25,2.8554,2.38,59.42289094,70.62891384
2021/7/31,41700.99674,14675.47667,4392.56,18.64666667,1820.983333,92.09833333,0,0.25,2.8867,2.39,58.420769,70.134998
2021/7/30,42094.78,14672.68,4395.26,18.24,1825.75,92.1032,0,0.25,2.918,2.4,58.92742552,69.87449055
2021/7/29,39993.53,14778.26,4419.15,17.7,1829.3,91.9077,0,0.25,2.9491,2.43,59.43408203,69.6139831
2021/7/28,39999.97,14762.58,4400.64,18.31,1796.6,92.2871,0,0.25,2.9585,2.41,59.94073855,69.35347565
2021/7/27,39184.61,14660.58,4401.46,19.36,1800.35,92.4901,0,0.25,2.9376,2.38,60.44739506,69.09296819
2021/7/26,37211.42,14840.71,4422.3,17.58,1800.2,92.6325,0,0.25,2.9595,2.4,60.95405158,68.83246074
2021/7/25,35227.35,14839.47,4418.796667,17.45333333,1800,92.72446667,0,0.25,2.965866667,2.383333333,61.4607081,68.57195329
2021/7/24,34211.77,14838.23,4415.293333,17.32666667,1799.8,92.81643333,0,0.25,2.972233333,2.366666667,61.96736461,68.31144584
2021/7/23,33506.09382,14836.99,4411.79,17.2,1799.6,92.9084,0,0.25,2.9786,2.35,62.47402113,68.05093839
2021/7/22,32338.55,14684.6,4367.48,17.69,1799.45,92.8377,0,0.25,2.9931,2.28,62.98067765,67.79043094
2021/7/21,32142.94,14631.95,4358.69,17.91,1802.15,92.7903,0,0.25,2.9918,2.28,63.48733416,67.52992348
2021/7/20,29759.93,14498.88,4323.06,19.73,1823.05,92.9695,0,0.25,2.9917,2.26,63.99399068,67.26941603
2021/7/19,30851.95,14274.98,4258.49,22.5,1814.9,92.8327,0,0.25,3.0164,2.24,64.50064719,67.00890858
2021/7/18,31813,14325.73333,4281.38,21.15,1818.033333,92.79323333,0,0.25,3.017433333,2.27,65.00730371,66.74840113
2021/7/17,31570.17,14376.48667,4304.27,19.8,1821.166667,92.75376667,0,0.25,3.018466667,2.3,65.51396023,66.48789368
2021/7/16,31385.55,14427.24,4327.16,18.45,1824.3,92.7143,0,0.25,3.0195,2.33,66.02061674,66.22738623
2021/7/15,31641.44705,14543.13,4360.03,17.01,1823.75,92.5861,0,0.25,3.0312,2.32,66.52727326,65.96687877
2021/7/14,32776.13963,14644.95,4374.3,16.33,1823.2,92.3701,0,0.25,2.9932,2.34,67.03392977,65.70637132
2021/7/13,32567.57251,14677.65,4369.21,17.12,1813.85,92.7873,0,0.25,3.0272,2.36,67.54058629,65.44586387
2021/7/12,33219.352,14733.24,4384.63,16.17,1792.4,92.24,0,0.25,3.0491,2.33,68.04724281,65.18535642
2021/7/11,34249.77404,14722.8,4379.603333,16.17333333,1796.933333,92.19373333,0,0.25,3.052833333,2.313333333,68.55389932,64.92484897
2021/7/10,33548.81733,14712.36,4374.576667,16.17666667,1801.466667,92.14746667,0,0.25,3.056566667,2.296666667,69.06055584,64.66434152
2021/7/9,33866.19638,14701.92,4369.55,16.18,1806,92.1012,0,0.25,3.0603,2.28,69.56721235,64.40383406
2021/7/8,32837.96027,14559.79,4320.82,19,1807.7,92.3757,0,0.25,3.0659,2.22,70.07386887,64.14332661
2021/7/7,33867.46512,14665.06,4358.13,16.2,1804.65,92.7206,0,0.25,3.1405,2.28,70.58052539,63.88281916
2021/7/6,34106.80638,14663.64,4343.54,16.44,1809.85,92.5395,0,0.25,3.1388,2.31,71.0871819,63.62231171
2021/7/5,33866.54475,14657.5625,4345.74,16.0975,1791.35,92.2566,0,0.25,3.1409,2.315,71.59383842,63.36180426
2021/7/4,35312.38754,14651.485,4347.94,15.755,1789.616667,92.2528,0,0.25,3.141433333,2.32,72.10049494,63.10129681
2021/7/3,34698.30313,14645.4075,4350.14,15.4125,1787.883333,92.249,0,0.25,3.141966667,2.325,72.60715145,62.84078935
2021/7/2,33846.00709,14639.33,4352.34,15.07,1786.15,92.2452,0,0.25,3.1425,2.33,73.11380797,62.5802819
2021/7/1,33628.67,14522.38,4319.94,15.48,1781.5,92.5361,0,0.25,3.0899,2.35,73.62046448,62.31977445
2021/6/30,35060.42897,14503.95,4297.5,15.83,1763.15,92.3671,0,0.25,3.1368,2.32,74.127121,62.059267
2021/6/29,35840.38647,14528.33,4291.8,16.02,1755.45,92.0941,0,0.25,3.1528,2.32,74.75645473,62.119512
2021/6/28,34439.12,14500.51,4290.61,15.76,1780.3,91.8795,0,0.25,3.1439,2.33,75.38578847,62.179757
2021/6/27,34579.03,14453.80333,4287.306667,15.71333333,1782.416667,91.8549,0,0.25,3.1439,2.333333333,76.0151222,62.240002
2021/6/26,31858.58,14407.09667,4284.003333,15.66666667,1784.533333,91.8303,0,0.25,3.1439,2.336666667,76.64445593,62.300247
2021/6/25,31708.50893,14360.39,4280.7,15.62,1786.65,91.8057,0,0.25,3.1439,2.34,77.27378967,62.360492
2021/6/24,34580.35118,14369.71,4266.49,15.97,1784.85,91.8153,0,0.25,3.1358,2.3,77.9031234,62.420737
2021/6/23,33646.15,14271.73,4241.84,16.32,1791.6,91.8138,0,0.25,3.144,2.34,78.53245713,62.480982
2021/6/22,32366.97,14253.27,4246.44,16.66,1775.05,91.7193,0,0.25,3.1553,2.31,79.16179087,62.541227
2021/6/21,31606.39,14141.48,4224.79,17.89,1775.05,91.8554,0,0.25,3.1558,2.25,79.7911246,62.601472
2021/6/20,35648.51716,14104.44667,4205.343333,18.82666667,1774.4,92.01083333,0,0.25,3.167466667,2.246666667,80.42045833,62.661717
2021/6/19,35635.38,14067.41333,4185.896667,19.76333333,1773.75,92.16626667,0,0.25,3.179133333,2.243333333,81.04979207,62.721962
2021/6/18,35577.47,14030.38,4166.45,20.7,1773.1,92.3217,0,0.25,3.1908,2.24,81.6791258,62.782207
2021/6/17,38082.08,14161.35,4221.86,17.75,1778.7,91.9096,0,0.25,3.1842,2.27,82.30845953,62.842452
2021/6/16,38290.04332,14039.68,4223.7,18.15,1860.75,91.4019,0,0.25,3.1785,2.32,82.93779327,62.902697
2021/6/15,40204.51,14072.86,4246.59,17.02,1865.1,90.522,0,0.25,3.1603,2.38,83.567127,62.962942
2021/6/14,40499.97,14174.14,4255.15,16.39,1865.6,90.5077,0,0.25,3.159625,2.36,84.19646073,63.023187
2021/6/13,38990,14139.23333,4252.58,16.14333333,1870.75,90.50823333,0,0.25,3.15895,2.346666667,84.82579447,63.083432
2021/6/12,35538.3,14104.32667,4250.01,15.89666667,1875.9,90.50876667,0,0.25,3.158275,2.333333333,85.4551282,63.143677
2021/6/11,37200.35,14069.42,4247.44,15.65,1881.05,90.5093,0,0.25,3.1576,2.32,86.08446193,63.203922
2021/6/10,36870.06,14020.33,4239.18,16.1,1888.65,90.0465,0,0.25,3.1541,2.35,86.71379567,63.264167
2021/6/9,37345.04492,13911.75,4219.55,17.89,1894.6,90.1324,0,0.25,3.1739,2.32,87.3431294,63.324412
2021/6/8,33369.13806,13924.91,4227.26,17.07,1893.15,90.1144,0,0.25,3.1613,2.36,87.97246313,63.384657
2021/6/7,33550.00408,13881.72,4226.52,16.42,1888.4,89.9816,0,0.25,3.1754,2.39,88.60179687,63.444902
2021/6/6,35781.01,13859.31,4227.643333,16.42,1889.133333,90.03416667,0,0.25,3.1572,2.393333333,89.2311306,63.505147
2021/6/5,35510.26,13836.9,4228.766667,16.42,1889.866667,90.08673333,0,0.25,3.139,2.396666667,89.86046433,63.565392
2021/6/4,36908.14,13814.49,4229.89,16.42,1890.6,90.1393,0,0.25,3.1208,2.4,90.48979807,63.625637
2021/6/3,39152.71,13614.51,4192.85,18.04,1866.55,90.495,0,0.25,3.1182,2.42,91.1191318,63.685882
2021/6/2,37622.43,13756.33,4208.12,17.48,1902.75,89.8985,0,0.25,3.1053,2.44,91.74846553,63.746127
2021/6/1,36606.39,13736.48,4202.04,17.9,1899.35,89.9314,0,0.25,3.0946,2.46,92.37779927,63.806372
2021/5/31,37303.75009,13739.545,4202.5575,17.615,1899.5,89.8467,0,0.25,3.1084,2.45,93.007133,63.866617
2021/5/30,35618.15758,13742.61,4203.075,17.33,1899.65,89.91603333,0,0.25,3.111533333,2.44,92.85097458,63.29997155
2021/5/29,34523.41,13745.675,4203.5925,17.045,1899.8,89.98536667,0,0.25,3.114666667,2.43,92.69481616,62.7333261
2021/5/28,35670.7,13748.74,4204.11,16.76,1899.95,90.0547,0,0.25,3.1178,2.42,92.53865774,62.16668065
2021/5/27,38479.69228,13736.28,4200.88,16.74,1891.45,90.0015,0,0.25,3.0994,2.42,92.38249932,61.60003519
2021/5/26,39184.76165,13738,4195.99,17.36,1899.75,90.0576,0,0.25,3.096,2.4,92.2263409,61.03338974
2021/5/25,38165.78818,13657.17,4188.13,18.84,1887,89.6685,0,0.25,3.1113,2.42,92.07018248,60.46674429
2021/5/24,38619.3971,13661.17,4197.05,18.4,1880.15,89.8363,0,0.25,3.0987,2.44,91.91402406,59.90009884
2021/5/23,34834.68224,13597.77667,4183.32,18.98333333,1878.733333,89.90526667,0,0.25,3.1023,2.436666667,91.75786565,59.33345339
2021/5/22,37555,13534.38333,4169.59,19.56666667,1877.316667,89.97423333,0,0.25,3.1059,2.433333333,91.60170723,58.76680794
2021/5/21,37242.9427,13470.99,4155.86,20.15,1875.9,90.0432,0,0.25,3.1095,2.43,91.44554881,58.20016248
2021/5/20,40389.77811,13535.74,4159.12,20.67,1878.3,89.7602,0,0.25,3.1366,2.41,91.28939039,57.63351703
2021/5/19,36974.61474,13299.74,4115.68,22.18,1888.45,90.1828,0,0.25,3.158,2.48,91.13323197,57.06687158
2021/5/18,43019.7743,13303.64,4127.83,21.34,1866.75,89.795,0,0.25,3.1691,2.52,90.97707355,56.50022613
2021/5/17,43590.92217,13379.05,4163.29,19.72,1853.7,90.2163,0,0.25,3.1683,2.54,90.82091513,55.93358068
2021/5/16,46395.05,13396.02667,4166.81,19.41666667,1848.5,90.24733333,0,0.25,3.164266667,2.53,90.66475671,55.36693523
2021/5/15,46786.61,13413.00333,4170.33,19.11333333,1843.3,90.27836667,0,0.25,3.160233333,2.52,90.50859829,54.80028977
2021/5/14,49884.92,13429.98,4173.85,18.81,1838.1,90.3094,0,0.25,3.1562,2.51,90.35243987,54.23364432
2021/5/13,49655.62103,13124.99,4112.5,23.13,1821.8,90.737,0,0.25,3.1749,2.51,90.19628145,53.66699887
2021/5/12,50482.43448,13031.68,4063.04,27.59,1830.7,90.8033,0,0.25,3.1531,2.54,90.04012303,53.10035342
2021/5/11,56721.83384,13389.43,4152.1,21.84,1829.1,90.1777,0,0.25,3.1646,2.53,89.88396461,52.53370797
2021/5/10,55772.28125,13401.86,4188.43,19.66,1840.45,90.3102,0,0.25,3.1823,2.54,89.72780619,51.96706252
2021/5/9,58169.72762,13518.65333,4203.153333,18.67,1839.15,90.28663333,0,0.25,3.18105,2.523333333,89.57164777,51.40041706
2021/5/8,58711.17203,13635.44667,4217.876667,17.68,1837.85,90.26306667,0,0.25,3.1798,2.506666667,89.41548935,50.83377161
2021/5/7,57339.55,13752.24,4232.6,16.69,1836.55,90.2395,0,0.25,3.175,2.49,89.25933094,50.26712616
2021/5/6,56484.49,13632.84,4201.62,18.39,1813.15,90.8715,0,0.25,3.1725,2.45,89.10317252,49.70048071
2021/5/5,57338.36,13582.42,4167.59,19.15,1782.25,91.267,0,0.25,3.177733333,2.47,88.9470141,49.13383526
2021/5/4,53329.38764,13633.5,4164.66,19.48,1797.75,91.2831,0,0.25,3.182966667,2.42,88.79085568,48.56718981
2021/5/3,57211.40864,13895.12,4192.66,18.31,1790.225,90.9698,0,0.25,3.1882,2.42,88.63469726,48.00054435
2021/5/2,56563.76,13917.64,4188.83,18.41,1782.7,91.07936667,0,0.25,3.193433333,2.416666667,88.47853884,47.4338989
2021/5/1,57793.51887,13940.16,4185,18.51,1775.175,91.18893333,0,0.25,3.198666667,2.413333333,88.32238042,46.86725345
2021/4/30,57758.64693,13962.68,4181.17,18.61,1767.65,91.2985,0,0.25,3.2039,2.41,88.166222,46.300608
2021/4/29,53610.42906,14082.55,4211.47,17.61,1762.65,90.6555,0,0.25,3.2036,2.42,87.8479735,45.63688743
2021/4/28,54766.5393,14051.03,4183.18,17.28,1772.2,90.6064,0,0.25,3.2157,2.41,87.529725,44.97316687
2021/4/27,54924.0147,14090.22,4186.72,17.56,1784.15,90.8749,0,0.25,3.2171,2.39,87.2114765,44.3094463
2021/4/26,53954.40657,14138.78,4187.62,17.64,1773.35,90.8405,0,0.25,3.2119,2.36,86.893228,43.64572573
2021/4/25,48987.68164,14098.12333,4185.136667,17.53666667,1776.166667,90.83683333,0,0.25,3.2076,2.353333333,86.5749795,42.98200517
2021/4/24,50007.71595,14057.46667,4182.653333,17.43333333,1778.983333,90.83316667,0,0.25,3.19435,2.346666667,86.256731,42.3182846
2021/4/23,51020.04115,14016.81,4180.17,17.33,1781.8,90.8295,0,0.25,3.1811,2.34,85.9384825,41.65456403
2021/4/22,51843.6798,13818.41,4134.98,18.71,1787.75,91.2774,0,0.25,3.1786,2.33,85.620234,40.99084347
2021/4/21,53889.33,13950.22,4173.42,17.5,1798.2,91.1151,0,0.25,3.1799,2.33,85.3019855,40.3271229
2021/4/20,56363.62,13786.27,4134.94,18.68,1777.85,91.1943,0,0.25,3.1697,2.32,84.983737,39.66340233
2021/4/19,55653.24487,13914.77,4163.26,17.29,1774.5,91.0992,0,0.25,3.1795,2.34,84.6654885,38.99968177
2021/4/18,56037.12872,13960.62667,4170.663333,16.94333333,1774.483333,91.2449,0,0.25,3.181933333,2.346666667,84.34724,38.3359612
2021/4/17,60078.27,14006.48333,4178.066667,16.59666667,1774.466667,91.3906,0,0.25,3.184366667,2.353333333,84.0289915,37.67224063
2021/4/16,61504.76862,14052.34,4185.47,16.25,1774.45,91.5363,0,0.25,3.1868,2.36,83.710743,37.00852007
2021/4/15,63183.14,14038.76,4170.42,16.57,1757.2,91.6795,0,0.25,3.1866,2.33,83.3924945,36.3447995
2021/4/14,62628.97594,13857.84,4124.66,16.99,1735.55,91.6507,0,0.25,3.189,2.33,83.074246,35.68107893
2021/4/13,63528.48,13996.1,4141.59,16.65,1747.95,91.8444,0,0.25,3.1863,2.33,82.7559975,35.01735837
2021/4/12,59940.53,13850,4127.99,16.91,1732.85,92.1065,0,0.25,3.2268,2.33,82.437749,34.3536378
2021/4/11,60018.28649,13866.73,4128.26,16.83666667,1735.633333,92.12986667,0,0.25,3.231066667,2.323333333,82.1195005,33.68991723
2021/4/10,59747.4368,13883.46,4128.53,16.76333333,1738.416667,92.15323333,0,0.25,3.235333333,2.316666667,81.801252,33.02619667
2021/4/9,58159.44,13900.19,4128.8,16.69,1741.2,92.1766,0,0.25,3.2396,2.31,81.4830035,32.3624761
2021/4/8,58019.88,13829.31,4097.17,16.95,1755.5,92.0645,0,0.25,3.2485,2.33,81.164755,31.69875553
2021/4/7,56073.47156,13688.84,4079.95,17.16,1738.05,92.4201,0,0.25,3.2349,2.34,80.8465065,31.03503497
2021/4/6,58093.23833,13698.38,4073.94,18.12,1744.65,92.2895,0,0.25,3.2285,2.32,80.528258,30.3713144
2021/4/5,58777.73936,13705.59,4077.91,17.91,1740.93,92.5911,0,0.25,3.2254,2.35,80.2100095,29.70759383
2021/4/4,58215.19,13649.22,4063.4,17.765,1737.21,92.72663333,0,0.25,3.2223,2.353333333,79.891761,29.04387327
2021/4/3,57139.13796,13592.85,4048.89,17.62,1733.49,92.86216667,0,0.25,3.2192,2.356666667,79.5735125,28.3801527
2021/4/2,58963.3276,13536.48,4034.38,17.475,1729.77,92.9977,0,0.25,3.2161,2.36,79.255264,27.71643213
2021/4/1,58755.61518,13480.11,4019.87,17.33,1726.05,92.8963,0,0.25,3.2176,2.35,78.9370155,27.05271157
2021/3/31,58719.45437,13246.87,3972.89,19.4,1691.05,93.1839,0,0.25,3.2234,2.37,78.618767,26.388991
2021/3/30,58693.94856,13045.4,3958.55,19.61,1683.95,93.286,0,0.25,3.2145,2.35,78.46838103,25.4422379
2021/3/29,57664.85097,13059.65,3971.09,20.74,1705.95,92.9354,0,0.25,3.2306,2.36,78.31799506,24.49548481
2021/3/28,55861.95,13086.01,3972.24,20.11333333,1714.566667,92.86533333,0,0.25,3.2259,2.353333333,78.1676091,23.54873171
2021/3/27,55917.88011,13112.37,3973.39,19.48666667,1723.183333,92.79526667,0,0.25,3.2212,2.346666667,78.01722313,22.60197861
2021/3/26,55002.76979,13138.73,3974.54,18.86,1731.8,92.7252,0,0.25,3.2165,2.34,77.86683716,21.65522552
2021/3/25,51412.19201,12977.68,3909.52,19.81,1737.3,92.8846,0,0.25,3.2236,2.32,77.71645119,20.70847242
2021/3/24,52584.7854,12961.89,3889.14,21.2,1730.5,92.5886,0,0.25,3.2127,2.31,77.56606523,19.76171932
2021/3/23,54599.96181,13227.7,3910.52,20.3,1726.2,92.3527,0,0.25,3.2484,2.29,77.41567926,18.81496623
2021/3/22,54249.99078,13377.54,3940.59,18.88,1736.15,91.8031,0,0.25,3.2522,2.33,77.26529329,17.86821313
2021/3/21,57392.2057,13323.44,3931.426667,19.57,1735.833333,91.85183333,0,0.25,3.254566667,2.323333333,77.11490732,16.92146003
2021/3/20,58219.82,13269.34,3922.263333,20.26,1735.516667,91.90056667,0,0.25,3.256933333,2.316666667,76.96452135,15.97470694
2021/3/19,58091.62367,13215.24,3913.1,20.95,1735.2,91.9493,0,0.25,3.2593,2.31,76.81413539,15.02795384
2021/3/18,57687.52056,13116.17,3915.46,21.58,1725.9,91.8283,0,0.25,3.2744,2.27,76.66374942,14.08120074
2021/3/17,58711.97874,13525.2,3974.12,19.23,1729.65,91.9738,0,0.25,3.2739,2.3,76.51336345,13.13444765
2021/3/16,56455.99844,13471.57,3962.71,19.79,1735,91.8752,0,0.25,3.2811,2.3,76.36297748,12.18769455
2021/3/15,55723.94916,13459.71,3968.94,20.03,1723.65,91.8032,0,0.25,3.2907,2.27,76.21259152,11.24094145
2021/3/14,59380.01894,13413.09333,3960.406667,20.25,1717.366667,91.758,0,0.25,3.284166667,2.266666667,76.06220555,10.29418835
2021/3/13,61297.99739,13366.47667,3951.873333,20.47,1711.083333,91.7128,0,0.25,3.277633333,2.263333333,75.91181958,9.347435258
2021/3/12,57278.15502,13319.86,3943.34,20.69,1704.8,91.6676,0,0.25,3.2711,2.26,75.76143361,8.400682161
2021/3/11,57633.69981,13398.67,3939.34,21.91,1724.25,91.4172,0,0.25,3.2624,2.28,75.61104765,7.453929065
2021/3/10,55998.73927,13068.83,3898.81,22.56,1716.2,91.7818,0,0.25,3.2649,2.26,75.46066168,6.507175968
2021/3/9,54759.46169,13073.82,3875.44,24.03,1716.9,91.9696,0,0.25,3.2692,2.21,75.31027571,5.560422871
2021/3/8,52326.86244,12609.16,3821.35,25.47,1687.05,92.4074,0,0.25,3.2692,2.21,75.15988974,4.613669774
2021/3/7,51409.22675,12712.82333,3828.213333,25.2,1690.116667,92.2706,0,0.25,3.274633333,2.213333333,75.00950377,3.666916677
2021/3/6,48884.80043,12816.48667,3835.076667,24.93,1693.183333,92.1338,0,0.25,3.280066667,2.216666667,74.85911781,2.720163581
2021/3/5,48901.91568,12920.15,3841.94,24.66,1696.25,91.997,0,0.25,3.2855,2.22,74.70873184,1.773410484
2021/3/4,48523.77958,12723.47,3768.47,28.57,1712.1,91.6141,0,0.25,3.2762,2.2,74.55834587,0.826657387
2021/3/3,50593.57978,12997.75,3819.72,26.67,1711.4,90.9909,0,0.25,3.2683,2.21,74.4079599,-0.12009571
2021/3/2,48245.59608,13358.79,3870.29,24.1,1723.85,90.7646,0,0.25,3.2557,2.2,74.25757394,-1.066848806
2021/3/1,49557.93686,13588.83,3901.82,23.35,1734.15,91.0173,0,0.25,3.2774,2.16,74.10718797,-2.013601903
2021/2/28,44986.74483,13456.67,3871.596667,24.88333333,1737.05,90.9915,0,0.25,3.281866667,2.156666667,73.956802,-2.960355
2021/2/27,46202.31375,13324.51,3841.373333,26.41666667,1739.95,90.9657,0,0.25,3.286333333,2.153333333,74.08044125,-2.595986179
2021/2/26,46205.25772,13192.35,3811.15,27.95,1742.85,90.9399,0,0.25,3.2908,2.15,74.2040805,-2.231617357
2021/2/25,47372.37799,13119.43,3829.34,28.89,1779.65,90.2149,0,0.25,3.2925,2.14,74.32771975,-1.867248536
2021/2/24,49577.66705,13597.97,3925.43,21.34,1788,90.0435,0,0.25,3.2611,2.17,74.451359,-1.502879714
2021/2/23,48514.38215,13465.2,3881.37,23.11,1799.65,90.1173,0,0.25,3.2832,2.16,74.57499825,-1.138510893
2021/2/22,54153.65519,13533.05,3876.5,23.45,1807.45,90.0869,0,0.25,3.2917,2.16,74.6986375,-0.774142071
2021/2/21,57367.94614,13646.85333,3886.57,22.98333333,1800.366667,90.1712,0,0.25,3.27915,2.153333333,74.82227675,-0.40977325
2021/2/20,56008.78744,13760.65667,3896.64,22.51666667,1793.283333,90.2555,0,0.25,3.2666,2.146666667,74.945916,-0.045404429
2021/2/19,55795.15505,13874.46,3906.71,22.05,1786.2,90.3398,0,0.25,3.271,2.14,75.06955525,0.318964393
2021/2/18,51656.84687,13865.36,3913.97,22.49,1773.15,90.5555,0,0.25,3.292,2.16,75.1931945,0.683333214
2021/2/17,52127.62093,13965.5,3931.33,21.5,1780.7,90.9146,0,0.25,3.28595,2.21,75.31683375,1.047702036
2021/2/16,49261.05077,14047.5,3932.59,21.46,1794.25,90.5987,0,0.25,3.2799,2.24,75.440473,1.412070857
2021/2/15,47981.97749,14059.4925,3933.15,21.0875,1817.3,90.3644,0,0.25,3.27385,2.2325,75.56411225,1.776439679
2021/2/14,48673.32971,14071.485,3933.71,20.715,1816.983333,90.39103333,0,0.25,3.2678,2.225,75.6877515,2.1408085
2021/2/13,47056.76956,14083.4775,3934.27,20.3425,1816.666667,90.41766667,0,0.25,3.26175,2.2175,75.81139075,2.505177321
2021/2/12,47622.56892,14095.47,3934.83,19.97,1816.35,90.4443,0,0.25,3.2557,2.21,75.93503,2.869546143
2021/2/11,47680.42444,14025.77,3916.38,21.25,1840.1,90.4038,0,0.25,3.24965,2.2,76.05866925,3.233914964
2021/2/10,44866.50228,13972.53,3909.88,21.99,1842.65,90.4287,0,0.25,3.2436,2.21,76.1823085,3.598283786
2021/2/9,46511.52058,14007.7,3911.23,21.63,1839.6,90.44,0,0.25,3.2474,2.22,76.30594775,3.962652607
2021/2/8,46225.49641,13987.64,3915.59,21.24,1835.25,90.9682,0,0.25,3.2404,2.22,76.429587,4.327021429
2021/2/7,38888.63824,13943.86,3906.003333,21.11666667,1824.483333,90.97616667,0,0.25,3.2164,2.216666667,76.55322625,4.69139025
2021/2/6,39191.50755,13900.08,3896.416667,20.99333333,1813.716667,90.98413333,0,0.25,3.22395,2.213333333,76.6768655,5.055759071
2021/2/5,37945.96447,13856.3,3886.83,20.87,1802.95,90.9921,0,0.25,3.2315,2.21,76.80050475,5.420127893
2021/2/4,36938.03487,13777.74,3871.74,21.77,1785.9,91.5513,0,0.25,3.222,2.17,76.924144,5.784496714
2021/2/3,37551.93435,13610.54,3830.17,22.91,1835.45,91.1129,0,0.25,3.2155,2.19,77.04778325,6.148865536
2021/2/2,35507.12771,13612.78,3826.31,25.56,1833.1,91.0431,0,0.25,3.1868,2.15,77.1714225,6.513234357
2021/2/1,33513.4412,13403.4,3773.86,30.24,1862.95,91.0272,0,0.25,3.1817,2.11,77.29506175,6.877603179
2021/1/31,33136.13947,13292.49667,3753.986667,31.19,1863.233333,90.8642,0,0.25,3.186766667,2.116666667,77.418701,7.241972
2021/1/30,34333.10794,13181.59333,3734.113333,32.14,1863.516667,90.7012,0,0.25,3.191833333,2.123333333,76.98801035,6.317167419
2021/1/29,34241.18685,13070.69,3714.24,33.09,1863.8,90.5382,0,0.25,3.1969,2.13,76.55731971,5.392362839
2021/1/28,33117.57284,13337.16,3787.38,30.21,1853.7,90.5405,0,0.25,3.1983,2.13,76.12662906,4.467558258
2021/1/27,30305.34378,13270.6,3750.77,37.21,1856.6,90.5917,0,0.25,3.174,2.08,75.69593842,3.542753677
2021/1/26,32577.7687,13626.06,3849.62,23.02,1856.6,90.1869,0,0.25,3.1671,2.08,75.26524777,2.617949097
2021/1/25,32272.78384,13635.99,3855.36,23.19,1856.85,90.351,0,0.25,3.1412,2.08,74.83455713,1.693144516
2021/1/24,32261.74435,13605.01333,3850.73,22.76333333,1855.466667,90.3044,0,0.25,3.143933333,2.083333333,74.40386648,0.768339935
2021/1/23,32045.83959,13574.03667,3846.1,22.33666667,1854.083333,90.2578,0,0.25,3.146666667,2.086666667,73.97317584,-0.156464645
2021/1/22,32836.13558,13543.06,3841.47,21.91,1852.7,90.2112,0,0.25,3.1494,2.09,73.54248519,-1.081269226
2021/1/21,30892.80236,13530.92,3853.07,21.32,1862.1,90.0839,0,0.25,3.1665,2.1,73.11179455,-2.006073806
2021/1/20,35636.11099,13457.25,3851.85,21.58,1856.6,90.4601,0,0.25,3.1777,2.12,72.6811039,-2.930878387
2021/1/19,36177.48749,13197.18,3798.91,23.24,1834.7,90.4882,0,0.25,3.1776,2.1,72.25041326,-3.855682968
2021/1/18,36714.8432,13147.51,3791.245,23.515,1833.05,90.7716,0,0.25,3.1662,2.1,71.81972261,-4.780487548
2021/1/17,35786.41703,13097.84,3783.58,23.79,1835.033333,90.77773333,0,0.25,3.153933333,2.1,71.38903197,-5.705292129
2021/1/16,36178.18021,13048.17,3775.915,24.065,1837.016667,90.78386667,0,0.25,3.141666667,2.1,70.95834132,-6.63009671
2021/1/15,36678.9504,12998.5,3768.25,24.34,1839,90.79,0,0.25,3.1294,2.1,70.52765068,-7.55490129
2021/1/14,39304.68621,13112.64,3795.54,23.25,1841.75,90.25,0,0.25,3.1075,2.09,70.09696003,-8.479705871
2021/1/13,37359.33216,13128.95,3809.84,22.21,1858.85,90.32,0,0.25,3.1518,2.06,69.66626939,-9.404510452
2021/1/12,33949.39683,13072.43,3801.19,23.33,1841.25,90.04,0,0.25,3.1713,2.08,69.23557874,-10.32931503
2021/1/11,35569.7227,13036.43,3799.61,24.08,1847.25,90.55,0,0.25,3.1704,2.06,68.8048881,-11.25411961
2021/1/10,38299.0196,13091.61333,3807.966667,23.24,1852.466667,90.38836667,0,0.25,3.166066667,2.06,68.37419745,-12.17892419
2021/1/9,40129.0005,13146.79667,3816.323333,22.4,1857.683333,90.22673333,0,0.25,3.161733333,2.06,67.94350681,-13.10372877
2021/1/8,40703.29054,13201.98,3824.68,21.56,1862.9,90.0651,0,0.25,3.1574,2.06,67.51281616,-14.02853335
2021/1/7,39493.12851,13067.48,3803.79,22.37,1920.1,89.827,0,0.25,3.1354,2.09,67.08212552,-14.95333794
2021/1/6,36904.21825,12740.79,3748.14,25.07,1931.95,89.4167,0,0.25,3.1401,2.06,66.65143487,-15.87814252
2021/1/5,33965.16042,12818.96,3726.86,25.34,1940.35,89.4754,0,0.25,3.1749,2.03,66.22074423,-16.8029471
2021/1/4,31973.83215,12698.45,3700.65,26.97,1943.2,89.8778,0,0.25,3.1713,2.01,65.79005358,-17.72775168
2021/1/3,32877.60728,12745.9075,3714.505,25.915,1932.08,89.897925,0,0.25,3.182825,2.005,65.35936294,-18.65255626
2021/1/2,32093.26496,12793.365,3728.36,24.86,1920.96,89.91805,0,0.25,3.19435,2,64.92867229,-19.57736084
2021/1/1,29300.19094,12840.8225,3742.215,23.805,1909.84,89.938175,0,0.25,3.205875,1.995,64.49798165,-20.50216542
2020/12/31,28977.96182,12888.28,3756.07,22.75,1898.72,89.9583,0,0.25,3.2174,1.99,64.067291,-21.42697
2020/12/30,28810.02049,12870,3732.04,22.77,1887.6,89.6001,0,0.25,3.222,1.96,64.26084506,-21.58875787
2020/12/29,27392.54055,12850.22,3727.04,23.08,1874.3,90.004,0,0.25,3.2352,1.96,64.45439913,-21.75054574
2020/12/28,27147.36675,12899.42,3735.36,21.7,1874.416667,90.2841,0,0.25,3.2363,1.97,64.64795319,-21.91233361
2020/12/27,26326.48184,12875.7475,3727.285,21.6575,1874.533333,90.30043333,0,0.25,3.255966667,1.97,64.84150726,-22.07412148
2020/12/26,26446.97357,12852.075,3719.21,21.615,1874.65,90.31676667,0,0.25,3.275633333,1.97,65.03506132,-22.23590935
2020/12/25,24652.03652,12828.4025,3711.135,21.5725,1874.766667,90.3331,0,0.25,3.2953,1.97,65.22861539,-22.39769723
2020/12/24,23733.03049,12804.73,3703.06,21.53,1874.883333,90.3026,0,0.25,3.2827,1.97,65.42216945,-22.5594851
2020/12/23,23261.7852,12771.11,3690.01,23.31,1875,90.3475,0,0.25,3.2763,1.97,65.61572352,-22.72127297
2020/12/22,23801.64017,12807.92,3687.26,24.23,1877.1,90.6334,0,0.25,3.2953,1.94,65.80927758,-22.88306084
2020/12/21,22882.15792,12742.52,3694.92,25.16,1880,90.0816,0,0.25,3.3219,1.95,66.00283165,-23.04484871
2020/12/20,23516.40283,12746.89333,3699.75,23.96333333,1879.916667,90.02773333,0,0.25,3.325466667,1.95,66.19638571,-23.20663658
2020/12/19,23844.56807,12751.26667,3704.58,22.76666667,1879.833333,89.97386667,0,0.25,3.329033333,1.95,66.38993977,-23.36842445
2020/12/18,23113.99259,12755.64,3709.41,21.57,1879.75,89.92,0,0.25,3.3326,1.95,66.58349384,-23.53021232
2020/12/17,22823.45909,12764.75,3722.48,21.93,1890.75,89.77,0,0.25,3.3238,1.94,66.7770479,-23.69200019
2020/12/16,21367.09631,12658.19,3701.17,22.5,1851.95,90.22,0,0.25,3.326,1.92,66.97060197,-23.85378806
2020/12/15,19434.07031,12595.06,3694.62,22.89,1850.65,90.5843,0,0.25,3.3171,1.91,67.16415603,-24.01557594
2020/12/14,19270.74681,12440.04,3647.49,24.72,1831.15,90.7283,0,0.25,3.3397,1.88,67.3577101,-24.17736381
2020/12/13,19169.33845,12419.31667,3652.813333,24.25,1834.766667,90.8103,0,0.25,3.332766667,1.876666667,67.55126416,-24.33915168
2020/12/12,18804.79471,12398.59333,3658.136667,23.78,1838.383333,90.8923,0,0.25,3.325833333,1.873333333,67.74481823,-24.50093955
2020/12/11,18062.11899,12377.87,3663.46,23.31,1842,90.9743,0,0.25,3.3189,1.87,67.93837229,-24.66272742
2020/12/10,18261.87845,12405.81,3668.1,22.52,1844.35,90.7779,0,0.25,3.3123,1.88,68.13192635,-24.82451529
2020/12/9,18569.9877,12338.95,3672.82,22.27,1841.75,91.0342,0,0.25,3.3007,1.91,68.32548042,-24.98630316
2020/12/8,18325.0542,12582.77,3702.25,20.68,1868.15,90.9495,0,0.25,3.307,1.89,68.51903448,-25.14809103
2020/12/7,19190.03778,12519.95,3691.96,21.3,1859.95,90.865,0,0.25,3.3352,1.88,68.71258855,-25.3098789
2020/12/6,19336.69255,12501.37667,3694.346667,21.13,1854.3,90.84446667,0,0.25,3.333933333,1.883333333,68.90614261,-25.47166677
2020/12/5,19127.65682,12482.80333,3696.733333,20.96,1848.65,90.82393333,0,0.25,3.332666667,1.886666667,69.09969668,-25.63345465
2020/12/4,18737.19266,12464.23,3699.12,20.79,1843,90.8034,0,0.25,3.3314,1.89,69.29325074,-25.79524252
2020/12/3,19427.95496,12377.18,3666.72,21.28,1832.35,90.6749,0,0.25,3.3407,1.86,69.48680481,-25.95703039
2020/12/2,19201.27613,12349.37,3669.01,21.17,1822.6,91.0183,0,0.25,3.3427,1.85,69.68035887,-26.11881826
2020/12/1,18855.04374,12355.11,3662.45,20.77,1810.75,91.1801,0,0.25,3.3146,1.81,69.87391294,-26.28060613
2020/11/30,19721.87473,12198.74,3621.63,20.57,1762.55,92.033,0,0.25,3.321,1.77,70.067467,-26.442394
2020/11/29,18162.12347,12201.11,3627.203333,20.66,1768.133333,91.95016667,0,0.25,3.322666667,1.763333333,70.26799037,-25.36147113
2020/11/28,17707.71579,12203.48,3632.776667,20.75,1773.716667,91.86733333,0,0.25,3.324333333,1.756666667,70.46851373,-24.28054827
2020/11/27,17076.84202,12205.85,3638.35,20.84,1779.3,91.7845,0,0.25,3.326,1.75,70.6690371,-23.1996254
2020/11/26,17072.81034,12150.125,3634,21.045,1807.4,92.0194,0,0.25,3.3219,1.75,70.86956047,-22.11870253
2020/11/25,18770.2021,12094.4,3629.65,21.25,1810.2,92.0138,0,0.25,3.3242,1.75,71.07008383,-21.03777967
2020/11/24,19121.51141,12036.79,3635.41,21.64,1799.6,92.1403,0,0.25,3.3246,1.74,71.2706072,-19.9568568
2020/11/23,18374.45258,11880.63,3577.59,22.66,1840.2,92.5197,0,0.25,3.3336,1.71,71.47113057,-18.87593393
2020/11/22,18413.52697,11872.07667,3570.906667,23.00666667,1852.033333,92.47686667,0,0.25,3.3462,1.703333333,71.67165393,-17.79501107
2020/11/21,18709.05738,11863.52333,3564.223333,23.35333333,1863.866667,92.43403333,0,0.25,3.3588,1.696666667,71.8721773,-16.7140882
2020/11/20,18641.28503,11854.97,3557.54,23.7,1875.7,92.3912,0,0.25,3.3714,1.69,72.07270067,-15.63316533
2020/11/19,17806.27692,11904.71,3581.87,23.11,1857.35,92.3035,0,0.25,3.3584,1.7,72.27322403,-14.55224247
2020/11/18,17827.83915,11801.6,3567.79,23.84,1876.1,92.4043,0,0.25,3.331,1.7,72.4737474,-13.4713196
2020/11/17,17683.75928,11899.34,3609.53,22.71,1889.05,92.4564,0,0.25,3.3105,1.7,72.67427077,-12.39039673
2020/11/16,16725.11073,11924.13,3626.91,22.45,1885.6,92.5551,0,0.25,3.294,1.72,72.87479413,-11.30947387
2020/11/15,15961.34579,11892.51667,3612.99,22.66666667,1887.366667,92.6127,0,0.25,3.295566667,1.72,73.0753175,-10.228551
2020/11/14,16083.58805,11860.90333,3599.07,22.88333333,1889.133333,92.6703,0,0.25,3.297133333,1.72,73.27584087,-9.147628133
2020/11/13,16316.13726,11829.29,3585.15,23.1,1890.9,92.7279,0,0.25,3.2987,1.72,73.47636423,-8.066705267
2020/11/12,16279.27054,11709.59,3537.01,25.35,1874.85,92.9748,0,0.25,3.2781,1.71,73.6768876,-6.9857824
2020/11/11,15687.48025,11786.43,3572.66,23.45,1860.95,93.0081,0,0.25,3.2585,1.735,73.87741097,-5.904859533
2020/11/10,15280.16349,11553.86,3545.53,24.8,1878.7,92.72,0,0.25,3.2619,1.76,74.07793433,-4.823936667
2020/11/9,15326.15685,11713.78,3550.5,25.75,1867.3,92.8361,0,0.25,3.2573,1.73,74.2784577,-3.7430138
2020/11/8,15499.08129,11774.26333,3536.813333,25.45333333,1891.8,92.6656,0,0.25,3.2453,1.703333333,74.47898107,-2.662090933
2020/11/7,14821.98325,11834.74667,3523.126667,25.15666667,1916.3,92.4951,0,0.25,3.2333,1.676666667,74.67950443,-1.581168067
2020/11/6,15547.05255,11895.23,3509.44,24.86,1940.8,92.3246,0,0.25,3.2213,1.65,74.8800278,-0.5002452
2020/11/5,15558.52541,11890.93,3510.45,27.58,1938.45,92.5833,0,0.25,3.1978,1.66,75.08055117,0.580677667
2020/11/4,14132.96094,11590.78,3443.44,29.57,1900.15,93.442,0,0.25,3.2156,1.64,75.28107453,1.661600533
2020/11/3,13973.24888,11160.57,3369.16,35.55,1908.3,93.4093,0,0.25,3.2056,1.72,75.4815979,2.7425234
2020/11/2,13576.96848,10957.61,3310.24,37.13,1889.9,94.0506,0,0.25,3.2149,1.71,75.68212127,3.823446267
2020/11/1,13735.00686,10942.27,3296.813333,37.42666667,1887.216667,94.03956667,0,0.25,3.218033333,1.706666667,75.88264463,4.904369133
2020/10/31,13795.52655,10926.93,3283.386667,37.72333333,1884.533333,94.02853333,0,0.25,3.221166667,1.703333333,76.083168,5.985292
2020/10/30,13568.83725,10911.59,3269.96,38.02,1881.85,94.0175,0,0.25,3.2243,1.7,76.22169097,5.516483871
2020/10/29,13443.53152,11185.59,3310.11,37.59,1870.3,93.9325,0,0.25,3.2067,1.71,76.36021394,5.047675742
2020/10/28,13275.48126,11004.87,3271.03,40.28,1869.95,93.4498,0,0.25,3.1944,1.7,76.4987369,4.578867613
2020/10/27,13651.54051,11431.35,3390.68,33.35,1905.7,93.0389,0,0.25,3.2119,1.71,76.63725987,4.110059484
2020/10/26,13065.53603,11358.94,3400.97,32.46,1898.45,93.0667,0,0.25,3.2239,1.72,76.77578284,3.641251355
2020/10/25,13020.81172,11422.05333,3422.443333,30.82333333,1900.183333,92.9567,0,0.25,3.218066667,1.73,76.91430581,3.172443226
2020/10/24,13117.17473,11485.16667,3443.916667,29.18666667,1901.916667,92.8467,0,0.25,3.212233333,1.74,77.05282877,2.703635097
2020/10/23,12929.02218,11548.28,3465.39,27.55,1903.65,92.7367,0,0.25,3.2064,1.75,77.19135174,2.234826968
2020/10/22,12958.53719,11506.01,3453.49,28.11,1900.95,92.9446,0,0.25,3.2007,1.76,77.32987471,1.766018839
2020/10/21,12808.79595,11484.69,3435.56,28.65,1924.15,92.6577,0,0.25,3.2311,1.74,77.46839768,1.29721071
2020/10/20,11910.24211,11516.49,3443.12,29.35,1898.4,93.1005,0,0.25,3.2403,1.72,77.60692065,0.828402581
2020/10/19,11748.37678,11478.88,3426.92,29.18,1905.6,93.4231,0,0.25,3.2469,1.71,77.74544361,0.359594452
2020/10/18,11490.01581,11543.10667,3445.883333,28.59,1905.416667,93.51753333,0,0.25,3.252333333,1.71,77.88396658,-0.109213677
2020/10/17,11368.48474,11607.33333,3464.846667,28,1905.233333,93.61196667,0,0.25,3.257766667,1.71,78.02248955,-0.578021806
2020/10/16,11312.66278,11671.56,3483.81,27.41,1905.05,93.7064,0,0.25,3.2632,1.71,78.16101252,-1.046829935
2020/10/15,11492.6159,11713.87,3483.34,26.97,1891.9,93.7954,0,0.25,3.2418,1.69,78.29953548,-1.515638065
2020/10/14,11426.36748,11768.73,3488.67,26.4,1910.05,93.42,0,0.25,3.2407,1.69,78.43805845,-1.984446194
2020/10/13,11423.48002,11863.9,3511.93,26.07,1891.3,93.5336,0,0.25,3.2135,1.7,78.57658142,-2.453254323
2020/10/12,11544.13764,11876.26,3534.22,25.07,1925.5,93.0443,0,0.25,3.2161,1.7075,78.71510439,-2.922062452
2020/10/11,11376.43511,11777.48667,3515.19,25.04666667,1924.75,93.03316667,0,0.25,3.213,1.715,78.85362735,-3.390870581
2020/10/10,11294.99419,11678.71333,3496.16,25.02333333,1924,93.02203333,0,0.25,3.2099,1.7225,78.99215032,-3.85967871
2020/10/9,11066.19087,11579.94,3477.13,25,1923.25,93.0109,0,0.25,3.2106,1.73,79.13067329,-4.328486839
2020/10/8,10898.55184,11420.98,3446.83,26.36,1887.45,93.6012,0,0.25,3.203977778,1.72,79.26919626,-4.797294968
2020/10/7,10665.25226,11364.6,3419.45,28.06,1884.5,93.6403,0,0.25,3.197355556,1.71,79.40771923,-5.266103097
2020/10/6,10604.44685,11154.6,3360.95,29.48,1913.4,93.8352,0,0.25,3.190733333,1.66,79.54624219,-5.734911226
2020/10/5,10784.67082,11332.49,3408.63,27.96,1909.6,93.4594,0,0.25,3.184111111,1.68,79.68476516,-6.203719355
2020/10/4,10665.69855,11246.66667,3388.566667,27.85,1907.416667,93.57536667,0,0.25,3.177488889,1.666666667,79.82328813,-6.672527484
2020/10/3,10541.32189,11160.84333,3368.503333,27.74,1905.233333,93.69133333,0,0.25,3.170866667,1.653333333,79.9618111,-7.141335613
2020/10/2,10566.49438,11075.02,3348.44,27.63,1903.05,93.8073,0,0.25,3.164244444,1.64,80.10033406,-7.610143742
2020/10/1,10614.30333,11326.51,3380.8,26.7,1902,93.7081,0,0.25,3.157622222,1.63,80.23885703,-8.078951871
2020/9/30,10766.81409,11167.51,3363,26.37,1886.9,93.848,0,0.25,3.151,1.63,80.37738,-8.54776
2020/9/29,10839.96268,11085.25,3335.47,26.27,1883.95,93.8597,0,0.25,3.1397,1.64,79.88033563,-8.3053409
2020/9/28,10702.47283,11117.53,3351.6,26.19,1864.3,94.2656,0,0.25,3.1576,1.61,79.38329127,-8.0629218
2020/9/27,10766.52245,11049.54,3333.886667,26.25333333,1862.766667,94.37276667,0,0.25,3.1569,1.6,78.8862469,-7.8205027
2020/9/26,10739.74258,10981.55,3316.173333,26.31666667,1861.233333,94.47993333,0,0.25,3.1314,1.59,78.38920253,-7.5780836
2020/9/25,10683.39523,10913.56,3298.46,26.38,1859.7,94.5871,0,0.25,3.1059,1.58,77.89215817,-7.3356645
2020/9/24,10731.5324,10672.27,3246.59,28.51,1861.75,94.3552,0,0.25,3.1044,1.58,77.3951138,-7.0932454
2020/9/23,10231.05131,10632.99,3236.92,28.58,1873.4,94.3688,0,0.25,3.1088,1.6,76.89806943,-6.8508263
2020/9/22,10531.35154,10963.64,3315.57,26.86,1906,93.9739,0,0.25,3.1245,1.62,76.40102507,-6.6084072
2020/9/21,10427.87773,10778.8,3281.06,27.78,1909.35,93.5296,0,0.25,3.1345,1.62,75.9039807,-6.3659881
2020/9/20,10914.68741,10783.62667,3293.863333,27.13,1923.183333,93.35576667,0,0.25,3.136766667,1.636666667,75.40693633,-6.123569
2020/9/19,11076.85089,10788.45333,3306.666667,26.48,1937.016667,93.18193333,0,0.25,3.139033333,1.653333333,74.90989197,-5.8811499
2020/9/18,10916.97092,10793.28,3319.47,25.83,1950.85,93.0081,0,0.25,3.1413,1.67,74.4128476,-5.6387308
2020/9/17,10934.41967,10910.28,3357.01,26.46,1936.25,92.9098,0,0.25,3.1533,1.66,73.91580323,-5.3963117
2020/9/16,10946.92123,11050.47,3385.49,26.04,1961.8,93.1108,0,0.25,3.1196,1.68,73.41875887,-5.1538926
2020/9/15,10782.9998,11190.32,3401.2,25.59,1949.35,93.0933,0,0.25,3.1554,1.67,72.9217145,-4.9114735
2020/9/14,10665.11372,11056.65,3383.54,25.85,1958.7,93.0748,0,0.25,3.1846,1.65,72.42467013,-4.6690544
2020/9/13,10315.66641,10988.94667,3369.35,26.19,1954.933333,93.13356667,0,0.25,3.158466667,1.65,71.92762577,-4.4266353
2020/9/12,10438.37739,10921.24333,3355.16,26.53,1951.166667,93.19233333,0,0.25,3.132333333,1.65,71.4305814,-4.1842162
2020/9/11,10374.77815,10853.54,3340.97,26.87,1947.4,93.2511,0,0.25,3.1062,1.65,70.93353703,-3.9417971
2020/9/10,10334.63865,10919.59,3339.19,29.71,1966.25,93.3956,0,0.25,3.1005,1.69,70.43649267,-3.699378
2020/9/9,10214.15437,11141.56,3398.96,28.81,1947.2,93.2478,0,0.25,3.1238,1.71,69.9394483,-3.4569589
2020/9/8,10112.20637,10847.69,3331.84,31.46,1910.95,93.5006,0,0.25,3.1585,1.68,69.44240393,-3.2145398
2020/9/7,10356.44438,10964.05,3355.62,31.2825,1928.45,93.0623,0,0.25,3.1629,1.685,68.94535957,-2.9721207
2020/9/6,10257.22974,11080.41,3379.4,31.105,1927.733333,92.9818,0,0.25,3.148933333,1.69,68.4483152,-2.7297016
2020/9/5,10129.78665,11196.77,3403.18,30.9275,1927.016667,92.9013,0,0.25,3.134966667,1.695,67.95127083,-2.4872825
2020/9/4,10473.51945,11313.13,3426.96,30.75,1926.3,92.8208,0,0.25,3.121,1.7,67.45422647,-2.2448634
2020/9/3,10215.66996,11458.1,3455.06,33.6,1940.45,92.7687,0,0.25,3.1373,1.65,66.9571821,-2.0024443
2020/9/2,11399.14897,12056.44,3580.84,26.57,1947.05,92.6407,0,0.25,3.083,1.73,66.46013773,-1.7600252
2020/9/1,11921.75492,11939.67,3526.65,26.12,1972.35,92.3205,0,0.25,3.048,1.76,65.96309337,-1.5176061
2020/8/31,11655.9987,11775.46,3500.31,26.41,1968.6,92.1711,0,0.25,3.0818,1.8,65.466049,-1.275187
2020/8/30,11697.79437,11748.85,3502.876667,25.26,1964.85,92.2085,0,0.25,3.080833333,1.79,65.49854039,-1.028753613
2020/8/29,11485.10157,11722.24,3505.443333,24.11,1961.1,92.2459,0,0.25,3.079866667,1.78,65.53103177,-0.782320226
2020/8/28,11496.83022,11695.63,3508.01,22.96,1957.35,92.2833,0,0.25,3.0789,1.77,65.56352316,-0.535886839
2020/8/27,11311.2402,11625.34,3484.55,24.47,1923.85,93.0114,0,0.25,3.0722,1.73,65.59601455,-0.289453452
2020/8/26,11463.56797,11665.06,3478.73,23.27,1932.95,92.8985,0,0.25,3.035,1.72,65.62850594,-0.043020065
2020/8/25,11361.55482,11466.47,3443.62,22.03,1911.15,93.0093,0,0.25,3.0377,1.7,65.66099732,0.203413323
2020/8/24,11763.76171,11379.72,3431.28,22.37,1943.95,93.3056,0,0.25,3.0128,1.67,65.69348871,0.44984671
2020/8/23,11653.40729,11357.08,3419.906667,22.42666667,1937.416667,93.27246667,0,0.25,3.013,1.66,65.7259801,0.696280097
2020/8/22,11681.15793,11334.44,3408.533333,22.48333333,1930.883333,93.23933333,0,0.25,3.0132,1.65,65.75847148,0.942713484
2020/8/21,11530.91923,11311.8,3397.16,22.54,1924.35,93.2062,0,0.25,3.0134,1.64,65.79096287,1.189146871
2020/8/20,11866.59519,11264.95,3385.51,22.72,1927.15,92.7612,0,0.25,3.0127,1.62,65.82345426,1.435580258
2020/8/19,11732.40557,11146.46,3374.85,22.54,1981,93.0313,0,0.25,2.9975,1.67,65.85594565,1.682013645
2020/8/18,11961.9946,11210.84,3389.78,21.51,2008.75,92.3213,0,0.25,2.972,1.68,65.88843703,1.928447032
2020/8/17,12285.93663,11129.73,3381.99,21.35,1972.85,92.8361,0,0.25,2.9457,1.66,65.92092842,2.174880419
2020/8/16,11892.68092,11092.92,3378.943333,21.58333333,1963.483333,92.9239,0,0.25,2.9546,1.656666667,65.95341981,2.421313806
2020/8/15,11865.38305,11056.11,3375.896667,21.81666667,1954.116667,93.0117,0,0.25,2.9635,1.653333333,65.98591119,2.667747194
2020/8/14,11742.87637,11019.3,3372.85,22.05,1944.75,93.0995,0,0.25,2.9724,1.65,66.01840258,2.914180581
2020/8/13,11763.00914,11042.5,3373.43,22.13,1944.25,93.247,0,0.25,2.9864,1.67,66.05089397,3.160613968
2020/8/12,11576.81427,11012.24,3380.35,22.28,1931.9,93.4328,0,0.25,2.981,1.67,66.08338535,3.407047355
2020/8/11,11395.40582,10782.82,3333.69,24.03,1939.65,93.6583,0,0.25,2.9807,1.63,66.11587674,3.653480742
2020/8/10,11867.86649,10968.36,3360.47,22.13,2044.5,93.6157,0,0.25,3.0014,1.61,66.14836813,3.899914129
2020/8/9,11648.08317,10982.56667,3357.406667,22.15666667,2040.05,93.54823333,0,0.25,3.000966667,1.61,66.18085952,4.146347516
2020/8/8,11728.58523,10996.77333,3354.343333,22.18333333,2035.6,93.48076667,0,0.25,3.000533333,1.61,66.2133509,4.392780903
2020/8/7,11583.15927,11010.98,3351.28,22.21,2031.15,93.4133,0,0.25,3.0001,1.61,66.24584229,4.63921429
2020/8/6,11780.28537,11108.07,3349.16,22.65,2067.15,92.7899,0,0.25,2.9842,1.63,66.27833368,4.885647677
2020/8/5,11732.92795,10998.4,3327.77,22.99,2048.15,92.839,0,0.25,2.9427,1.61,66.31082506,5.132081065
2020/8/4,11194.55461,10941.17,3306.51,23.76,1977.9,93.2411,0,0.25,2.9736,1.57,66.34331645,5.378514452
2020/8/3,11246.25548,10902.8,3294.61,24.28,1958.55,93.5238,0,0.25,2.9884,1.58,66.37580784,5.624947839
2020/8/2,11073.60766,10850.29,3286.78,24.34,1960.666667,93.51056667,0,0.25,2.984533333,1.57,66.40829923,5.871381226
2020/8/1,11800.38987,10797.78,3278.95,24.4,1962.783333,93.49733333,0,0.25,2.980666667,1.56,66.44079061,6.117814613
2020/7/31,11334.58547,10745.27,3271.12,24.46,1964.9,93.4841,0,0.25,2.9768,1.55,66.473282,6.364248
2020/7/30,11109.23106,10587.81,3246.22,24.76,1957.65,92.9366,0,0.25,2.9597,1.52,66.62665545,5.232856806
2020/7/29,11073.29788,10542.94,3258.44,24.1,1950.9,93.2803,0,0.25,2.937,1.53,66.7800289,4.101465613
2020/7/28,10895.73396,10402.09,3218.44,25.44,1940.9,93.7655,0,0.25,2.9197,1.51,66.93340235,2.970074419
2020/7/27,10996.5366,10536.27,3239.41,24.74,1936.65,93.6508,0,0.25,2.8962,1.52,67.08677581,1.838683226
2020/7/26,9917.359474,10478.57333,3231.483333,25.10666667,1925.133333,93.88286667,0,0.25,2.901366667,1.516666667,67.24014926,0.707292032
2020/7/25,9686.120716,10420.87667,3223.556667,25.47333333,1913.616667,94.11493333,0,0.25,2.906533333,1.513333333,67.39352271,-0.424099161
2020/7/24,9545.046629,10363.18,3215.63,25.84,1902.1,94.347,0,0.25,2.9117,1.51,67.54689616,-1.555490355
2020/7/23,9592.963304,10461.42,3235.66,26.08,1878.3,94.7841,0,0.25,2.912,1.49,67.70026961,-2.686881548
2020/7/22,9518.901022,10706.13,3276.02,24.32,1852.4,94.9758,0,0.25,2.9414,1.48,67.85364306,-3.818272742
2020/7/21,9385.174346,10680.36,3257.3,24.84,1842.55,95.182,0,0.25,2.9169,1.48,68.00701652,-4.949663935
2020/7/20,9164.069789,10767.09,3251.84,24.46,1815.65,95.7972,0,0.25,2.9772,1.46,68.16038997,-6.081055129
2020/7/19,9207.816996,10679.12333,3242.803333,24.86666667,1812.883333,95.86946667,0,0.25,2.9677,1.46,68.31376342,-7.212446323
2020/7/18,9170.802681,10591.15667,3233.766667,25.27333333,1810.116667,95.94173333,0,0.25,2.9582,1.46,68.46713687,-8.343837516
2020/7/17,9155.773355,10503.19,3224.73,25.68,1807.35,96.014,0,0.25,2.9487,1.46,68.62051032,-9.47522871
2020/7/16,9137.239203,10473.83,3215.57,28,1807.7,96.3048,0,0.25,2.9584,1.41,68.77388377,-10.6066199
2020/7/15,9206.764838,10550.49,3226.56,27.76,1804.6,96.0418,0,0.25,3.0066,1.41,68.92725723,-11.7380111
2020/7/14,9254.204474,10488.58,3197.52,29.52,1801.9,96.2365,0,0.25,3.027,1.41,69.08063068,-12.86940229
2020/7/13,9247.107825,10390.84,3155.22,32.19,1807.5,96.5586,0,0.25,3.0589,1.42,69.23400413,-14.00079348
2020/7/12,9286.726085,10466.37333,3165.16,30.55666667,1806.033333,96.59636667,0,0.25,3.061033333,1.416666667,69.38737758,-15.13218468
2020/7/11,9231.3201,10541.90667,3175.1,28.92333333,1804.566667,96.63413333,0,0.25,3.063166667,1.413333333,69.54075103,-16.26357587
2020/7/10,9278.447734,10617.44,3185.04,27.29,1803.1,96.6719,0,0.25,3.0653,1.41,69.69412448,-17.39496706
2020/7/9,9240.366176,10547.75,3152.05,29.26,1812.1,96.8028,0,0.25,3.0905,1.39,69.84749794,-18.52635826
2020/7/8,9420.350155,10492.5,3169.94,28.08,1811.1,96.4959,0,0.25,3.0217,1.42,70.00087139,-19.65774945
2020/7/7,9252.35518,10343.89,3145.32,29.43,1789.55,96.9713,0,0.25,3.0425,1.43,70.15424484,-20.78914065
2020/7/6,9342.540316,10433.65,3179.72,27.94,1787.9,96.7759,0,0.25,2.9552,1.45,70.30761829,-21.92053184
2020/7/5,9072.772592,10377.145,3167.2925,27.875,1782.9,96.91213333,0,0.25,2.9319,1.44,70.46099174,-23.05192303
2020/7/4,9127.518467,10320.64,3154.865,27.81,1777.9,97.04836667,0,0.25,2.9086,1.43,70.61436519,-24.18331423
2020/7/3,9065.577985,10264.135,3142.4375,27.745,1772.9,97.1846,0,0.25,2.8853,1.42,70.76773865,-25.31470542
2020/7/2,9084.054479,10207.63,3130.01,27.68,1777.45,97.2151,0,0.25,2.858,1.41,70.9211121,-26.44609661
2020/7/1,9225.668161,10154.63,3115.86,28.62,1771.05,97.162,0,0.25,2.8415,1.37,71.07448555,-27.57748781
2020/6/30,9145.560607,10058.77,3100.29,30.43,1768.1,97.3841,0,0.25,2.9341,1.34,71.227859,-28.708879
2020/6/29,9180.159026,9874.15,3053.24,31.78,1771.6,97.4605,0,0.25,2.9247,1.34,71.13717093,-31.5372397
2020/6/28,9118.117533,9835.173333,3038.51,32.76333333,1763.6,97.47333333,0,0.25,2.9276,1.333333333,71.04648287,-34.3656004
2020/6/27,9014.224272,9796.196667,3023.78,33.74666667,1755.6,97.48616667,0,0.25,2.93585,1.326666667,70.9557948,-37.1939611
2020/6/26,9165.503578,9757.22,3009.05,34.73,1747.6,97.499,0,0.25,2.9441,1.32,70.86510673,-40.0223218
2020/6/25,9254.748296,10017,3083.76,32.22,1756.55,97.3943,0,0.25,2.95235,1.33,70.77441867,-42.8506825
2020/6/24,9289.303605,9909.17,3050.33,33.84,1766.05,97.2286,0,0.25,2.9606,1.33,70.6837306,-45.6790432
2020/6/23,9614.943606,10131.37,3131.29,31.37,1768.9,96.6879,0,0.25,2.9834,1.38,70.59304253,-48.5074039
2020/6/22,9685.845287,10056.47,3117.86,31.77,1761.85,97.0517,0,0.25,2.9334,1.34,70.50235447,-51.3357646
2020/6/21,9289.8938,10019.68667,3111.153333,32.88666667,1752.816667,97.26253333,0,0.25,2.931733333,1.326666667,70.4116664,-54.1641253
2020/6/20,9348.977142,9982.903333,3104.446667,34.00333333,1743.783333,97.47336667,0,0.25,2.930066667,1.313333333,70.32097833,-56.992486
2020/6/19,9305.901805,9946.12,3097.74,35.12,1734.75,97.6842,0,0.25,2.9284,1.3,70.23029027,-59.8208467
2020/6/18,9401.552893,9943.05,3115.34,32.94,1719.5,97.4554,0,0.25,2.9133,1.28,70.1396022,-62.6492074
2020/6/17,9463.405493,9910.53,3113.49,33.47,1724.35,97.0671,0,0.25,2.9022,1.26,70.04891413,-65.4775681
2020/6/16,9520.484681,9895.87,3124.74,33.67,1719.85,97.003,0,0.25,2.8801,1.27,69.95822607,-68.3059288
2020/6/15,9421.65218,9726.02,3066.59,34.4,1710.45,96.662,0,0.25,2.7991,1.23,69.867538,-71.1342895
2020/6/14,9352.845602,9680.283333,3058.163333,34.96333333,1718.133333,96.8084,0,0.25,2.7961,1.223333333,69.77684993,-73.9626502
2020/6/13,9463.820529,9634.546667,3049.736667,35.52666667,1725.816667,96.9548,0,0.25,2.7931,1.216666667,69.68616187,-76.7910109
2020/6/12,9460.375485,9588.81,3041.31,36.09,1733.5,97.1012,0,0.25,2.7901,1.21,69.5954738,-79.6193716
2020/6/11,9314.37816,9492.73,3002.1,40.79,1738.25,96.762,0,0.25,2.8645,1.21,69.50478573,-82.4477323
2020/6/10,9864.561413,10020.35,3190.14,27.57,1722.05,96.0923,0,0.25,2.8734,1.27,69.41409767,-85.276093
2020/6/9,9769.869088,9953.75,3207.18,27.57,1713.5,96.3851,0,0.25,2.86,1.26,69.3234096,-88.1044537
2020/6/8,9773.301577,9924.75,3232.39,25.81,1690.35,96.6976,0,0.25,2.9056,1.28,69.23272153,-90.9328144
2020/6/7,9742.573822,9887.86,3219.57,25.38,1688.05,96.77696667,0,0.25,2.905733333,1.276666667,69.14203347,-93.7611751
2020/6/6,9662.323105,9850.97,3206.75,24.95,1685.75,96.85633333,0,0.25,2.905866667,1.273333333,69.0513454,-96.5895358
2020/6/5,9641.917175,9814.08,3193.93,24.52,1683.45,96.9357,0,0.25,2.906,1.27,68.96065733,-99.4178965
2020/6/4,9803.990306,9615.81,3112.35,25.81,1700.05,96.763,0,0.25,2.8439,1.22,68.86996927,-102.2462572
2020/6/3,9652.629014,9682.91,3122.87,25.66,1705.35,97.3181,0,0.25,2.8972,1.21,68.7792812,-105.0746179
2020/6/2,9538.727853,9608.38,3080.82,26.84,1742.15,97.6722,0,0.25,2.8145,1.18,68.68859313,-107.9029786
2020/6/1,10177.77035,9552.05,3055.73,28.23,1730.6,97.8111,0,0.25,2.7741,1.18,68.59790507,-110.7313393
2020/5/31,9449.860914,9531.323333,3051.923333,27.99,1729.966667,97.96166667,0,0.25,2.757766667,1.17,68.507217,-113.5597
2020/5/30,9693.552427,9510.596667,3048.116667,27.75,1729.333333,98.11223333,0,0.25,2.741433333,1.16,68.53406165,-112.5811601
2020/5/29,9418.13384,9489.87,3044.31,27.51,1728.7,98.2628,0,0.25,2.7251,1.15,68.56090629,-111.6026202
2020/5/28,9536.159369,9368.99,3029.73,28.59,1717.35,98.4743,0,0.25,2.7475,1.18,68.58775094,-110.6240803
2020/5/27,9165.144674,9412.36,3036.13,27.62,1694.6,98.959,0,0.25,2.7584,1.14,68.61459558,-109.6455404
2020/5/26,8850.3542,9340.22,2991.77,28.01,1720.25,98.9978,0,0.25,2.7403,1.13,68.64144023,-108.6670005
2020/5/25,8897.213209,9336.3125,2982.69,28.0475,1723.575,99.791,0,0.25,2.6658,1.1275,68.66828487,-107.6884606
2020/5/24,8791.793685,9332.405,2973.61,28.085,1726.9,99.78713333,0,0.25,2.670466667,1.125,68.69512952,-106.7099207
2020/5/23,9180.527997,9328.4975,2964.53,28.1225,1730.225,99.78326667,0,0.25,2.675133333,1.1225,68.72197416,-105.7313808
2020/5/22,9160.70542,9324.59,2955.45,28.16,1733.55,99.7794,0,0.25,2.6798,1.12,68.74881881,-104.7528409
2020/5/21,9073.693079,9284.88,2948.51,29.53,1724.9,99.4148,0,0.25,2.7062,1.14,68.77566345,-103.774301
2020/5/20,9524.434064,9375.78,2971.61,27.99,1748.3,99.1809,0,0.25,2.7475,1.16,68.8025081,-102.7957611
2020/5/19,9761.178765,9185.1,2922.94,30.53,1737.95,99.5668,0,0.25,2.7566,1.15,68.82935274,-101.8172212
2020/5/18,9733.739137,9234.83,2953.91,29.3,1734.7,99.6347,0,0.25,2.7208,1.17,68.85619739,-100.8386813
2020/5/17,9667.578397,9161.406667,2923.84,30.16333333,1734.916667,99.88226667,0,0.25,2.717566667,1.143333333,68.88304203,-99.86014135
2020/5/16,9380.484219,9087.983333,2893.77,31.02666667,1735.133333,100.1298333,0,0.25,2.714333333,1.116666667,68.90988668,-98.88160145
2020/5/15,9293.972171,9014.56,2863.7,31.89,1735.35,100.3774,0,0.25,2.7111,1.09,68.93673132,-97.90306155
2020/5/14,9772.561576,8943.72,2852.5,32.61,1731.6,100.2835,0,0.25,2.7384,1.06,68.96357597,-96.92452165
2020/5/13,9302.896541,8863.17,2820,35.28,1708.4,100.2228,0,0.25,2.6799,1.07,68.99042061,-95.94598174
2020/5/12,8792.063768,9002.55,2870.12,33.04,1702.4,100.0071,0,0.25,2.6834,1.09,69.01726526,-94.96744184
2020/5/11,8593.856494,9192.34,2930.32,27.57,1702.75,100.2242,0,0.25,2.6679,1.13,69.0441099,-93.98890194
2020/5/10,8745.152545,9168.666667,2930.146667,27.70666667,1703.075,100.0674333,0,0.25,2.6578,1.126666667,69.07095455,-93.01036203
2020/5/9,9570.005988,9144.993333,2929.973333,27.84333333,1703.4,99.91066667,0,0.25,2.6477,1.123333333,69.09779919,-92.03182213
2020/5/8,9822.885629,9121.32,2929.8,27.98,1703.725,99.7539,0,0.25,2.6298,1.12,69.12464384,-91.05328223
2020/5/7,9968.105282,8979.66,2881.19,31.44,1704.05,99.8327,0,0.25,2.6062,1.08,69.15148848,-90.07474232
2020/5/6,9198.252701,8854.39,2848.42,34.12,1691.5,100.1789,0,0.25,2.5625,1.1,69.17833313,-89.09620242
2020/5/5,8967.997704,8809.12,2868.44,33.61,1699.55,99.8401,0,0.25,2.569083333,1.1,69.20517777,-88.11766252
2020/5/4,8883.306781,8710.72,2842.74,35.97,1709.1,99.498,0,0.25,2.575666667,1.07,69.23202242,-87.13912261
2020/5/3,8894.362675,8675.463333,2838.73,36.37666667,1701.483333,99.34986667,0,0.25,2.58225,1.066666667,69.25886706,-86.16058271
2020/5/2,8974.922892,8640.206667,2834.72,36.78333333,1693.866667,99.20173333,0,0.25,2.588833333,1.063333333,69.28571171,-85.18204281
2020/5/1,8832.981251,8604.95,2830.71,37.19,1686.25,99.0536,0,0.25,2.595416667,1.06,69.31255635,-84.2035029
2020/4/30,8607.329832,8889.55,2912.43,34.15,1702.75,99.0167,0,0.25,2.602,1.07,69.339401,-83.224963
2020/4/29,8759.78919,8914.71,2939.51,31.23,1703.35,99.5183,0,0.25,2.5992,1.14,69.74608867,-83.5893379
2020/4/28,7754.222426,8607.73,2863.39,33.57,1691.55,99.9769,0,0.25,2.6162,1.14,70.15277633,-83.9537128
2020/4/27,7766.689761,8730.16,2878.48,33.29,1714.95,100.0465,0,0.25,2.6195,1.17,70.559464,-84.3180877
2020/4/26,7665.828318,8698.28,2864.566667,34.17,1715.266667,100.1121,0,0.25,2.583,1.15,70.96615167,-84.6824626
2020/4/25,7535.263897,8666.4,2850.653333,35.05,1715.583333,100.1777,0,0.25,2.5916,1.13,71.37283933,-85.0468375
2020/4/24,7497.353393,8634.52,2836.74,35.93,1715.9,100.2433,0,0.25,2.6002,1.11,71.779527,-85.4112124
2020/4/23,7464.891127,8494.75,2797.8,41.38,1736.25,100.5039,0,0.25,2.6577,1.05,72.18621467,-85.7755873
2020/4/22,7106.551177,8495.38,2799.31,41.98,1710.55,100.3417,0,0.25,2.6773,1.06,72.59290233,-86.1399622
2020/4/21,6851.005362,8263.23,2736.56,45.41,1682.05,100.2257,0,0.25,2.7051,0.96,72.99959,-86.5043371
2020/4/20,6856.785953,8560.73,2823.16,43.83,1686.2,99.9676,0,0.25,2.6741,0.94,73.40627767,-86.868712
2020/4/19,7133.148679,8590.533333,2840.293333,41.93666667,1688.316667,99.8843,0,0.25,2.664466667,0.963333333,73.81296533,-87.2330869
2020/4/18,7233.157423,8620.336667,2857.426667,40.04333333,1690.433333,99.801,0,0.25,2.654833333,0.986666667,74.219653,-87.5974618
2020/4/17,7034.540358,8650.14,2874.56,38.15,1692.55,99.7177,0,0.25,2.6452,1.01,74.62634067,-87.9618367
2020/4/16,7088.799492,8532.36,2799.55,40.11,1729.5,100.072,0,0.25,2.6416,1.03,75.03302833,-88.3262116
2020/4/15,6637.791816,8393.18,2783.36,40.84,1718.65,99.5956,0,0.25,2.6641,1.19,75.439716,-88.6905865
2020/4/14,6856.179094,8515.74,2846.06,37.76,1741.9,98.8832,0,0.25,2.6667,1.29,75.84640367,-89.0549614
2020/4/13,6837.42254,8192.43,2761.63,41.17,1729.65,99.4842,0,0.25,2.6792,1.26,76.25309133,-89.4193363
2020/4/12,6977.230636,8182.7175,2768.6775,41.295,1717.4,99.49543333,0,0.25,2.665733333,1.2525,76.659779,-89.7837112
2020/4/11,6869.586552,8173.005,2775.725,41.42,1705.15,99.50666667,0,0.25,2.652266667,1.245,77.06646667,-90.1480861
2020/4/10,6859.833737,8163.2925,2782.7725,41.545,1692.9,99.5179,0,0.25,2.6388,1.2375,77.47315433,-90.512461
2020/4/9,7293.58436,8153.58,2789.82,41.67,1680.65,99.5416,0,0.25,2.5982,1.23,77.879842,-90.8768359
2020/4/8,7352.328771,8090.9,2749.98,43.35,1647.8,99.9657,0,0.25,2.6355,1.19,78.28652967,-91.2412108
2020/4/7,7198.770192,7887.26,2659.41,46.7,1649.25,99.9657,0,0.25,2.6256,1.17,78.69321733,-91.6055857
2020/4/6,7279.161792,7913.24,2663.68,45.24,1648.3,100.7991,0,0.25,2.64835,1.14,79.099905,-91.9699606
2020/4/5,6789.732165,7733.186667,2605.336667,45.76,1636.566667,100.7429,0,0.25,2.6711,1.12,79.50659267,-92.3343355
2020/4/4,6847.730055,7553.133333,2546.993333,46.28,1624.833333,100.6867,0,0.25,2.69385,1.1,79.91328033,-92.6987104
2020/4/3,6733.747735,7373.08,2488.65,46.8,1613.1,100.6305,0,0.25,2.7166,1.08,80.319968,-93.0630853
2020/4/2,6807.465142,7487.31,2526.9,50.91,1616.8,100.1006,0,0.25,2.6874,1.03,80.72665567,-93.4274602
2020/4/1,6598.287015,7360.58,2470.5,57.06,1576.55,98.9506,0,0.25,2.6729,0.91,81.13334333,-93.7918351
2020/3/31,6431.262413,7700.1,2584.59,53.54,1608.95,98.9636,0,0.25,2.6124,0.87,81.540031,-94.15621
2020/3/30,6424.078447,7774.15,2626.65,57.08,1618.3,99.0275,0,0.25,2.6346,0.95,81.35988674,-95.03172355
2020/3/29,5917.297073,7683.56,2598.256667,59.9,1617.966667,98.79123333,0,0.25,2.6286,0.946666667,81.17974248,-95.9072371
2020/3/28,6239.838832,7592.97,2569.863333,62.72,1617.633333,98.55496667,0,0.25,2.6226,0.943333333,80.99959823,-96.78275065
2020/3/27,6377.749564,7502.38,2541.47,65.54,1617.3,98.3187,0,0.25,2.6166,0.94,80.81945397,-97.65826419
2020/3/26,6736.291779,7797.54,2630.07,61,1634.8,99.413,0,0.25,2.6117,1.07,80.63930971,-98.53377774
2020/3/25,6681.336594,7384.3,2475.56,63.95,1605.45,100.9413,0,0.25,2.6567,1.07,80.45916545,-99.40929129
2020/3/24,6736.044984,7417.86,2447.33,61.67,1605.75,101.7874,0,0.25,2.6292,0.97,80.27902119,-100.2848048
2020/3/23,6467.459038,6860.67,2237.4,61.59,1525.4,102.4528,0,0.25,2.6685,0.8,80.09887694,-101.1603184
2020/3/22,5843.158786,6866.953333,2259.906667,63.07333333,1515.066667,102.4309,0,0.25,2.685233333,0.783333333,79.91873268,-102.0358319
2020/3/21,6149.798351,6873.236667,2282.413333,64.55666667,1504.733333,102.409,0,0.25,2.701966667,0.766666667,79.73858842,-102.9113455
2020/3/20,6192.309975,6879.52,2304.92,66.04,1494.4,102.3871,0,0.25,2.7187,0.75,79.55844416,-103.786859
2020/3/19,6160.004718,7150.58,2409.39,72,1474.25,102.6881,0,0.25,2.7231,0.5,79.3782999,-104.6623726
2020/3/18,5365.581534,6989.84,2398.1,76.45,1498.2,100.8817,0,0.25,2.7218,0.63,79.19815565,-105.5378861
2020/3/17,5362.320407,7334.78,2529.19,75.91,1536.2,99.5935,0,0.25,2.6961,0.63,79.01801139,-106.4133997
2020/3/16,5022.578106,6904.59,2386.13,82.69,1487.7,97.9874,0,0.25,2.6622,0.73,78.83786713,-107.2889132
2020/3/15,5381.745247,7228.02,2494.426667,74.40333333,1512.733333,98.15453333,0,1.25,2.6657,0.786666667,78.65772287,-108.1644268
2020/3/14,5212.979298,7551.45,2602.723333,66.11666667,1537.766667,98.32166667,0,1.25,2.6692,0.843333333,78.47757861,-109.0399403
2020/3/13,5518.647281,7874.88,2711.02,57.83,1562.8,98.4888,0,1.25,2.6727,0.9,78.29743435,-109.9154539
2020/3/12,4724.392684,7201.8,2480.64,75.47,1570.7,97.445,0,1.25,2.6143,0.92,78.1172901,-110.7909674
2020/3/11,7931.347543,7952.05,2741.38,53.9,1653.75,96.5755,0,1.25,2.6319,0.96,77.93714584,-111.666481
2020/3/10,7900.821326,8344.25,2882.23,47.3,1655.7,96.5565,0,1.25,2.5818,1,77.75700158,-112.5419945
2020/3/9,7915.672115,7950.68,2746.56,54.46,1672.5,95.0586,0,1.25,2.5349,0.99,77.57685732,-113.4175081
2020/3/8,8042.736084,8158.993333,2821.83,50.28666667,1676.216667,95.41,0,1.25,2.571633333,1.096666667,77.39671306,-114.2930216
2020/3/7,8898.942078,8367.306667,2897.1,46.11333333,1679.933333,95.7614,0,1.25,2.608366667,1.203333333,77.21656881,-115.1685352
2020/3/6,9129.266628,8575.62,2972.37,41.94,1683.65,96.1128,0,1.25,2.6451,1.31,77.03642455,-116.0440487
2020/3/5,9051.139212,8738.6,3023.94,39.62,1659.6,96.573,0,1.25,2.6946,1.4,76.85628029,-116.9195623
2020/3/4,8749.500222,9018.09,3130.12,31.99,1641.85,97.3672,0,1.25,2.6955,1.46,76.67613603,-117.7950758
2020/3/3,8772.476037,8684.09,3003.37,36.82,1615.5,97.1821,0,1.25,2.7668,1.45,76.49599177,-118.6705894
2020/3/2,8900.06855,8952.17,3090.23,33.42,1599.65,97.5708,0,1.75,2.7242,1.41,76.31584752,-119.5461029
2020/3/1,8557.504358,8823.903333,3044.893333,35.65,1603.05,97.7582,0,1.75,2.754833333,1.41,76.13570326,-120.4216165
2020/2/29,8569.467785,8695.636667,2999.556667,37.88,1606.45,97.9456,0,1.75,2.785466667,1.41,75.955559,-121.29713
2020/2/28,8731.610771,8567.37,2954.22,40.11,1609.85,98.133,0,1.75,2.8161,1.41,78.10953779,-119.8560582
2020/2/27,8775.595016,8566.48,2978.76,39.16,1652,98.411,0,1.75,2.8589,1.53,80.26351659,-118.4149864
2020/2/26,8829.543593,8980.77,3116.39,27.56,1634.9,99.1594,0,1.75,2.8782,1.54,82.41749538,-116.9739146
2020/2/25,9358.38862,8965.61,3128.21,27.85,1650.3,98.9751,0,1.75,2.8753,1.53,84.57147417,-115.5328428
2020/2/24,9664.370232,9221.28,3225.89,25.03,1671.65,99.2897,0,1.75,2.8912,1.59,86.72545297,-114.091771
2020/2/23,9923.65932,9339.716667,3263.176667,22.38,1662.2,99.30933333,0,1.75,2.9018,1.596666667,88.87943176,-112.6506992
2020/2/22,9667.521623,9458.153333,3300.463333,19.73,1652.75,99.32896667,0,1.75,2.9124,1.603333333,91.03341055,-111.2096274
2020/2/21,9683.453206,9576.59,3337.75,17.08,1643.3,99.3486,0,1.75,2.923,1.61,93.18738934,-109.7685557
2020/2/20,9612.392632,9750.97,3373.23,15.56,1619,99.8889,0,1.75,2.9404,1.63,95.34136814,-108.3274839
2020/2/19,9621.766806,9817.18,3386.15,14.38,1604.2,99.6263,0,1.75,2.9271,1.65,97.49534693,-106.8864121
2020/2/18,10144.8965,9732.74,3370.29,14.83,1589.85,99.4665,0,1.75,2.9322,1.65,99.64932572,-105.4453403
2020/2/17,9711.996028,9732.35,3372.7575,14.5425,1580.8,99.1572,0,1.75,2.923,1.6525,101.8033045,-104.0042685
2020/2/16,9969.23568,9731.96,3375.225,14.255,1581,99.15773333,0,1.75,2.9115,1.655,103.9572833,-102.5631967
2020/2/15,9903.077897,9731.57,3377.6925,13.9675,1581.2,99.15826667,0,1.75,2.9,1.6575,106.1112621,-101.1221249
2020/2/14,10327.51233,9731.18,3380.16,13.68,1581.4,99.1588,0,1.75,2.8885,1.66,108.2652409,-99.6810531
2020/2/13,10225.41526,9711.97,3373.94,14.15,1575.05,99.1056,0,1.75,2.8977,1.67,110.4192197,-98.23998131
2020/2/12,10327.55459,9725.96,3379.45,13.74,1563.7,99.0023,0,1.75,2.902,1.66,112.5731985,-96.79890952
2020/2/11,10229.7009,9638.94,3357.75,15.18,1570.5,98.7724,0,1.75,2.8398,1.65,114.7271773,-95.35783772
2020/2/10,9869.436912,9628.39,3352.09,15.04,1573.2,98.8607,0,1.75,2.8552,1.66,116.8811561,-93.91676593
2020/2/9,10128.75028,9592.43,3343.963333,15.18333333,1573.016667,98.80993333,0,1.75,2.869033333,1.66,119.0351349,-92.47569414
2020/2/8,9899.911944,9556.47,3335.836667,15.32666667,1572.833333,98.75916667,0,1.75,2.882866667,1.66,121.1891137,-91.03462234
2020/2/7,9820.295542,9520.51,3327.71,15.47,1572.65,98.7084,0,1.75,2.8967,1.66,123.3430924,-89.59355055
2020/2/6,9754.078412,9572.15,3345.78,14.96,1563.3,98.4534,0,1.75,2.9011,1.67,125.4970712,-88.15247876
2020/2/5,9602.309743,9508.68,3334.69,15.15,1553.3,98.26,0,1.75,2.9164,1.66,127.65105,-86.71140697
2020/2/4,9187.070016,9467.97,3297.59,16.05,1558.35,97.9518,0,1.75,2.8917,1.64,129.8050288,-85.27033517
2020/2/3,9302.362658,9273.4,3248.92,17.97,1574.75,97.8201,0,1.75,2.8917,1.63,131.9590076,-83.82926338
2020/2/2,9339.574889,9232.58,3241.12,18.26,1577.9,97.6672,0,1.75,2.904872727,1.636666667,134.1129864,-82.38819159
2020/2/1,9386.105652,9191.76,3233.32,18.55,1581.05,97.5143,0,1.75,2.918045455,1.643333333,136.2669652,-80.94711979
2020/1/31,9336.132885,9150.94,3225.52,18.84,1584.2,97.3614,0,1.75,2.931218182,1.65,138.420944,-79.506048
2020/1/30,9503.268,9298.93,3283.66,15.49,1578.25,97.8687,0,1.75,2.944390909,1.64,136.3518778,-77.31797861
2020/1/29,9304.918064,9275.16,3273.4,16.39,1573.45,98.0406,0,1.75,2.957563636,1.64,134.2828116,-75.12990923
2020/1/28,9334.836393,9269.68,3276.24,16.28,1574,97.9614,0,1.75,2.970736364,1.65,132.2137454,-72.94183984
2020/1/27,8895.603628,9139.31,3243.63,18.23,1580.1,97.9412,0,1.75,2.983909091,1.63,130.1446792,-70.75377045
2020/1/26,8591.002876,9197.843333,3260.91,17.00666667,1574.833333,97.92333333,0,1.75,2.997081818,1.646666667,128.075613,-68.56570106
2020/1/25,8366.208771,9256.376667,3278.19,15.78333333,1569.566667,97.90546667,0,1.75,3.010254545,1.663333333,126.0065468,-66.37763168
2020/1/24,8440.287026,9314.91,3295.47,14.56,1564.3,97.8876,0,1.75,3.023427273,1.68,123.9374806,-64.18956229
2020/1/23,8391.607957,9402.48,3325.54,12.98,1562.9,97.6778,0,1.75,3.0366,1.7,121.8684145,-62.0014929
2020/1/22,8672.801079,9383.77,3321.75,12.91,1556.9,97.5046,0,1.75,3.0693,1.72,119.7993483,-59.81342352
2020/1/21,8747.38185,9370.81,3320.79,12.85,1551.3,97.6114,0,1.75,3.0959,1.74,117.7302821,-57.62535413
2020/1/20,8639.19622,9375.3425,3322.9975,12.6625,1560.15,97.6011,0,1.75,3.1385,1.7425,115.6612159,-55.43728474
2020/1/19,8697.342225,9379.875,3325.205,12.475,1559.3,97.61416667,0,1.75,3.1387,1.745,113.5921497,-53.24921535
2020/1/18,8929.544857,9384.4075,3327.4125,12.2875,1558.45,97.62723333,0,1.75,3.1407,1.7475,111.5230835,-51.06114597
2020/1/17,8921.648281,9388.94,3329.62,12.1,1557.6,97.6403,0,1.75,3.1427,1.75,109.4540173,-48.87307658
2020/1/16,8722.037088,9357.13,3316.81,12.32,1554.55,97.3102,0,1.75,3.1503,1.74,107.3849511,-46.68500719
2020/1/15,8807.632434,9258.7,3289.29,12.42,1549,97.2236,0,1.75,3.1519,1.75,105.3158849,-44.49693781
2020/1/14,8838.564862,9251.33,3283.15,12.39,1545.1,97.3956,0,1.75,3.1559,1.77,103.2468187,-42.30886842
2020/1/13,8116.96951,9273.93,3288.13,12.32,1549.9,97.3856,0,1.75,3.1446,1.77,101.1777525,-40.12079903
2020/1/12,8164.590608,9242.24,3280.536667,12.4,1551.133333,97.38213333,0,1.75,3.1449,1.766666667,99.10868632,-37.93272965
2020/1/11,8024.791559,9210.55,3272.943333,12.48,1552.366667,97.37866667,0,1.75,3.1452,1.763333333,97.03962013,-35.74466026
2020/1/10,8160.413567,9178.86,3265.35,12.56,1553.6,97.3752,0,1.75,3.1455,1.76,94.97055394,-33.55659087
2020/1/9,7829.06324,9203.43,3274.7,12.54,1550.75,97.4349,0,1.75,3.1871,1.74,92.90148774,-31.36852148
2020/1/8,8055.759827,9129.24,3253.05,13.45,1571.95,97.3401,0,1.75,3.1933,1.75,90.83242155,-29.1804521
2020/1/7,8155.216395,9068.58,3237.18,13.79,1567.85,96.9601,0,1.75,3.1872,1.74,88.76335535,-26.99238271
2020/1/6,7764.21795,9071.47,3246.28,13.85,1573.1,96.6302,0,1.75,3.1869,1.75,86.69428916,-24.80431332
2020/1/5,7352.362745,9054.57,3242.47,13.90666667,1564.983333,96.71583333,0,1.75,3.191466667,1.756666667,84.62522297,-22.61624394
2020/1/4,7358.491964,9037.67,3238.66,13.96333333,1556.866667,96.80146667,0,1.75,3.196033333,1.763333333,82.55615677,-20.42817455
2020/1/3,7317.184074,9020.77,3234.85,14.02,1548.75,96.8871,0,1.75,3.2006,1.77,80.48709058,-18.24010516
2020/1/2,6968.274896,9092.19,3257.85,12.47,1527.1,96.8077,0,1.75,3.1956,1.8,78.41802439,-16.05203577
2020/1/1,7213.918462,9032.395,3244.315,13.125,1525.05,96.5195,0,1.75,3.18395,1.785,76.34895819,-13.86396639
2019/12/31,7202.624251,8972.6,3230.78,13.78,1523,96.4481,0,1.75,3.1723,1.77,74.279892,-11.675897
2019/12/30,7245.988923,8945.99,3221.29,14.82,1514.75,96.7771,0,1.75,3.1846,1.75,74.24113368,-11.58435206
2019/12/29,7386.37606,8966.2,3227.533333,14.35666667,1513.666667,96.85196667,0,1.75,3.181933333,1.743333333,74.20237535,-11.49280713
2019/12/28,7312.04457,8986.41,3233.776667,13.89333333,1512.583333,96.92683333,0,1.75,3.179266667,1.736666667,74.16361703,-11.40126219
2019/12/27,7246.422425,9006.62,3240.02,13.43,1511.5,97.0017,0,1.75,3.1766,1.73,74.12485871,-11.30971726
2019/12/26,7211.341194,9022.39,3239.91,12.65,1504.616667,97.5936,0,1.75,3.1701,1.74,74.08610039,-11.21817232
2019/12/25,7205.380688,8987.635,3231.645,12.66,1497.733333,97.6557,0,1.75,3.1947,1.745,74.04734206,-11.12662739
2019/12/24,7240.620333,8952.88,3223.38,12.67,1490.85,97.6764,0,1.75,3.1856,1.75,74.00858374,-11.03508245
2019/12/23,7329.609334,8945.65,3224.01,12.61,1482.1,97.6722,0,1.75,3.2109,1.75,73.96982542,-10.94353752
2019/12/22,7482.961456,8938.753333,3223.08,12.57666667,1481.066667,97.67816667,0,1.75,3.221066667,1.756666667,73.9310671,-10.85199258
2019/12/21,7138.888884,8931.856667,3222.15,12.54333333,1480.033333,97.68413333,0,1.75,3.231233333,1.763333333,73.89230877,-10.76044765
2019/12/20,7185.155244,8924.96,3221.22,12.51,1479,97.6901,0,1.75,3.2414,1.77,73.85355045,-10.66890271
2019/12/19,7150.376098,8887.22,3205.37,12.5,1476.7,97.4091,0,1.75,3.2516,1.77,73.81479213,-10.57735777
2019/12/18,7275.754884,8827.73,3191.14,12.58,1474.05,97.4222,0,1.75,3.2502,1.76,73.77603381,-10.48581284
2019/12/17,6624.129258,8823.36,3192.52,12.29,1475.8,97.183,0,1.75,3.2349,1.75,73.73727548,-10.3942679
2019/12/16,6902.888388,8814.23,3191.45,12.14,1477.9,97.0547,0,1.75,3.2212,1.73,73.69851716,-10.30272297
2019/12/15,7120.922418,8787.78,3183.9,12.30333333,1474.133333,97.09783333,0,1.75,3.220466667,1.72,73.65975884,-10.21117803
2019/12/14,7078.955219,8761.33,3176.35,12.46666667,1470.366667,97.14096667,0,1.75,3.219733333,1.71,73.62100052,-10.1196331
2019/12/13,7255.126877,8734.88,3168.8,12.63,1466.6,97.1841,0,1.75,3.219,1.7,73.58224219,-10.02808816
2019/12/12,7202.460793,8717.32,3168.57,13.94,1467.8,97.2845,0,1.75,3.212,1.72,73.54348387,-9.936543226
2019/12/11,7199.716155,8654.05,3141.63,14.99,1466.8,97.1558,0,1.75,3.2207,1.69,73.50472555,-9.84499829
2019/12/10,7233.814525,8616.18,3132.52,15.68,1464.95,97.4825,0,1.75,3.2237,1.71,73.46596723,-9.753453355
2019/12/9,7350.418118,8621.83,3135.96,15.86,1461.7,97.655,0,1.75,3.2295,1.69,73.4272089,-9.661908419
2019/12/8,7516.676668,8633.396667,3139.276667,15.11333333,1461.016667,97.66553333,0,1.75,3.2267,1.69,73.38845058,-9.570363484
2019/12/7,7496.125958,8644.963333,3142.593333,14.36666667,1460.333333,97.67606667,0,1.75,3.2239,1.69,73.34969226,-9.478818548
2019/12/6,7532.610987,8656.53,3145.91,13.62,1459.65,97.6866,0,1.75,3.2211,1.69,73.31093394,-9.387273613
2019/12/5,7386.510063,8570.7,3117.43,14.52,1475.95,97.3884,0,1.75,3.2147,1.67,73.27217561,-9.295728677
2019/12/4,7216.456163,8566.67,3112.76,14.8,1475.1,97.6196,0,1.75,3.2086,1.66,73.23341729,-9.204183742
2019/12/3,7300.208311,8520.64,3093.2,15.96,1477.3,97.7453,0,1.75,3.2313,1.63,73.19465897,-9.112638806
2019/12/2,7315.108657,8567.99,3113.87,14.91,1461.15,97.8652,0,1.75,3.2206,1.65,73.15590065,-9.021093871
2019/12/1,7417.184162,8600.483333,3122.906667,14.14666667,1460.816667,98.0036,0,1.75,3.214,1.636666667,73.11714232,-8.929548935
2019/11/30,7548.613483,8632.976667,3131.943333,13.38333333,1460.483333,98.142,0,1.75,3.2074,1.623333333,73.078384,-8.838004
2019/11/29,7740.415549,8665.47,3140.98,12.62,1460.15,98.2804,0,1.75,3.2008,1.61,73.90366223,-7.993626433
2019/11/28,7442.795358,8685.325,3147.305,12.185,1454.65,98.3369,0,1.75,3.2005,1.62,74.72894047,-7.149248867
2019/11/27,7502.033156,8705.18,3153.63,11.75,1454.35,98.3855,0,1.75,3.2003,1.63,75.5542187,-6.3048713
2019/11/26,7169.264738,8647.93,3140.52,11.54,1454.65,98.2573,0,1.75,3.2219,1.62,76.37949693,-5.460493733
2019/11/25,7133.946458,8632.49,3133.64,11.87,1458.4,98.2882,0,1.75,3.2128,1.62,77.20477517,-4.616116167
2019/11/24,6932.313157,8594.956667,3125.856667,12.02666667,1460.416667,98.2867,0,1.75,3.207433333,1.62,78.0300534,-3.7717386
2019/11/23,7316.797515,8557.423333,3118.073333,12.18333333,1462.433333,98.2852,0,1.75,3.202066667,1.62,78.85533163,-2.927361033
2019/11/22,7290.351828,8519.89,3110.29,12.34,1464.45,98.2837,0,1.75,3.1967,1.62,79.68060987,-2.082983467
2019/11/21,7631.016803,8506.21,3103.54,13.13,1467.05,97.9869,0,1.75,3.1879,1.63,80.5058881,-1.2386059
2019/11/20,8097.187492,8526.73,3108.46,12.78,1471.7,97.9062,0,1.75,3.1925,1.6,81.33116633,-0.394228333
2019/11/19,8134.76958,8570.66,3120.18,12.86,1468.45,97.8413,0,1.75,3.2028,1.63,82.15644457,0.450149233
2019/11/18,8211.789693,8549.94,3122.03,12.46,1467.65,97.8205,0,1.75,3.2278,1.63,82.9817228,1.2945268
2019/11/17,8503.049435,8546.903333,3121.506667,12.32333333,1467.4,97.88163333,0,1.75,3.2454,1.63,83.80700103,2.138904367
2019/11/16,8497.411045,8543.866667,3120.983333,12.18666667,1467.15,97.94276667,0,1.75,3.263,1.63,84.63227927,2.983281933
2019/11/15,8474.539002,8540.83,3120.46,12.05,1466.9,98.0039,0,1.75,3.2806,1.63,85.4575575,3.8276595
2019/11/14,8662.422431,8479.02,3096.63,13.05,1466.65,98.1554,0,1.75,3.2679,1.62,86.28283573,4.672037067
2019/11/13,8785.801623,8482.1,3094.04,13,1462.9,98.3384,0,1.75,3.2619,1.66,87.10811397,5.516414633
2019/11/12,8801.603779,8486.09,3091.84,12.68,1452.05,98.3494,0,1.75,3.2628,1.7,87.9333922,6.3607922
2019/11/11,8732.154123,8464.28,3087.01,12.69,1458.7,98.216,0,1.75,3.2931,1.7025,88.75867043,7.205169767
2019/11/10,9043.004449,8467.956667,3089.033333,12.48333333,1460.516667,98.27463333,0,1.75,3.293233333,1.705,89.58394867,8.049547333
2019/11/9,8818.432264,8471.633333,3091.056667,12.27666667,1462.333333,98.33326667,0,1.75,3.293366667,1.7075,90.4092269,8.8939249
2019/11/8,8791.640946,8475.31,3093.08,12.07,1464.15,98.3919,0,1.75,3.2935,1.71,91.23450513,9.738302467
2019/11/7,9219.011987,8434.52,3085.18,12.73,1484.25,98.1317,0,1.75,3.266,1.69,92.05978337,10.58268003
2019/11/6,9329.520807,8410.63,3076.78,12.62,1486.05,97.9644,0,1.75,3.2655,1.66,92.8850616,11.4270576
2019/11/5,9311.283797,8434.68,3074.62,13.1,1488.95,97.9141,0,1.75,3.2776,1.68,93.71033983,12.27143517
2019/11/4,9389.905541,8433.2,3078.27,12.83,1509.45,97.5396,0,1.75,3.3116,1.64,94.53561807,13.11581273
2019/11/3,9205.743201,8417.6,3074.483333,12.65333333,1509.233333,97.43206667,0,1.75,3.305966667,1.623333333,95.3608963,13.9601903
2019/11/2,9290.257019,8402,3070.696667,12.47666667,1509.016667,97.32453333,0,1.75,3.300333333,1.606666667,96.18617453,14.80456787
2019/11/1,9225.753942,8386.4,3066.91,12.3,1508.8,97.217,0,1.75,3.2947,1.59,97.01145277,15.64894543
2019/10/31,9154.923648,8292.36,3037.56,13.22,1510.95,97.3133,0,1.75,3.318,1.54,97.836731,16.493323
2019/10/30,9162.391745,8303.98,3046.77,12.33,1492.1,97.4695,0,2,3.3275,1.57,97.59580384,17.17774852
2019/10/29,9411.885318,8276.85,3036.89,13.2,1486.75,97.6833,0,2,3.3147,1.61,97.35487668,17.86217403
2019/10/28,9234.267439,8325.99,3039.42,13.11,1492.4,97.7495,0,2,3.2986,1.64,97.11394952,18.54659955
2019/10/27,9544.094411,8298.366667,3033.796667,12.95666667,1499.416667,97.78123333,0,2,3.2802,1.643333333,96.87302235,19.23102506
2019/10/26,9235.929531,8270.743333,3028.173333,12.80333333,1506.433333,97.81296667,0,2,3.2618,1.646666667,96.63209519,19.91545058
2019/10/25,8651.13445,8243.12,3022.55,12.65,1513.45,97.8447,0,2,3.2434,1.65,96.39116803,20.5998761
2019/10/24,7440.037915,8185.8,3010.29,13.71,1496.55,97.6695,0,2,3.2397,1.62,96.15024087,21.28430161
2019/10/23,7469.521063,8119.79,3004.52,14.01,1494.45,97.4772,0,2,3.2355,1.61,95.90931371,21.96872713
2019/10/22,8040.006229,8104.3,2995.99,14.46,1485.35,97.5334,0,2,3.2447,1.61,95.66838655,22.65315265
2019/10/21,8212.771665,8162.99,3006.72,14,1491.65,97.3236,0,2,3.2298,1.61,95.42745939,23.33757816
2019/10/20,8202.005473,8138.506667,2999.88,14.08333333,1491.1,97.28346667,0,2,3.217333333,1.606666667,95.18653223,24.02200368
2019/10/19,7950.124308,8114.023333,2993.04,14.16666667,1490.55,97.24333333,0,2,3.204866667,1.603333333,94.94560506,24.70642919
2019/10/18,7955.464771,8089.54,2986.2,14.25,1490,97.2032,0,2,3.1924,1.6,94.7046779,25.39085471
2019/10/17,8075.178241,8156.85,2997.95,13.79,1492.65,97.5847,0,2,3.1824,1.59,94.46375074,26.07528023
2019/10/16,8008.809279,8124.18,2989.69,13.68,1485.1,98.0165,0,2,3.1869,1.57,94.22282358,26.75970574
2019/10/15,8174.781558,8148.71,2995.68,13.54,1487.8,98.3012,0,2,3.1823,1.56,93.98189642,27.44413126
2019/10/14,8347.201506,8048.65,2966.15,14.57,1490.6,98.461,0,2,3.1989,1.56,93.74096926,28.12855677
2019/10/13,8294.599727,8051.446667,2967.523333,14.90666667,1486.783333,98.42066667,0,2,3.187,1.56,93.5000421,28.81298229
2019/10/12,8314.921537,8054.243333,2968.896667,15.24333333,1482.966667,98.38033333,0,2,3.1751,1.56,93.25911494,29.49740781
2019/10/11,8272.024051,8057.04,2970.27,15.58,1479.15,98.34,0,2,3.1548,1.56,93.01818777,30.18183332
2019/10/10,8556.950238,7950.78,2938.13,17.57,1494.8,98.7139,0,2,3.1417,1.52,92.77726061,30.86625884
2019/10/9,8572.837276,7903.74,2919.4,18.64,1507.25,99.1316,0,2,3.1217,1.49,92.53633345,31.55068435
2019/10/8,8189.796865,7823.78,2893.06,20.28,1505.85,99.1214,0,2,3.1433,1.48,92.29540629,32.23510987
2019/10/7,8196.15196,7956.29,2938.79,17.86,1501.25,98.9891,0,2,3.145175,1.51,92.05447913,32.91953539
2019/10/6,7876.455218,7965.016667,2943.196667,17.58666667,1500.55,98.9426,0,2,3.14705,1.506666667,91.81355197,33.6039609
2019/10/5,8130.134393,7973.743333,2947.603333,17.31333333,1499.85,98.8961,0,2,3.148925,1.503333333,91.57262481,34.28838642
2019/10/4,8155.655359,7982.47,2952.01,17.04,1499.15,98.8496,0,2,3.1508,1.5,91.33169765,34.97281194
2019/10/3,8232.129998,7872.27,2910.63,19.12,1517.1,98.9542,0,2,3.152675,1.48,91.09077048,35.65723745
2019/10/2,8361.919233,7785.25,2887.61,20.56,1492.6,99.028,0,2,3.15455,1.5,90.84984332,36.34166297
2019/10/1,8294.743597,7908.69,2940.25,18.56,1473.45,99.1588,0,2,3.156425,1.52,90.60891616,37.02608848
2019/9/30,8269.028682,7999.34,2976.74,16.24,1485.3,99.4021,0,2,3.1583,1.53,90.367989,37.710514
2019/9/29,8068.668738,7979.436667,2971.756667,16.56666667,1486.833333,99.30506667,0,2,3.1627,1.53,90.80253667,37.27991583
2019/9/28,8208.595988,7959.533333,2966.773333,16.89333333,1488.366667,99.20803333,0,2,3.15765,1.53,91.23708433,36.84931767
2019/9/27,8183.569872,7939.63,2961.79,17.22,1489.9,99.111,0,2,3.1526,1.53,91.671632,36.4187195
2019/9/26,8077.936354,8030.66,2977.62,16.07,1506.4,99.206,0,2,3.1369,1.57,92.10617967,35.98812133
2019/9/25,8439.84619,8077.38,2984.87,15.96,1528.75,99.0438,0,2,3.1344,1.6,92.54072733,35.55752317
2019/9/24,8588.424906,7993.63,2966.6,17.05,1520.65,98.3339,0,2,3.129,1.58,92.975275,35.126925
2019/9/23,9719.397019,8112.46,2991.78,14.91,1522.1,98.6343,0,2,3.1106,1.61,93.40982267,34.69632683
2019/9/22,10050.18754,8114.196667,2991.876667,15.04666667,1515.366667,98.58216667,0,2,3.116233333,1.61,93.84437033,34.26572867
2019/9/21,10006.06533,8115.933333,2991.973333,15.18333333,1508.633333,98.53003333,0,2,3.121866667,1.61,94.278918,33.8351305
2019/9/20,10179.86223,8117.67,2992.07,15.32,1501.9,98.4779,0,2,3.1275,1.61,94.71346567,33.40453233
2019/9/19,10241.6088,8182.88,3006.79,14.05,1500.7,98.3674,0,2,3.1222,1.61,95.14801333,32.97393417
2019/9/18,10164.1019,8177.39,3006.73,13.95,1503.5,98.5757,0,2.25,3.117,1.59,95.582561,32.543336
2019/9/17,10208.16582,8186.02,3005.7,14.44,1502.1,98.2172,0,2.25,3.104,1.66,96.01710867,32.11273783
2019/9/16,10268.65798,8153.54,2997.96,14.67,1497.2,98.6328,0,2.25,3.104,1.67,96.45165633,31.68213967
2019/9/15,10313.44353,8161.263333,3001.103333,14.36,1499.166667,98.4898,0,2.25,3.09805,1.67,96.886204,31.2515415
2019/9/14,10353.5498,8168.986667,3004.246667,14.05,1501.133333,98.3468,0,2.25,3.0921,1.67,97.32075167,30.82094333
2019/9/13,10346.59919,8176.71,3007.39,13.74,1503.1,98.2038,0,2.25,3.08615,1.67,97.75529933,30.39034517
2019/9/12,10387.51484,8194.47,3009.57,14.22,1515.2,98.3636,0,2.25,3.0802,1.63,98.189847,29.959747
2019/9/11,10159.72047,8169.68,3000.93,14.61,1490.65,98.6267,0,2.25,3.0583,1.6,98.62439467,29.52914883
2019/9/10,10132.5448,8084.16,2979.39,15.2,1498.25,98.3749,0,2.25,3.034,1.6,99.05894233,29.09855067
2019/9/9,10322.05761,8087.44,2978.43,15.27,1509.2,98.3237,0,2.25,3.0294,1.57,99.49349,28.6679525
2019/9/8,10410.18764,8092.65,2978.523333,15.18,1514.033333,98.3554,0,2.25,3.0278,1.56,99.92803767,28.23735433
2019/9/7,10477.09484,8097.86,2978.616667,15.09,1518.866667,98.3871,0,2.25,3.0262,1.55,100.3625853,27.80675617
2019/9/6,10339.45563,8103.07,2978.71,15,1523.7,98.4188,0,2.25,3.0246,1.54,100.797133,27.376158
2019/9/5,10574.49954,8116.83,2976,16.27,1529.1,98.3982,0,2.25,3.0312,1.56,101.2316807,26.94555983
2019/9/4,10578.32021,7976.88,2937.78,17.33,1546.1,98.4002,0,2.25,3.0607,1.51,101.6662283,26.51496167
2019/9/3,10603.09546,7874.16,2906.27,19.66,1537.85,98.9535,0,2.25,3.0705,1.5,102.100776,26.0843635
2019/9/2,10329.85905,7896.34,2911.3175,19.49,1525.95,99.0527,0,2.25,3.06,1.5125,102.5353237,25.65376533
2019/9/1,9716.72191,7918.52,2916.365,19.32,1526.766667,98.98066667,0,2.25,3.0554,1.525,102.9698713,25.22316717
2019/8/31,9609.787647,7940.7,2921.4125,19.15,1527.583333,98.90863333,0,2.25,3.0508,1.5375,103.404419,24.792569
2019/8/30,9582.255358,7962.88,2926.46,18.98,1528.4,98.8366,0,2.25,3.0462,1.55,103.0856073,24.60248116
2019/8/29,9493.755389,7973.39,2924.58,17.88,1540.2,98.4574,0,2.25,3.0634,1.59,102.7667955,24.41239332
2019/8/28,9759.791528,7856.88,2887.94,19.35,1537.15,98.2418,0,2.25,3.0543,1.55,102.4479838,24.22230548
2019/8/27,10219.41337,7826.95,2869.16,20.31,1532.95,98.0177,0,2.25,3.0756,1.55,102.129172,24.03221765
2019/8/26,10374.87662,7853.74,2878.38,19.32,1525.6625,98.0482,0,2.25,3.056,1.54,101.8103603,23.84212981
2019/8/25,10118.39958,7819.75,2867.956667,19.50333333,1518.375,97.91613333,0,2.25,3.060033333,1.54,101.4915485,23.65204197
2019/8/24,10142.8394,7785.76,2857.533333,19.68666667,1511.0875,97.78406667,0,2.25,3.064066667,1.54,101.1727368,23.46195413
2019/8/23,10385.50755,7751.77,2847.11,19.87,1503.8,97.652,0,2.25,3.0681,1.54,100.8539251,23.27186629
2019/8/22,10123.99448,7991.39,2922.95,16.68,1502.05,98.2136,0,2.25,3.0705,1.55,100.5351133,23.08177845
2019/8/21,10136.96462,8020.21,2924.43,15.8,1503.25,98.2978,0,2.25,3.0571,1.54,100.2163016,22.89169061
2019/8/20,10751.85732,7948.56,2900.51,17.5,1504.55,98.1593,0,2.25,3.0324,1.53,99.89748984,22.70160277
2019/8/19,10890.2538,8002.81,2923.65,16.88,1496.6,98.3806,0,2.25,3.0422,1.56,99.5786781,22.51151494
2019/8/18,10331.46711,7967.203333,2911.993333,17.41,1502.816667,98.32203333,0,2.25,3.0367,1.553333333,99.25986635,22.3214271
2019/8/17,10220.07017,7931.596667,2900.336667,17.94,1509.033333,98.26346667,0,2.25,3.0312,1.546666667,98.94105461,22.13133926
2019/8/16,10344.50799,7895.99,2888.68,18.47,1515.25,98.2049,0,2.25,3.0257,1.54,98.62224287,21.94125142
2019/8/15,10296.60027,7766.62,2847.6,21.18,1515.65,98.0978,0,2.25,2.998,1.54,98.30343113,21.75116358
2019/8/14,10010.24994,7773.94,2840.6,22.1,1513.25,97.9925,0,2.25,2.9889,1.57,97.98461939,21.56107574
2019/8/13,10920.98031,8016.36,2926.32,17.52,1498.4,97.8363,0,2.25,3.0263,1.63,97.66580765,21.3709879
2019/8/12,11398.76219,7863.41,2883.75,21.09,1504.7,97.418,0,2.25,3.0376,1.61,97.3469959,21.18090006
2019/8/11,11555.7759,7895.32,2895.383333,20.05,1502.366667,97.469,0,2.25,3.0426,1.626666667,97.02818416,20.99081223
2019/8/10,11342.4686,7927.23,2907.016667,19.01,1500.033333,97.52,0,2.25,3.0476,1.643333333,96.70937242,20.80072439
2019/8/9,11857.84447,7959.14,2918.65,17.97,1497.7,97.571,0,2.25,3.0526,1.66,96.39056068,20.61063655
2019/8/8,12019.25536,8039.16,2938.09,16.91,1495.75,97.6605,0,2.25,3.053,1.65,96.07174894,20.42054871
2019/8/7,11976.65483,7862.83,2883.98,19.49,1506.05,97.6404,0,2.25,3.0576,1.62,95.75293719,20.23046087
2019/8/6,11497.06268,7833.27,2881.77,20.17,1465.25,97.608,0,2.25,3.0475,1.62,95.43412545,20.04037303
2019/8/5,11782.65214,7726.04,2844.74,24.59,1465.25,97.5065,0,2.25,3.0874,1.6,95.11531371,19.85028519
2019/8/4,10948.18762,7818.716667,2873.843333,22.26333333,1457.416667,97.6991,0,2.25,3.1014,1.62,94.79650197,19.66019735
2019/8/3,10806.81707,7911.393333,2902.946667,19.93666667,1449.583333,97.8917,0,2.25,3.1154,1.64,94.47769023,19.47010952
2019/8/2,10523.94638,8004.07,2932.05,17.61,1441.75,98.0843,0,2.25,3.1294,1.66,94.15887848,19.28002168
2019/8/1,10365.98473,8111.12,2953.56,17.87,1406.8,98.3697,0,2.25,3.1613,1.7,93.84006674,19.08993384
2019/7/31,10080.08612,8175.42,2980.38,16.12,1427.55,98.5667,0,2.5,3.213,1.76,93.521255,18.899846
2019/7/30,9581.211678,8273.61,3013.18,13.94,1425.9,98.0727,0,2.5,3.2341,1.78,93.94277758,17.40020061
2019/7/29,9533.58041,8293.33,3020.97,12.83,1419.05,98.0549,0,2.5,3.2098,1.77,94.36430016,15.90055523
2019/7/28,9545.094701,8305.623333,3022.6,12.60666667,1419.5,98.03646667,0,2.5,3.211133333,1.773333333,94.78582274,14.40090984
2019/7/27,9464.997729,8317.916667,3024.23,12.38333333,1419.95,98.01803333,0,2.5,3.212466667,1.776666667,95.20734532,12.90126445
2019/7/26,9845.987422,8330.21,3025.86,12.16,1420.4,97.9996,0,2.5,3.2138,1.78,95.6288679,11.40161906
2019/7/25,9904.696184,8238.54,3003.67,12.74,1416.1,97.7953,0,2.5,3.2189,1.8,96.05039048,9.901973677
2019/7/24,9807.414231,8321.5,3019.56,12.07,1426.95,97.6896,0,2.5,3.1895,1.79,96.47191306,8.40232829
2019/7/23,9916.381214,8251.4,3005.47,12.61,1425.55,97.7003,0,2.5,3.1763,1.81,96.89343565,6.902682903
2019/7/22,10338.58841,8204.14,2985.03,13.53,1427.75,97.2795,0,2.5,3.2116,1.79,97.31495823,5.403037516
2019/7/21,10596.3557,8184.923333,2982.223333,13.83666667,1431.733333,97.22783333,0,2.5,3.214766667,1.793333333,97.73648081,3.903392129
2019/7/20,10764.70085,8165.706667,2979.416667,14.14333333,1435.716667,97.17616667,0,2.5,3.217933333,1.796666667,98.15800339,2.403746742
2019/7/19,10511.69548,8146.49,2976.61,14.45,1439.7,97.1245,0,2.5,3.2211,1.8,98.57952597,0.904101355
2019/7/18,10629.02333,8207.24,2995.11,13.53,1417.45,96.705,0,2.5,3.2176,1.79,99.00104855,-0.595544032
2019/7/17,9643.714736,8185.21,2984.42,13.97,1410.35,97.2121,0,2.5,3.2215,1.75,99.42257113,-2.095189419
2019/7/16,9499.558669,8222.8,3004.04,12.86,1409.85,97.376,0,2.5,3.2232,1.8,99.84409371,-3.594834806
2019/7/15,10885.58845,8258.19,3014.3,12.68,1412.4,96.9483,0,2.5,3.23,1.77,100.2656163,-5.094480194
2019/7/14,10288.85312,8253.506667,3014.123333,12.58333333,1410.8,96.90636667,0,2.5,3.218866667,1.77,100.6871389,-6.594125581
2019/7/13,11397.16143,8248.823333,3013.946667,12.48666667,1409.2,96.86443333,0,2.5,3.207733333,1.77,101.1086615,-8.093770968
2019/7/12,11776.08244,8244.14,3013.77,12.39,1407.6,96.8225,0,2.5,3.1966,1.77,101.530184,-9.593416355
2019/7/11,11376.67939,8196.04,2999.91,12.93,1413.75,97.0721,0,2.5,3.1992,1.77,101.9517066,-11.09306174
2019/7/10,12147.69776,8202.53,2993.07,13.03,1408.3,97.1326,0,2.5,3.2103,1.74,102.3732292,-12.59270713
2019/7/9,12545.44522,8141.73,2979.63,14.09,1391.55,97.498,0,2.5,3.229,1.71,102.7947518,-14.09235252
2019/7/8,12248.87413,8098.38,2975.95,13.96,1400.1,97.3728,0,2.5,3.2185,1.7,103.2162744,-15.5919979
2019/7/7,11441.6227,8119.516667,2980.77,13.73333333,1396.283333,97.33566667,0,2.5,3.213466667,1.696666667,103.6377969,-17.09164329
2019/7/6,11266.40134,8140.653333,2985.59,13.50666667,1392.466667,97.29853333,0,2.5,3.208433333,1.693333333,104.0593195,-18.59128868
2019/7/5,10980.08333,8161.79,2990.41,13.28,1388.65,97.2614,0,2.5,3.2034,1.69,104.4808421,-20.09093406
2019/7/4,11221.25556,8166.01,2993.115,12.925,1414.9,96.7281,0,2.5,3.2149,1.67,104.9023647,-21.59057945
2019/7/3,11943.62984,8170.23,2995.82,12.57,1413.5,96.7788,0,2.5,3.2044,1.65,105.3238873,-23.09022484
2019/7/2,10818.18812,8109.09,2973.01,12.93,1391.05,96.7702,0,2.5,3.2553,1.65,105.7454098,-24.58987023
2019/7/1,10638.00327,8091.16,2964.33,14.06,1390.1,96.8288,0,2.5,3.2731,1.69,106.1669324,-26.08951561
2019/6/30,10912.25593,8062.853333,2956.806667,14.4,1396.4,96.61686667,0,2.5,3.276633333,1.69,106.588455,-27.589161
2019/6/29,12097.56779,8034.546667,2949.283333,14.74,1402.7,96.40493333,0,2.5,3.280166667,1.69,106.5845699,-28.0126554
2019/6/28,12482.40996,8006.24,2941.76,15.08,1409,96.193,0,2.5,3.2837,1.69,106.5806847,-28.4361498
2019/6/27,11237.07665,7967.76,2924.92,15.82,1402.5,96.2102,0,2.5,3.297,1.68,106.5767996,-28.8596442
2019/6/26,13112.78254,7909.97,2913.78,16.21,1403.95,96.2205,0,2.5,3.2778,1.7,106.5729145,-29.2831386
2019/6/25,11810.12783,7884.72,2917.38,16.28,1431.4,96.1886,0,2.5,3.2787,1.67,106.5690293,-29.706633
2019/6/24,11013.9636,8005.7,2945.35,15.26,1405.7,95.9843,0,2.5,3.2682,1.71,106.5651442,-30.1301274
2019/6/23,10880.05131,8014.37,2947.053333,15.30666667,1402.85,96.05686667,0,2.5,3.269433333,1.716666667,106.5612591,-30.5536218
2019/6/22,10719.8078,8023.04,2948.756667,15.35333333,1400,96.12943333,0,2.5,3.270666667,1.723333333,106.5573739,-30.9771162
2019/6/21,10162.2037,8031.71,2950.46,15.4,1397.15,96.202,0,2.5,3.2719,1.73,106.5534888,-31.4006106
2019/6/20,9589.390555,8051.34,2954.18,14.75,1379.5,96.6437,0,2.5,3.2634,1.74,106.5496037,-31.824105
2019/6/19,9311.883212,7987.32,2926.46,14.33,1344.05,97.26,0,2.5,3.2709,1.67,106.5457185,-32.2475994
2019/6/18,9125.090764,7953.88,2917.75,15.15,1341.35,97.6464,0,2.5,3.2567,1.64,106.5418334,-32.6710938
2019/6/17,9328.082236,7845.02,2889.67,15.35,1341.3,97.557,0,2.5,3.2518,1.61,106.5379483,-33.0945882
2019/6/16,9025.723642,7828.9,2888.773333,15.32666667,1344.616667,97.55846667,0,2.5,3.259966667,1.616666667,106.5340631,-33.5180826
2019/6/15,8859.597054,7812.78,2887.876667,15.30333333,1347.933333,97.55993333,0,2.5,3.268133333,1.623333333,106.530178,-33.941577
2019/6/14,8696.970843,7796.66,2886.98,15.28,1351.25,97.5614,0,2.5,3.2763,1.63,106.5262929,-34.3650714
2019/6/13,8286.913174,7837.13,2891.64,15.82,1335.9,97.0413,0,2.5,3.2975,1.68,106.5224077,-34.7885658
2019/6/12,8159.590369,7792.72,2879.84,15.91,1332.35,97.0029,0,2.5,3.3147,1.71,106.5185226,-35.2120602
2019/6/11,7962.75633,7822.57,2885.72,15.99,1324.3,96.7189,0,2.5,3.2902,1.72,106.5146375,-35.6355546
2019/6/10,8000.570019,7823.17,2886.73,15.94,1328.6,96.7855,0,2.5,3.2374,1.73,106.5107523,-36.059049
2019/6/9,7750.808728,7796.146667,2882.266667,16.06,1332.616667,96.72066667,0,2.5,3.243075,1.733333333,106.5068672,-36.4825434
2019/6/8,7974.683977,7769.123333,2877.803333,16.18,1336.633333,96.65583333,0,2.5,3.24875,1.736666667,106.5029821,-36.9060378
2019/6/7,8070.900978,7742.1,2873.34,16.3,1340.65,96.591,0,2.5,3.254425,1.74,106.4990969,-37.3295322
2019/6/6,7846.273224,7615.55,2843.49,15.93,1335.5,97.0232,0,2.5,3.2601,1.73,106.4952118,-37.7530266
2019/6/5,7860.506171,7575.48,2826.15,16.09,1335.05,97.3606,0,2.5,3.2641,1.75,106.4913267,-38.176521
2019/6/4,7760.011058,7527.12,2803.27,16.97,1324.25,97.1364,0,2.5,3.2677,1.74,106.4874415,-38.6000154
2019/6/3,8362.955081,7333.02,2744.45,18.86,1317.1,97.2363,0,2.5,3.2861,1.73,106.4835564,-39.0235098
2019/6/2,8781.231373,7373.063333,2746.986667,18.81,1309.916667,97.41553333,0,2.5,3.2912,1.733333333,106.4796713,-39.4470042
2019/6/1,8596.109824,7413.106667,2749.523333,18.76,1302.733333,97.59476667,0,2.5,3.2963,1.736666667,106.4757861,-39.8704986
2019/5/31,8606.278615,7453.15,2752.06,18.71,1295.55,97.774,0,2.5,3.3014,1.74,106.471901,-40.293993
2019/5/30,8380.8684,7567.72,2788.86,17.3,1280.95,98.1825,0,2.5,3.3001,1.74,105.5938864,-41.24325155
2019/5/29,8672.985373,7547.31,2783.02,17.9,1281.65,98.1732,0,2.5,3.3215,1.75,104.7158718,-42.1925101
2019/5/28,8721.615742,7607.35,2802.39,17.5,1278.3,97.9751,0,2.5,3.364,1.73,103.8378572,-43.14176865
2019/5/27,8857.096556,7614.765,2808.3075,17.0875,1279.35,97.7507,0,2.5,3.3385,1.7375,102.9598425,-44.09102719
2019/5/26,8736.628564,7622.18,2814.225,16.675,1280.4,97.70116667,0,2.5,3.330333333,1.745,102.0818279,-45.04028574
2019/5/25,8104.732046,7629.595,2820.1425,16.2625,1281.45,97.65163333,0,2.5,3.322166667,1.7525,101.2038133,-45.98954429
2019/5/24,8021.477876,7637.01,2826.06,15.85,1282.5,97.6021,0,2.5,3.314,1.76,100.3257987,-46.93880284
2019/5/23,7919.729554,7628.28,2822.24,16.92,1283.65,97.874,0,2.5,3.3296,1.73,99.4477841,-47.88806139
2019/5/22,7744.861887,7750.84,2856.27,14.75,1273.8,98.1173,0,2.5,3.3156,1.79,98.56976948,-48.83731994
2019/5/21,7984.314133,7785.72,2864.36,14.95,1271.15,98.04,0,2.5,3.3139,1.83,97.69175487,-49.78657848
2019/5/20,8004.459954,7702.38,2840.23,16.31,1276.85,97.9454,0,2.5,3.2878,1.81,96.81374026,-50.73583703
2019/5/19,8186.662732,7740.35,2846.663333,16.19333333,1278.166667,97.9724,0,2.5,3.288733333,1.81,95.93572565,-51.68509558
2019/5/18,7332.609911,7778.32,2853.096667,16.07666667,1279.483333,97.9994,0,2.5,3.289666667,1.81,95.05771103,-52.63435413
2019/5/17,7382.337789,7816.29,2859.53,15.96,1280.8,98.0264,0,2.5,3.2906,1.81,94.17969642,-53.58361268
2019/5/16,7918.875905,7898.05,2876.32,15.29,1291.7,97.8354,0,2.5,3.2745,1.84,93.30168181,-54.53287123
2019/5/15,8181.247379,7822.15,2850.96,16.44,1299.1,97.5889,0,2.5,3.2976,1.83,92.42366719,-55.48212977
2019/5/14,8028.236494,7734.49,2834.41,18.06,1298.4,97.5378,0,2.5,3.3072,1.86,91.54565258,-56.43138832
2019/5/13,7813.193116,7647.02,2811.87,20.55,1295.6,97.3815,0,2.5,3.2981,1.85,90.66763797,-57.38064687
2019/5/12,6992.035884,7736.993333,2835.046667,19.04666667,1292.766667,97.3662,0,2.5,3.310933333,1.86,89.78962335,-58.32990542
2019/5/11,7235.877636,7826.966667,2858.223333,17.54333333,1289.933333,97.3509,0,2.5,3.323766667,1.87,88.91160874,-59.27916397
2019/5/10,6386.69149,7916.94,2881.4,16.04,1287.1,97.3356,0,2.5,3.3366,1.88,88.03359413,-60.22842252
2019/5/9,6187.660821,7910.59,2870.72,19.1,1286.1,97.463,0,2.5,3.338,1.85,87.15557952,-61.17768106
2019/5/8,5973.935496,7943.32,2879.42,19.4,1285.2,97.6226,0,2.5,3.3571,1.87,86.2775649,-62.12693961
2019/5/7,5855.204284,7963.76,2884.05,19.32,1281.2,97.5656,0,2.5,3.3711,1.87,85.39955029,-63.07619816
2019/5/6,5742.76254,8123.29,2932.47,15.44,1280.5375,97.5324,0,2.5,3.354,1.91,84.52153568,-64.02545671
2019/5/5,5779.333069,8136.86,2936.86,14.58333333,1279.875,97.5089,0,2.5,3.405,1.91,83.64352106,-64.97471526
2019/5/4,5820.358392,8150.43,2941.25,13.72666667,1279.2125,97.4854,0,2.5,3.42064,1.91,82.76550645,-65.92397381
2019/5/3,5734.732074,8164,2945.64,12.87,1278.55,97.4619,0,2.5,3.43628,1.91,81.88749184,-66.87323235
2019/5/2,5485.782605,8036.77,2917.52,14.42,1270.95,97.8454,0,2.5,3.45192,1.89,81.00947723,-67.8224909
2019/5/1,5388.818933,8049.64,2923.73,14.8,1283.8,97.6534,0,2.5,3.46756,1.93,80.13146261,-68.77174945
2019/4/30,5305.984482,8095.39,2945.83,13.12,1282.3,97.5235,0,2.5,3.4832,1.95,79.253448,-69.721008
2019/4/29,5258.677411,8161.85,2943.03,13.11,1279.5,97.8394,0,2.5,3.4796,1.96,79.35594283,-70.14136533
2019/4/28,5293.938256,8156.7,2941.98,12.98333333,1281.066667,97.90393333,0,2.5,3.4167,1.963333333,79.45843767,-70.56172267
2019/4/27,5274.514196,8151.55,2940.93,12.85666667,1282.633333,97.96846667,0,2.5,3.4197,1.966666667,79.5609325,-70.98208
2019/4/26,5264.272698,8146.4,2939.88,12.73,1284.2,98.033,0,2.5,3.4227,1.97,79.66342733,-71.40243733
2019/4/25,5241.366292,8118.68,2926.17,13.25,1280.8,98.1789,0,2.5,3.4334,1.98,79.76592217,-71.82279467
2019/4/24,5484.270138,8102.02,2927.25,13.14,1271.65,98.0905,0,2.5,3.4461,1.96,79.868417,-72.243152
2019/4/23,5591.933563,8120.82,2933.68,12.28,1269.5,97.5748,0,2.5,3.4214,1.95,79.97091183,-72.66350933
2019/4/22,5417.509437,8015.27,2907.97,12.42,1270.74,97.2956,0,2.5,3.436,1.95,80.07340667,-73.08386667
2019/4/21,5349.866311,8010.9675,2907.235,12.31,1271.98,97.32206667,0,2.5,3.4268,1.95,80.1759015,-73.504224
2019/4/20,5363.756655,8006.665,2906.5,12.2,1273.22,97.34853333,0,2.5,3.4176,1.95,80.27839633,-73.92458133
2019/4/19,5317.96215,8002.3625,2905.765,12.09,1274.46,97.375,0,2.5,3.4084,1.95,80.38089117,-74.34493867
2019/4/18,5309.256996,7998.06,2905.03,12.09,1275.7,97.4526,0,2.5,3.421,1.95,80.483386,-74.765296
2019/4/17,5271.109695,7996.08,2900.45,12.6,1275.85,97.0334,0,2.5,3.4512,1.94,80.58588083,-75.18565333
2019/4/16,5280.621478,8000.23,2907.06,12.18,1276.35,97.0847,0,2.5,3.3903,1.96,80.68837567,-75.60601067
2019/4/15,5114.800176,7976.01,2905.58,12.32,1285.65,96.937,0,2.5,3.3558,1.94,80.7908705,-76.026368
2019/4/14,5187.562408,7978.726667,2906.19,12.21666667,1288.533333,96.94103333,0,2.5,3.349133333,1.943333333,80.89336533,-76.44672533
2019/4/13,5132.674495,7981.443333,2906.8,12.11333333,1291.416667,96.94506667,0,2.5,3.342466667,1.946666667,80.99586017,-76.86708267
2019/4/12,5090.026913,7984.16,2907.41,12.01,1294.3,96.9491,0,2.5,3.3358,1.95,81.098355,-77.28744
2019/4/11,5055.483612,7947.36,2888.32,13.02,1298.8,97.2004,0,2.5,3.3154,1.94,81.20084983,-77.70779733
2019/4/10,5334.165462,7964.24,2888.21,13.3,1305.45,96.9309,0,2.5,3.3152,1.94,81.30334467,-78.12815467
2019/4/9,5235.702336,7909.28,2878.2,14.28,1303,97.0363,0,2.5,3.3206,1.91,81.4058395,-78.548512
2019/4/8,5303.985429,7953.88,2895.77,13.18,1300,97.0592,0,2.5,3.2879,1.91,81.50833433,-78.96886933
2019/4/7,5212.309923,7948.816667,2894.76,13.06,1296.15,97.17803333,0,2.5,3.2798,1.906666667,81.61082917,-79.38922667
2019/4/6,5066.740036,7943.753333,2893.75,12.94,1292.3,97.29686667,0,2.5,3.2717,1.903333333,81.713324,-79.809584
2019/4/5,5029.810426,7938.69,2892.74,12.82,1288.45,97.4157,0,2.5,3.2636,1.9,81.81581883,-80.22994133
2019/4/4,4924.082434,7891.78,2879.39,13.58,1283.15,97.3158,0,2.5,3.2555,1.9,81.91831367,-80.65029867
2019/4/3,4981.380899,7895.55,2873.4,13.74,1290.45,97.1373,0,2.5,3.2364,1.91,82.0208085,-81.070656
2019/4/2,4888.060145,7848.69,2867.24,13.36,1290.3,97.2934,0,2.5,3.2162,1.9,82.12330333,-81.49101333
2019/4/1,4202.12515,7828.91,2867.19,13.4,1293.5,97.2437,0,2.5,3.1335,1.9,82.22579817,-81.91137067
2019/3/31,4202.588398,7795.713333,2856.26,13.50333333,1294.133333,97.24433333,0,2.5,3.121033333,1.893333333,82.328293,-82.331728
2019/3/30,4164.62132,7762.516667,2845.33,13.60666667,1294.766667,97.24496667,0,2.5,3.108566667,1.886666667,82.79512752,-82.57643916
2019/3/29,4128.954216,7729.32,2834.4,13.71,1295.4,97.2456,0,2.5,3.0961,1.88,83.26196203,-82.82115032
2019/3/28,4061.003062,7669.17,2815.44,14.43,1295.15,97.2479,0,2.5,3.0881,1.83,83.72879655,-83.06586148
2019/3/27,4069.689197,7643.38,2805.37,15.15,1309.7,96.9658,0,2.5,3.0763,1.84,84.19563106,-83.31057265
2019/3/26,3980.620043,7691.52,2818.46,14.68,1316.3,96.8234,0,2.5,3.091,1.86,84.66246558,-83.55528381
2019/3/25,3969.701717,7637.54,2798.36,16.33,1319.55,96.5353,0,2.5,3.0951,1.88,85.1293001,-83.79999497
2019/3/24,4024.480056,7639.25,2799.143333,16.38,1316.8,96.55906667,0,2.5,3.103833333,1.886666667,85.59613461,-84.04470613
2019/3/23,4034.593702,7640.96,2799.926667,16.43,1314.05,96.58283333,0,2.5,3.112566667,1.893333333,86.06296913,-84.28941729
2019/3/22,4017.939706,7642.67,2800.71,16.48,1311.3,96.6066,0,2.5,3.1213,1.9,86.52980365,-84.53412845
2019/3/21,4024.283202,7838.96,2854.88,13.63,1309.6,96.3545,0,2.5,3.1453,1.96,86.99663816,-84.77883961
2019/3/20,4075.319877,7728.97,2824.23,13.91,1303.7,96.0136,0,2.5,3.1521,1.96,87.46347268,-85.02355077
2019/3/19,4039.787114,7723.95,2832.57,13.56,1307.7,96.4032,0,2.5,3.1448,1.95,87.93030719,-85.26826194
2019/3/18,4020.470962,7714.48,2832.94,13.1,1305.6,96.5008,0,2.5,3.1399,1.96,88.39714171,-85.5129731
2019/3/17,4007.16692,7705.83,2829.453333,13.02666667,1304.9,96.515,0,2.5,3.146266667,1.953333333,88.86397623,-85.75768426
2019/3/16,4024.229285,7697.18,2825.966667,12.95333333,1304.2,96.5292,0,2.5,3.152633333,1.946666667,89.33081074,-86.00239542
2019/3/15,3928.041329,7688.53,2822.48,12.88,1303.5,96.5434,0,2.5,3.159,1.94,89.79764526,-86.24710658
2019/3/14,3900.376687,7630.91,2808.48,13.5,1295.55,96.7571,0,2.5,3.1465,1.94,90.26447977,-86.49181774
2019/3/13,3895.619863,7643.41,2810.92,13.41,1306.95,96.4689,0,2.5,3.1417,1.92,90.73131429,-86.7365289
2019/3/12,3901.113915,7591.03,2791.52,13.77,1297.05,97.008,0,2.5,3.1606,1.9,91.19814881,-86.98124006
2019/3/11,3879.103312,7558.06,2783.3,14.33,1292.75,97.1805,0,2.5,3.1466,1.91,91.66498332,-87.22595123
2019/3/10,3902.806463,7508.086667,2769.89,14.90333333,1294.083333,97.2444,0,2.5,3.1478,1.906666667,92.13181784,-87.47066239
2019/3/9,3931.895283,7458.113333,2756.48,15.47666667,1295.416667,97.3083,0,2.5,3.149,1.903333333,92.59865235,-87.71537355
2019/3/8,3872.141156,7408.14,2743.07,16.05,1296.75,97.3722,0,2.5,3.1502,1.9,93.06548687,-87.96008471
2019/3/7,3888.248904,7421.46,2748.93,16.59,1285.3,97.612,0,2.5,3.1789,1.9,93.53232139,-88.20479587
2019/3/6,3873.668096,7505.92,2771.45,15.74,1285.85,96.8877,0,2.5,3.2139,1.91,93.9991559,-88.44950703
2019/3/5,3855.002805,7576.36,2789.65,14.74,1283.8,96.8389,0,2.5,3.2121,1.93,94.46599042,-88.69421819
2019/3/4,3755.244534,7577.57,2792.81,14.63,1285.4,96.6204,0,2.5,3.2152,1.94,94.93282494,-88.93892935
2019/3/3,3881.076222,7583.496667,2796.436667,14.27666667,1294.25,96.56816667,0,2.5,3.2081,1.946666667,95.39965945,-89.18364052
2019/3/2,3848.655865,7589.423333,2800.063333,13.92333333,1303.1,96.51593333,0,2.5,3.201,1.953333333,95.86649397,-89.42835168
2019/3/1,3834.29029,7595.35,2803.69,13.57,1311.95,96.4637,0,2.5,3.1939,1.96,96.33332848,-89.67306284
2019/2/28,3845.258313,7532.53,2784.49,14.7,1319.15,96.2218,0,2.5,3.2386,1.95,96.800163,-89.917774
2019/2/27,3841.615656,7554.51,2792.38,14.7,1322.85,96.1537,0,2.5,3.2307,1.93,96.46530371,-88.0390515
2019/2/26,3842.992707,7549.3,2793.9,15.17,1325.05,96.0739,0,2.5,3.2344,1.92,96.13044443,-86.160329
2019/2/25,3868.161644,7554.46,2796.11,14.85,1331.05,96.439,0,2.5,3.1993,1.92,95.79558514,-84.2816065
2019/2/24,3807.506664,7545.49,2794.963333,14.40333333,1330.383333,96.47326667,0,2.5,3.1885,1.916666667,95.46072586,-82.402884
2019/2/23,4123.668789,7536.52,2793.816667,13.95666667,1329.716667,96.50753333,0,2.5,3.1777,1.913333333,95.12586657,-80.5241615
2019/2/22,3970.590294,7527.55,2792.67,13.51,1329.05,96.5418,0,2.5,3.1669,1.91,94.79100729,-78.645439
2019/2/21,3894.540736,7459.71,2774.88,14.46,1331.25,96.6191,0,2.5,3.1707,1.91,94.456148,-76.7667165
2019/2/20,3918.389586,7489.07,2784.7,14.02,1343.75,96.5589,0,2.5,3.1637,1.89,94.12128871,-74.887994
2019/2/19,3893.270397,7486.77,2779.76,14.88,1334.15,96.5187,0,2.5,3.1681,1.87,93.78642943,-73.0092715
2019/2/18,3858.949361,7483.18,2778.72,14.8875,1325.5,96.8024,0,2.5,3.1336,1.8675,93.45157014,-71.130549
2019/2/17,3630.269019,7479.59,2777.68,14.895,1322.516667,96.84096667,0,2.5,3.129833333,1.865,93.11671086,-69.2518265
2019/2/16,3599.138222,7476,2776.64,14.9025,1319.533333,96.87953333,0,2.5,3.126066667,1.8625,92.78185157,-67.373104
2019/2/15,3596.820722,7472.41,2775.6,14.91,1316.55,96.9181,0,2.5,3.1223,1.86,92.44699229,-65.4943815
2019/2/14,3577.37136,7426.96,2745.73,16.22,1311.45,97.0177,0,2.5,3.1138,1.85,92.112133,-63.615659
2019/2/13,3590.146721,7420.38,2753.03,15.65,1312.8,97.1903,0,2.5,3.1096,1.86,91.77727371,-61.7369365
2019/2/12,3608.145569,7414.62,2744.73,15.43,1310,96.7336,0,2.5,3.1049,1.83,91.44241443,-59.858214
2019/2/11,3615.96957,7307.91,2709.8,15.97,1306.4,97.0593,0,2.5,3.112,1.82,91.10755514,-57.9794915
2019/2/10,3663.532767,7304.673333,2709.16,15.88666667,1309.216667,96.91886667,0,2.5,3.113775,1.82,90.77269586,-56.100769
2019/2/9,3648.622398,7301.436667,2708.52,15.80333333,1312.033333,96.77843333,0,2.5,3.11555,1.82,90.43783657,-54.2220465
2019/2/8,3632.621064,7298.2,2707.88,15.72,1314.85,96.638,0,2.5,3.117325,1.82,90.10297729,-52.343324
2019/2/7,3382.947414,7288.35,2706.05,16.37,1310,96.5849,0,2.5,3.1191,1.84,89.768118,-50.4646015
2019/2/6,3405.558944,7375.28,2731.61,15.38,1312.4,96.4194,0,2.5,3.120875,1.86,89.43325871,-48.585879
2019/2/5,3463.442822,7402.08,2737.7,15.57,1314.2,96.0881,0,2.5,3.12265,1.87,89.09839943,-46.7071565
2019/2/4,3453.032184,7347.54,2724.87,15.73,1312.15,95.8244,0,2.5,3.124425,1.87,88.76354014,-44.828434
2019/2/3,3451.480647,7319.65,2718.756667,15.86666667,1314.333333,95.75293333,0,2.5,3.1262,1.873333333,88.42868086,-42.9497115
2019/2/2,3502.072823,7291.76,2712.643333,16.00333333,1316.516667,95.68146667,0,2.5,3.1355,1.876666667,88.09382157,-41.070989
2019/2/1,3474.400614,7263.87,2706.53,16.14,1318.7,95.61,0,2.5,3.1204,1.88,87.75896229,-39.1922665
2019/1/31,3447.812769,7281.74,2704.1,16.57,1323.25,95.5533,0,2.5,3.1063,1.85,87.424103,-37.313544
2019/1/30,3470.82826,7183.08,2681.05,17.66,1310.7,95.4278,0,2.5,3.1261,1.84,87.52679858,-36.58661723
2019/1/29,3438.806393,7028.29,2640,19.13,1307.55,95.8337,0,2.5,3.1234,1.78,87.62949416,-35.85969045
2019/1/28,3462.059067,7085.69,2643.85,18.87,1302.15,95.7562,0,2.5,3.1555,1.78,87.73218974,-35.13276368
2019/1/27,3575.695347,7112.08,2650.82,18.38666667,1299.4,95.77723333,0,2.5,3.1422,1.783333333,87.83488532,-34.4058369
2019/1/26,3595.147524,7138.47,2657.79,17.90333333,1296.65,95.79826667,0,2.5,3.1289,1.786666667,87.9375809,-33.67891013
2019/1/25,3590.982706,7164.86,2664.76,17.42,1293.9,95.8193,0,2.5,3.1156,1.79,88.04027648,-32.95198335
2019/1/24,3601.873911,7073.46,2642.33,18.89,1283.7,96.5469,0,2.5,3.1204,1.77,88.14297206,-32.22505658
2019/1/23,3592.901431,7025.77,2638.7,19.52,1279.8,96.1397,0,2.5,3.1128,1.8,88.24566765,-31.49812981
2019/1/22,3608.383962,7020.36,2632.9,20.8,1282.1,96.3232,0,2.5,3.1091,1.79,88.34836323,-30.77120303
2019/1/21,3547.119997,7054.5775,2642.3525,20.05,1279.55,96.3519,0,2.5,3.12,1.8,88.45105881,-30.04427626
2019/1/20,3583.507436,7088.795,2651.805,19.3,1281.1,96.35773333,0,2.5,3.1071,1.81,88.55375439,-29.31734948
2019/1/19,3735.953787,7123.0125,2661.2575,18.55,1282.65,96.36356667,0,2.5,3.0942,1.82,88.65644997,-28.59042271
2019/1/18,3653.185376,7157.23,2670.71,17.8,1284.2,96.3694,0,2.5,3.0813,1.83,88.75914555,-27.86349594
2019/1/17,3684.253015,7084.46,2635.96,18.06,1290.7,96.0801,0,2.5,3.0613,1.79,88.86184113,-27.13656916
2019/1/16,3658.24673,7034.69,2616.1,19.04,1292.3,96.1044,0,2.5,3.0999,1.82,88.96453671,-26.40964239
2019/1/15,3640.207439,7023.83,2610.3,18.6,1294.4,95.952,0,2.5,3.1544,1.81,89.06723229,-25.68271561
2019/1/14,3705.942606,6905.92,2582.61,19.07,1292.75,95.5973,0,2.5,3.1344,1.81,89.16992787,-24.95578884
2019/1/13,3553.227143,6927.773333,2587.16,18.77666667,1291.483333,95.61766667,0,2.5,3.1244,1.816666667,89.27262345,-24.22886206
2019/1/12,3668.24992,6949.626667,2591.71,18.48333333,1290.216667,95.63803333,0,2.5,3.1144,1.823333333,89.37531903,-23.50193529
2019/1/11,3678.691684,6971.48,2596.26,18.19,1288.95,95.6584,0,2.5,3.1044,1.83,89.47801461,-22.77500852
2019/1/10,3673.215707,6986.07,2596.64,19.5,1291.9,95.5394,0,2.5,3.1092,1.81,89.58071019,-22.04808174
2019/1/9,4032.575391,6957.08,2584.96,19.98,1288.6,95.2032,0,2.5,3.1189,1.83,89.68340577,-21.32115497
2019/1/8,4030.989306,6897,2574.41,20.47,1286.45,95.9168,0,2.5,3.1239,1.82,89.78610135,-20.59422819
2019/1/7,4036.958448,6823.47,2549.69,21.4,1292.2,95.6951,0,2.5,3.1636,1.78,89.88879694,-19.86730142
2019/1/6,4085.907582,6795.266667,2543.773333,21.39333333,1288.1,95.86836667,0,2.5,3.155966667,1.773333333,89.99149252,-19.14037465
2019/1/5,3866.004564,6767.063333,2537.856667,21.38666667,1284,96.04163333,0,2.5,3.148333333,1.766666667,90.0941881,-18.41344787
2019/1/4,3877.816632,6738.86,2531.94,21.38,1279.9,96.2149,0,2.5,3.1407,1.76,90.19688368,-17.6865211
2019/1/3,3843.99664,6463.5,2447.89,25.45,1290.45,96.2734,0,2.5,3.1482,1.68,90.29957926,-16.95959432
2019/1/2,3938.625961,6665.94,2510.03,23.22,1282.9,96.7825,0,2.5,3.1633,1.7,90.40227484,-16.23266755
2019/1/1,3851.181614,6650.61,2508.44,24.32,1282.275,96.1223,0,2.5,3.177425,1.705,90.50497042,-15.50574077
2018/12/31,3746.123953,6635.28,2506.85,25.42,1281.65,96.0741,0,2.5,3.19155,1.71,90.607666,-14.778814
2018/12/30,3863.165984,6618.36,2499.813333,26.39333333,1280.766667,96.174,0,2.5,3.205675,1.716666667,90.27863113,-15.14748381
2018/12/29,3832.098961,6601.44,2492.776667,27.36666667,1279.883333,96.2739,0,2.5,3.2198,1.723333333,89.94959626,-15.51615361
2018/12/28,3902.734263,6584.52,2485.74,28.34,1279,96.3738,0,2.5,3.2336,1.73,89.62056139,-15.88482342
2018/12/27,3651.165346,6579.49,2488.83,29.96,1268,96.585,0,2.5,3.2986,1.74,89.29152652,-16.25349323
2018/12/26,3833.455304,6554.36,2467.7,30.41,1265.75,97.0593,0,2.5,3.321,1.77,88.96249165,-16.62216303
2018/12/25,3789.436638,6373.64,2409.4,33.24,1263.5,96.6675,0,2.5,3.3166,1.76,88.63345677,-16.99083284
2018/12/24,4049.134022,6192.92,2351.1,36.07,1261.25,96.5814,0,2.5,3.3479,1.75,88.3044219,-17.35950265
2018/12/23,3980.147519,6239.613333,2372.94,34.08333333,1260.216667,96.7059,0,2.5,3.340466667,1.756666667,87.97538703,-17.72817245
2018/12/22,3985.947865,6286.306667,2394.78,32.09666667,1259.183333,96.8304,0,2.5,3.333033333,1.763333333,87.64635216,-18.09684226
2018/12/21,3872.495182,6333,2416.62,30.11,1258.15,96.9549,0,2.5,3.3256,1.77,87.31731729,-18.46551206
2018/12/20,4103.258582,6528.41,2467.42,28.38,1259.75,96.4473,0,2.5,3.3185,1.76,86.98828242,-18.83418187
2018/12/19,3719.296166,6636.83,2506.96,25.58,1255,97.0264,0,2.25,3.3639,1.8,86.65924755,-19.20285168
2018/12/18,3671.041341,6783.91,2546.16,25.58,1246.3,97.0587,0,2.25,3.3942,1.81,86.33021268,-19.57152148
2018/12/17,3520.00734,6753.73,2545.94,24.52,1241.65,97.1349,0,2.25,3.3739,1.81,86.00117781,-19.94019129
2018/12/16,3259.040242,6806.043333,2563.943333,23.55666667,1239.55,97.23823333,0,2.25,3.3667,1.813333333,85.67214294,-20.3088611
2018/12/15,3244.865925,6858.356667,2581.946667,22.59333333,1237.45,97.34156667,0,2.25,3.3595,1.816666667,85.34310806,-20.6775309
2018/12/14,3236.70091,6910.67,2599.95,21.63,1235.35,97.4449,0,2.25,3.3523,1.82,85.01407319,-21.04620071
2018/12/13,3314.351766,7070.33,2650.54,20.65,1242.75,97.0971,0,2.25,3.3031,1.83,84.68503832,-21.41487052
2018/12/12,3471.915387,7098.31,2651.07,21.46,1245.75,97.0508,0,2.25,3.2954,1.83,84.35600345,-21.78354032
2018/12/11,3394.218703,7031.83,2636.78,21.76,1245.3,97.4722,0,2.25,3.2876,1.83,84.02696858,-22.15221013
2018/12/10,3464.835871,7020.52,2637.72,22.64,1245.35,97.2071,0,2.25,3.2928,1.86,83.69793371,-22.52087994
2018/12/9,3586.572261,7003.43,2636.173333,22.83666667,1244.666667,97.0456,0,2.25,3.2986,1.87,83.36889884,-22.88954974
2018/12/8,3465.344049,6986.34,2634.626667,23.03333333,1243.983333,96.8841,0,2.25,3.3044,1.88,83.03986397,-23.25821955
2018/12/7,3424.127676,6969.25,2633.08,23.23,1243.3,96.7226,0,2.25,3.3102,1.89,82.7108291,-23.62688935
2018/12/6,3530.420581,7188.26,2695.95,21.19,1242.55,96.7716,0,2.25,3.323,1.9,82.38179423,-23.99555916
2018/12/5,3778.6441,7173.345,2698.005,20.74,1235.9,97.0312,0,2.25,3.2886,1.92,82.05275935,-24.36422897
2018/12/4,3959.996646,7158.43,2700.06,20.74,1240.3,96.9723,0,2.25,3.343,1.94,81.72372448,-24.73289877
2018/12/3,3905.390427,7441.51,2790.37,16.44,1230.3,96.9673,0,2.25,3.3976,1.96,81.39468961,-25.10156858
2018/12/2,4143.979048,7404.52,2780.303333,16.98333333,1226.05,97.04476667,0,2.25,3.387133333,1.963333333,81.06565474,-25.47023839
2018/12/1,4208.469723,7367.53,2770.236667,17.52666667,1221.8,97.12223333,0,2.25,3.376666667,1.966666667,80.73661987,-25.83890819
2018/11/30,4030.044494,7330.54,2760.17,18.07,1217.55,97.1997,0,2.25,3.3662,1.97,80.407585,-26.207578
2018/11/29,4295.392323,7273.08,2737.76,18.79,1226.25,96.7661,0,2.25,3.3901,1.98,80.79454813,-25.3508669
2018/11/28,4256.464556,7291.59,2743.79,18.49,1213.25,96.8641,0,2.25,3.3999,1.94,81.18151127,-24.4941558
2018/11/27,3835.01659,7082.7,2682.17,19.02,1221.2,97.3512,0,2.25,3.4319,1.91,81.5684744,-23.6374447
2018/11/26,3801.729367,7081.85,2673.45,18.9,1223.4,97.0837,0,2.25,3.4071,1.96,81.95543753,-22.7807336
2018/11/25,4008.329436,7034.226667,2659.82,19.77333333,1223.483333,97.04,0,2.25,3.4055,1.96,82.34240067,-21.9240225
2018/11/24,3894.620254,6986.603333,2646.19,20.64666667,1223.566667,96.9963,0,2.25,3.4039,1.96,82.7293638,-21.0673114
2018/11/23,4374.323227,6938.98,2632.56,21.52,1223.65,96.9526,0,2.25,3.4023,1.96,83.11632693,-20.2106003
2018/11/22,4377.54577,6955.615,2641.245,21.16,1227.05,96.4915,0,2.25,3.3768,1.965,83.50329007,-19.3538892
2018/11/21,4609.512684,6972.25,2649.93,20.8,1226.1,96.7376,0,2.25,3.3597,1.97,83.8902532,-18.4971781
2018/11/20,4470.864068,6908.82,2641.89,22.48,1223,96.8155,0,2.25,3.3869,1.97,84.27721633,-17.640467
2018/11/19,4893.020433,7028.48,2690.73,20.1,1221.6,96.2076,0,2.25,3.3476,1.99,84.66417947,-16.7837559
2018/11/18,5647.479577,7101.61,2705.91,19.44666667,1221.866667,96.2777,0,2.25,3.365233333,2,85.0511426,-15.9270448
2018/11/17,5631.540424,7174.74,2721.09,18.79333333,1222.133333,96.3478,0,2.25,3.382866667,2.01,85.43810573,-15.0703337
2018/11/16,5627.478697,7247.87,2736.27,18.14,1222.4,96.4179,0,2.25,3.4005,2.02,85.82506887,-14.2136226
2018/11/15,5654.723204,7259.03,2730.2,19.98,1211.85,97.0715,0,2.25,3.4174,2,86.212032,-13.3569115
2018/11/14,5747.076679,7136.39,2701.58,21.25,1203.25,97.0442,0,2.25,3.4346,2,86.59899513,-12.5002004
2018/11/13,6371.367486,7200.88,2722.18,20.02,1202.1,97.1441,0,2.25,3.487,2.02,86.98595827,-11.6434893
2018/11/12,6364.393922,7200.87,2726.22,20.45,1205.55,97.6889,0,2.25,3.4894,2.025,87.3729214,-10.7867782
2018/11/11,6407.676509,7269.546667,2744.483333,19.42,1207.5,97.4287,0,2.25,3.4893,2.03,87.75988453,-9.9300671
2018/11/10,6399.518804,7338.223333,2762.746667,18.39,1209.45,97.1685,0,2.25,3.4892,2.035,88.14684767,-9.073356
2018/11/9,6397.943423,7406.9,2781.01,17.36,1211.4,96.9083,0,2.25,3.4891,2.04,88.5338108,-8.2166449
2018/11/8,6468.139286,7530.89,2806.83,16.72,1224.15,96.6624,0,2.25,3.4854,2.07,88.92077393,-7.3599338
2018/11/7,6526.820154,7570.75,2813.89,16.36,1229.95,96.1946,0,2.25,3.5102,2.07,89.30773707,-6.5032227
2018/11/6,6428.294585,7375.96,2755.45,19.91,1231.6,96.2318,0,2.25,3.5303,2.07,89.6947002,-5.6465116
2018/11/5,6413.987438,7328.85,2738.31,19.96,1232.25,96.3465,0,2.25,3.5388,2.06,90.08166333,-4.7898005
2018/11/4,6456.241631,7338.23,2733.226667,19.81,1232.2,96.4009,0,2.25,3.533266667,2.06,90.46862647,-3.9330894
2018/11/3,6387.91703,7347.61,2728.143333,19.66,1232.15,96.4553,0,2.25,3.527733333,2.06,90.8555896,-3.0763783
2018/11/2,6407.751479,7356.99,2723.06,19.51,1232.1,96.5097,0,2.25,3.5222,2.06,91.24255273,-2.2196672
2018/11/1,6368.306136,7434.06,2740.37,19.34,1231.15,96.2899,0,2.25,3.495,2.02,91.62951587,-1.3629561
2018/10/31,6298.837501,7305.9,2711.74,21.23,1214.95,97.1301,0,2.25,3.5185,2.05,92.016479,-0.506245
2018/10/30,6284.585339,7161.65,2682.63,23.35,1225.4,96.9917,0,2.25,3.5209,2.05,91.46929932,-0.715497258
2018/10/29,6252.273571,7050.29,2641.25,24.7,1230.8,96.6906,0,2.25,3.5208,2.06,90.92211965,-0.924749516
2018/10/28,6406.221101,7089.263333,2647.063333,24.52,1231.816667,96.59606667,0,2.25,3.527733333,2.06,90.37493997,-1.134001774
2018/10/27,6416.188305,7128.236667,2652.876667,24.34,1232.833333,96.50153333,0,2.25,3.534666667,2.06,89.82776029,-1.343254032
2018/10/26,6416.405872,7167.21,2658.69,24.16,1233.85,96.407,0,2.25,3.5416,2.06,89.28058061,-1.55250629
2018/10/25,6420.365573,7318.34,2705.57,24.22,1230.8,96.5938,0,2.25,3.5378,2.05,88.73340094,-1.761758548
2018/10/24,6433.06548,7108.4,2656.1,25.23,1230.55,96.431,0,2.25,3.5725,2.07,88.18622126,-1.971010806
2018/10/23,6423.905004,7437.54,2740.69,20.71,1235.95,95.9466,0,2.25,3.5877,2.09,87.63904158,-2.180263065
2018/10/22,6466.252678,7468.63,2755.88,19.64,1222.3,96.0334,0,2.25,3.5975,2.11,87.0918619,-2.389515323
2018/10/21,6475.861332,7462.096667,2759.846667,19.72333333,1224.15,95.9112,0,2.25,3.5842,2.11,86.54468223,-2.598767581
2018/10/20,6461.901011,7455.563333,2763.813333,19.80666667,1226,95.789,0,2.25,3.5709,2.11,85.99750255,-2.808019839
2018/10/19,6455.39574,7449.03,2767.78,19.89,1227.85,95.6668,0,2.25,3.5576,2.11,85.45032287,-3.017272097
2018/10/18,6479.295676,7485.14,2768.78,20.06,1223,95.9724,0,2.25,3.5625,2.1,84.90314319,-3.226524355
2018/10/17,6520.256441,7642.7,2809.21,17.4,1229.05,95.6375,0,2.25,3.5775,2.13,84.35596352,-3.435776613
2018/10/16,6552.077685,7645.49,2809.92,17.62,1230.7,95.0824,0,2.25,3.5973,2.13,83.80878384,-3.645028871
2018/10/15,6576.759501,7430.74,2750.79,21.3,1229.95,95.0703,0,2.25,3.5836,2.13,83.26160416,-3.854281129
2018/10/14,6321.811255,7452.79,2756.236667,21.30333333,1226.55,95.13406667,0,2.25,3.5831,2.126666667,82.71442448,-4.063533387
2018/10/13,6325.159139,7474.84,2761.683333,21.30666667,1223.15,95.19783333,0,2.25,3.5826,2.123333333,82.16724481,-4.272785645
2018/10/12,6293.90483,7496.89,2767.13,21.31,1219.75,95.2616,0,2.25,3.5821,2.12,81.62006513,-4.482037903
2018/10/11,6252.437099,7329.06,2728.37,24.98,1205.55,95.029,0,2.25,3.5908,2.12,81.07288545,-4.691290161
2018/10/10,6599.428021,7422.05,2785.68,22.96,1188.6,95.5296,0,2.25,3.6192,2.16,80.52570577,-4.900542419
2018/10/9,6646.658367,7738.02,2880.34,15.95,1185.55,95.7095,0,2.25,3.6191,2.17,79.9785261,-5.109794677
2018/10/8,6657.272478,7735.95,2884.43,15.69,1186.95,95.7697,0,2.25,3.6314,2.1675,79.43134642,-5.319046935
2018/10/7,6595.637642,7753.45,2884.81,15.4,1192.566667,95.73133333,0,2.25,3.629175,2.165,78.88416674,-5.528299194
2018/10/6,6590.995726,7770.95,2885.19,15.11,1198.183333,95.69296667,0,2.25,3.62695,2.1625,78.33698706,-5.737551452
2018/10/5,6626.550323,7788.45,2885.57,14.82,1203.8,95.6546,0,2.25,3.624725,2.16,77.78980739,-5.94680371
2018/10/4,6574.045632,7879.51,2901.61,14.22,1203.45,95.7639,0,2.25,3.6225,2.16,77.24262771,-6.156055968
2018/10/3,6505.256156,8025.09,2925.51,11.61,1201.2,96.0361,0,2.25,3.620275,2.16,76.69544803,-6.365308226
2018/10/2,6534.415121,7999.55,2923.43,12.05,1204.7,95.4888,0,2.25,3.61805,2.12,76.14826835,-6.574560484
2018/10/1,6596.018098,8037.3,2924.59,12,1189.35,95.2898,0,2.25,3.615825,2.14,75.60108868,-6.783812742
2018/9/30,6619.480812,8040.316667,2921.053333,12.04,1188.65,95.25666667,0,2.25,3.6136,2.14,75.053909,-6.993065
2018/9/29,6600.212125,8043.333333,2917.516667,12.08,1187.95,95.22353333,0,2.25,3.6135,2.14,76.31016817,-6.435106633
2018/9/28,6641.955563,8046.35,2913.98,12.12,1187.25,95.1904,0,2.25,3.6234,2.14,77.56642733,-5.877148267
2018/9/27,6676.851173,8041.97,2914,12.41,1185.4,94.9888,0,2.25,3.6433,2.15,78.8226865,-5.3191899
2018/9/26,6479.083948,7990.37,2905.97,12.89,1194.25,94.3075,0,2,3.6706,2.14,80.07894567,-4.761231533
2018/9/25,6438.627759,8007.47,2915.56,12.42,1201.9,94.154,0,2,3.6755,2.16,81.33520483,-4.203273167
2018/9/24,6586.794102,7993.25,2919.37,12.2,1202.75,94.2622,0,2,3.67825,2.16,82.591464,-3.6453148
2018/9/23,6709.838127,7991.153333,2922.803333,12.02666667,1201.4,94.2454,0,2,3.681,2.156666667,83.84772317,-3.087356433
2018/9/22,6707.238115,7989.056667,2926.236667,11.85333333,1200.05,94.2286,0,2,3.68375,2.153333333,85.10398233,-2.529398067
2018/9/21,6744.696981,7986.96,2929.67,11.68,1198.7,94.2118,0,2,3.6865,2.15,86.3602415,-1.9714397
2018/9/20,6497.019131,8028.23,2930.75,11.8,1208.35,93.9024,0,2,3.6876,2.15,87.61650067,-1.413481333
2018/9/19,6397.127392,7950.04,2907.95,11.75,1203.3,94.5516,0,2,3.6652,2.15,88.87275983,-0.855522967
2018/9/18,6363.858467,7956.11,2904.31,12.79,1200.2,94.6383,0,2,3.6377,2.13,90.129019,-0.2975646
2018/9/17,6274.229074,7895.79,2888.8,13.68,1201.9,94.52,0,2,3.6326,2.1,91.38527817,0.260393767
2018/9/16,6512.152478,7933.873333,2894.193333,13.14333333,1201.916667,94.6722,0,2,3.6392,2.1,92.64153733,0.818352133
2018/9/15,6537.211073,7971.956667,2899.586667,12.60666667,1201.933333,94.8244,0,2,3.6458,2.1,93.8977965,1.3763105
2018/9/14,6509.223086,8010.04,2904.98,12.07,1201.95,94.9766,0,2,3.6524,2.1,95.15405567,1.934268867
2018/9/13,6501.145617,8013.71,2904.18,12.37,1209.8,94.5379,0,2,3.6598,2.1,96.41031483,2.492227233
2018/9/12,6359.149645,7954.23,2888.92,13.14,1195.6,94.8474,0,2,3.671,2.12,97.666574,3.0501856
2018/9/11,6306.694006,7972.47,2887.89,13.22,1189.85,95.0799,0,2,3.6746,2.12,98.92283317,3.608143967
2018/9/10,6330.669843,7924.16,2877.13,14.16,1196.6,95.1642,0,2,3.6369,2.1,100.1790923,4.166102333
2018/9/9,6277.682277,7916.953333,2875.313333,14.4,1197.366667,95.24736667,0,2,3.6335,2.1,101.4353515,4.7240607
2018/9/8,6214.51545,7909.746667,2873.496667,14.64,1198.133333,95.33053333,0,2,3.6301,2.1,102.6916107,5.282019067
2018/9/7,6436.841435,7902.54,2871.68,14.88,1198.9,95.4137,0,2,3.6267,2.1,103.9478698,5.839977433
2018/9/6,6519.675095,7922.73,2878.05,14.65,1205.15,95.0357,0,2,3.6167,2.08,105.204129,6.3979358
2018/9/5,6714.906125,7995.17,2888.6,13.91,1196.7,95.1148,0,2,3.6079,2.09,106.4603882,6.955894167
2018/9/4,7360.989295,8091.25,2896.72,13.16,1190.85,95.4349,0,2,3.5966,2.1,107.7166473,7.513852533
2018/9/3,7268.864743,8095.8225,2897.92,13.085,1200.05,95.1228,0,2,3.5715,2.095,108.9729065,8.0718109
2018/9/2,7277.239549,8100.395,2899.12,13.01,1200.85,95.1223,0,2,3.5789,2.09,110.2291657,8.629769267
2018/9/1,7193.248733,8104.9675,2900.32,12.935,1201.65,95.1218,0,2,3.5863,2.085,111.4854248,9.187727633
2018/8/31,7018.26405,8109.54,2901.52,12.86,1202.45,95.1213,0,2,3.5937,2.08,112.741684,9.745686
2018/8/30,6973.880312,8088.36,2901.13,13.53,1197.3,94.6792,0,2,3.6111,2.1,112.6541596,9.630828129
2018/8/29,7036.643094,8109.69,2914.04,12.25,1204.2,94.54,0,2,3.6232,2.12,112.5666352,9.515970258
2018/8/28,7082.637385,8030.04,2897.52,12.5,1212.25,94.715,0,2,3.6356,2.11,112.4791107,9.401112387
2018/8/27,6883.391277,8017.9,2896.74,12.16,1208.6125,94.7774,0,2,3.6342,2.11,112.3915863,9.286254516
2018/8/26,6705.158423,7993.926667,2889.39,12.10333333,1204.975,94.9095,0,2,3.627966667,2.103333333,112.3040619,9.171396645
2018/8/25,6745.155573,7969.953333,2882.04,12.04666667,1201.3375,95.0416,0,2,3.621733333,2.096666667,112.2165375,9.056538774
2018/8/24,6709.592961,7945.98,2874.69,11.99,1197.7,95.1737,0,2,3.6155,2.09,112.1290131,8.941680903
2018/8/23,6528.524415,7878.46,2856.98,12.41,1192.35,95.636,0,2,3.6166,2.09,112.0414886,8.826823032
2018/8/22,6376.530714,7889.1,2861.82,12.25,1196.65,95.0982,0,2,3.6303,2.08,111.9539642,8.711965161
2018/8/21,6482.48094,7859.17,2862.96,12.86,1190.95,95.2557,0,2,3.6594,2.08,111.8664398,8.59710729
2018/8/20,6291.971192,7821.01,2857.05,12.49,1184.35,95.7935,0,2,3.6575,2.07,111.7789154,8.482249419
2018/8/19,6509.311913,7819.45,2854.743333,12.54,1182.366667,95.90353333,0,2,3.652733333,2.073333333,111.691391,8.367391548
2018/8/18,6420.016879,7817.89,2852.436667,12.59,1180.383333,96.01356667,0,2,3.647966667,2.076666667,111.6038665,8.252533677
2018/8/17,6587.234439,7816.33,2850.13,12.64,1178.4,96.1236,0,2,3.6432,2.08,111.5163421,8.137675806
2018/8/16,6329.69734,7806.52,2840.69,13.45,1180.4,96.5895,0,2,3.5736,2.08,111.4288177,8.022817935
2018/8/15,6306.298266,7774.12,2818.37,14.64,1182,96.7211,0,2,3.5671,2.08,111.3412933,7.907960065
2018/8/14,6207.11752,7870.9,2839.96,13.31,1197,96.6668,0,2,3.5695,2.09,111.2537689,7.793102194
2018/8/13,6284.928115,7819.71,2821.93,14.78,1200.35,96.2934,0,2,3.5828,2.1,111.1662445,7.678244323
2018/8/12,6342.511734,7826.176667,2825.713333,14.24,1205.033333,96.30526667,0,2,3.575833333,2.096666667,111.07872,7.563386452
2018/8/11,6293.915942,7832.643333,2829.496667,13.7,1209.716667,96.31713333,0,2,3.568866667,2.093333333,110.9911956,7.448528581
2018/8/10,6183.831056,7839.11,2833.28,13.16,1214.4,96.329,0,2,3.5619,2.09,110.9036712,7.33367071
2018/8/9,6563.764604,7891.78,2853.58,11.27,1214.35,95.6187,0,2,3.555,2.11,110.8161468,7.218812839
2018/8/8,6281.517374,7888.33,2857.7,10.85,1209.55,95.1103,0,2,3.5029,2.11,110.7286224,7.103954968
2018/8/7,6732.82669,7883.66,2858.45,10.93,1212.35,95.1809,0,2,3.4654,2.13,110.6410979,6.989097097
2018/8/6,6935.713092,7859.68,2850.4,11.27,1209.65,95.3709,0,2,3.4583,2.11,110.5535735,6.874239226
2018/8/5,7041.990104,7843.793333,2847.05,11.39333333,1211.866667,95.3197,0,2,3.465633333,2.113333333,110.4660491,6.759381355
2018/8/4,7017.844894,7827.906667,2843.7,11.51666667,1214.083333,95.2685,0,2,3.472966667,2.116666667,110.3785247,6.644523484
2018/8/3,7422.438043,7812.02,2840.35,11.64,1216.3,95.2173,0,2,3.4803,2.12,110.2910003,6.529665613
2018/8/2,7551.493153,7802.69,2827.22,12.19,1215.45,95.1767,0,2,3.4741,2.12,110.2034758,6.414807742
2018/8/1,7596.721803,7707.29,2813.36,13.15,1219,94.6703,0,2,3.4926,2.13,110.1159514,6.299949871
2018/7/31,7752.144492,7671.79,2816.29,12.83,1220.95,94.5372,0,2,3.5079,2.12,110.028427,6.185092
2018/7/30,8181.184914,7630,2802.6,14.26,1223.8,94.2849,0,2,3.5227,2.13,109.8329484,5.539661774
2018/7/29,8211.614335,7665.806667,2808.006667,13.85,1223.85,94.42,0,2,3.525866667,2.126666667,109.6374698,4.894231548
2018/7/28,8195.281388,7701.613333,2813.413333,13.44,1223.9,94.5551,0,2,3.529033333,2.123333333,109.4419912,4.248801323
2018/7/27,8158.491094,7737.42,2818.82,13.03,1223.95,94.6902,0,2,3.5322,2.12,109.2465125,3.603371097
2018/7/26,7933.673932,7852.19,2837.44,12.14,1228.25,94.7715,0,2,3.5444,2.11,109.0510339,2.957940871
2018/7/25,8179.363887,7932.24,2846.07,12.29,1231.5,94.2175,0,2,3.5643,2.13,108.8555553,2.312510645
2018/7/24,8338.94062,7840.77,2820.4,12.41,1228.35,94.5978,0,2,3.5541,2.11,108.6600767,1.667080419
2018/7/23,7712.930732,7841.87,2806.98,12.62,1224.95,94.6368,0,2,3.5142,2.11,108.4645981,1.021650194
2018/7/22,7391.747574,7834.646667,2805.263333,12.7,1226.216667,94.58193333,0,2,3.4925,2.11,108.2691195,0.376219968
2018/7/21,7400.986497,7827.423333,2803.546667,12.78,1227.483333,94.52706667,0,2,3.4708,2.11,108.0736409,-0.269210258
2018/7/20,7329.843348,7820.2,2801.83,12.86,1228.75,94.4722,0,2,3.4491,2.11,107.8781623,-0.914640484
2018/7/19,7443.660646,7825.3,2804.49,12.87,1217.55,95.1939,0,2,3.4989,2.09,107.6826836,-1.56007071
2018/7/18,7353.883851,7854.44,2815.62,12.1,1224.5,95.1047,0,2,3.4692,2.09,107.487205,-2.205500935
2018/7/17,7317.330034,7855.12,2809.55,12.06,1232.8,94.9727,0,2,3.4804,2.09,107.2917264,-2.850931161
2018/7/16,6705.492444,7805.72,2798.43,12.83,1241.1,94.5135,0,2,3.479,2.1,107.0962478,-3.496361387
2018/7/15,6346.599551,7812.473333,2799.39,12.61333333,1241.3,94.5762,0,2,3.485666667,2.103333333,106.9007692,-4.141791613
2018/7/14,6250.050407,7819.226667,2800.35,12.39666667,1241.5,94.6389,0,2,3.492333333,2.106666667,106.7052906,-4.787221839
2018/7/13,6215.784718,7825.98,2801.31,12.18,1241.7,94.7016,0,2,3.499,2.11,106.509812,-5.432652065
2018/7/12,6202.442176,7823.92,2798.29,12.58,1245.9,94.8081,0,2,3.5188,2.1,106.3143334,-6.07808229
2018/7/11,6367.687185,7716.61,2774.02,13.63,1251.4,94.7371,0,2,3.5311,2.11,106.1188547,-6.723512516
2018/7/10,6319.83561,7759.2,2793.84,12.64,1254,94.1122,0,2,3.5472,2.13,105.9233761,-7.368942742
2018/7/9,6669.99851,7756.2,2784.17,12.69,1262.05,94.073,0,2,3.5369,2.13,105.7278975,-8.014372968
2018/7/8,6711.7568,7733.596667,2776.053333,12.91666667,1259.816667,94.0551,0,2,3.526433333,2.126666667,105.5324189,-8.659803194
2018/7/7,6718.701013,7710.993333,2767.936667,13.14333333,1257.583333,94.0372,0,2,3.515966667,2.123333333,105.3369403,-9.305233419
2018/7/6,6600.606901,7688.39,2759.82,13.37,1255.35,94.0193,0,2,3.5055,2.12,105.1414617,-9.950663645
2018/7/5,6532.499354,7586.43,2736.61,14.97,1255.5,94.3866,0,2,3.4956,2.13,104.9459831,-10.59609387
2018/7/4,6603.099909,7544.55,2724.915,15.555,1255.65,94.5441,0,2,3.513,2.125,104.7505045,-11.2415241
2018/7/3,6534.644903,7502.67,2713.22,16.14,1251.75,94.5893,0,2,3.4658,2.12,104.5550258,-11.88695432
2018/7/2,6595.968717,7567.69,2726.71,15.6,1247.8,94.854,0,2,3.492,2.14,104.3595472,-12.53238455
2018/7/1,6364.401842,7548.56,2723.93,15.76333333,1248.683333,94.7421,0,2,3.486733333,2.13,104.1640686,-13.17781477
2018/6/30,6376.564855,7529.43,2721.15,15.92666667,1249.566667,94.6302,0,2,3.481466667,2.12,103.96859,-13.823245
2018/6/29,6127.560923,7510.3,2718.37,16.09,1250.45,94.5183,0,2,3.4762,2.11,104.6918576,-13.97455407
2018/6/28,5912.435446,7503.68,2716.31,16.85,1251.55,95.2788,0,2,3.5408,2.1,105.4151252,-14.12586313
2018/6/27,6108.694146,7445.09,2699.63,17.91,1254.6,95.3278,0,2,3.5706,2.11,106.1383928,-14.2771722
2018/6/26,6103.03072,7561.63,2723.06,15.92,1260.3,94.6765,0,2,3.5804,2.12,106.8616604,-14.42848127
2018/6/25,6238.074119,7532.01,2717.07,17.33,1268.7,94.299,0,2,3.5742,2.1,107.584928,-14.57979033
2018/6/24,6149.117943,7585.613333,2729.673333,16.14333333,1268.85,94.3812,0,2,3.5737,2.106666667,108.3081956,-14.7310994
2018/6/23,6156.300264,7639.216667,2742.276667,14.95666667,1269,94.4634,0,2,3.5732,2.113333333,109.0314632,-14.88240847
2018/6/22,6071.720089,7692.82,2754.88,13.77,1269.15,94.5456,0,2,3.5727,2.12,109.7547308,-15.03371753
2018/6/21,6711.941657,7712.95,2749.76,14.64,1266.15,94.8833,0,2,3.5801,2.11,110.4779984,-15.1850266
2018/6/20,6734.137828,7781.52,2767.32,12.79,1274.2,95.1234,0,2,3.5764,2.12,111.201266,-15.33633567
2018/6/19,6722.636753,7725.59,2762.59,13.35,1276.15,95.0029,0,2,3.6048,2.12,111.9245336,-15.48764473
2018/6/18,6700.596021,7747.03,2773.75,12.31,1281.55,94.7543,0,2,3.603225,2.12,112.6478012,-15.6389538
2018/6/17,6461.213025,7746.813333,2775.72,12.2,1282.783333,94.77173333,0,2,3.60165,2.12,113.3710688,-15.79026287
2018/6/16,6505.755311,7746.596667,2777.69,12.09,1284.016667,94.78916667,0,2,3.600075,2.12,114.0943364,-15.94157193
2018/6/15,6473.773491,7746.38,2779.66,11.98,1285.25,94.8066,0,2,3.5985,2.12,114.817604,-16.092881
2018/6/14,6649.438347,7761.04,2782.49,12.12,1302.75,94.9264,0,2,3.6245,2.12,115.5408716,-16.24419007
2018/6/13,6308.396028,7695.7,2775.63,12.94,1296.15,93.5677,0,1.75,3.6768,2.12,116.2641392,-16.39549913
2018/6/12,6558.514878,7703.79,2786.85,12.34,1298.65,93.8341,0,1.75,3.6692,2.13,116.9874068,-16.5468082
2018/6/11,6847.943671,7659.93,2782,12.35,1299.6,93.5841,0,1.75,3.6517,2.13,117.7106744,-16.69811727
2018/6/10,6797.078904,7655.123333,2781.01,12.29333333,1299.15,93.57286667,0,1.75,3.6529,2.123333333,118.433942,-16.84942633
2018/6/9,7559.667409,7650.316667,2780.02,12.23666667,1298.7,93.56163333,0,1.75,3.6541,2.116666667,119.1572096,-17.0007354
2018/6/8,7622.637061,7645.51,2779.03,12.18,1298.25,93.5504,0,1.75,3.6553,2.11,119.8804772,-17.15204447
2018/6/7,7654.789136,7635.07,2770.37,12.13,1297.25,93.4379,0,1.75,3.6739,2.13,120.6037448,-17.30335353
2018/6/6,7577.593405,7689.24,2772.35,11.64,1300.1,93.6355,0,1.75,3.6637,2.14,121.3270124,-17.4546626
2018/6/5,7612.115176,7637.86,2748.8,12.4,1292.05,93.8748,0,1.75,3.6512,2.13,122.05028,-17.60597167
2018/6/4,7505.890508,7606.46,2746.87,12.74,1295.45,94.0243,0,1.75,3.6449,2.12,122.7735476,-17.75728073
2018/6/3,7684.931799,7589.083333,2742.786667,12.98,1295.166667,94.08226667,0,1.75,3.6361,2.11,123.4968152,-17.9085898
2018/6/2,7588.637728,7571.706667,2738.703333,13.22,1294.883333,94.14023333,0,1.75,3.6273,2.1,124.2200828,-18.05989887
2018/6/1,7525.473797,7554.33,2734.62,13.46,1294.6,94.1982,0,1.75,3.6185,2.09,124.9433504,-18.21120793
2018/5/31,7504.038587,7442.12,2705.27,15.43,1305.35,93.9859,0,1.75,3.6302,2.07,125.666618,-18.362517
2018/5/30,7411.621917,7462.45,2724.01,14.94,1300.7,94.0998,0,1.75,3.6024,2.06,125.5890972,-18.79816532
2018/5/29,7474.562016,7396.59,2689.86,17.02,1295.5,94.8624,0,1.75,3.6326,2.04,125.5115765,-19.23381365
2018/5/28,7149.250597,7405.905,2697.7275,16.07,1297.5,94.4202,0,1.75,3.6252,2.0525,125.4340557,-19.66946197
2018/5/27,7363.93676,7415.22,2705.595,15.12,1299.5,94.3703,0,1.75,3.639133333,2.065,125.3565349,-20.10511029
2018/5/26,7349.788652,7424.535,2713.4625,14.17,1301.5,94.3204,0,1.75,3.653066667,2.0775,125.2790141,-20.54075861
2018/5/25,7488.637221,7433.85,2721.33,13.22,1303.5,94.2705,0,1.75,3.667,2.09,125.2014934,-20.97640694
2018/5/24,7576.278752,7424.43,2727.76,12.53,1304.85,93.7907,0,1.75,3.6527,2.12,125.1239726,-21.41205526
2018/5/23,7570.538188,7425.96,2733.29,12.58,1289,93.9976,0,1.75,3.6699,2.14,125.0464518,-21.84770358
2018/5/22,8032.093711,7378.46,2724.44,13.22,1293.05,93.6027,0,1.75,3.68,2.15,124.968931,-22.2833519
2018/5/21,8399.115042,7394.04,2733.01,13.08,1288.35,93.5508,0,1.75,3.6997,2.16,124.8914103,-22.71900023
2018/5/20,8499.1229,7380.806667,2726.33,13.19333333,1288.333333,93.59706667,0,1.75,3.7062,2.156666667,124.8138895,-23.15464855
2018/5/19,8225.333519,7367.573333,2719.65,13.30666667,1288.316667,93.64333333,0,1.75,3.7127,2.153333333,124.7363687,-23.59029687
2018/5/18,8236.681884,7354.34,2712.97,13.42,1288.3,93.6896,0,1.75,3.7192,2.15,124.6588479,-24.02594519
2018/5/17,8088.947899,7382.47,2720.13,13.43,1289.5,93.4842,0,1.75,3.7096,2.16,124.5813272,-24.46159352
2018/5/16,8343.900226,7398.3,2722.46,13.42,1291.25,93.3775,0,1.75,3.733,2.17,124.5038064,-24.89724184
2018/5/15,8515.701134,7351.63,2711.45,14.63,1295,93.2779,0,1.75,3.7068,2.18,124.4262856,-25.33289016
2018/5/14,8740.312768,7411.32,2730.13,12.93,1319.85,92.6826,0,1.75,3.6964,2.15,124.3487648,-25.76853848
2018/5/13,8699.820503,7408.506667,2729.326667,12.83666667,1321.35,92.64736667,0,1.75,3.6914,2.15,124.2712441,-26.20418681
2018/5/12,8488.213129,7405.693333,2728.523333,12.74333333,1322.85,92.61213333,0,1.75,3.6864,2.15,124.1937233,-26.63983513
2018/5/11,8422.66381,7402.88,2727.72,12.65,1324.35,92.5769,0,1.75,3.6814,2.15,124.1162025,-27.07548345
2018/5/10,9037.392112,7404.98,2723.07,13.23,1318.8,92.7175,0,1.75,3.7011,2.17,124.0386817,-27.51113177
2018/5/9,9327.374047,7339.91,2697.79,13.42,1313.85,93.1134,0,1.75,3.7035,2.18,123.961161,-27.9467801
2018/5/8,9233.687914,7266.9,2671.92,14.71,1306.6,93.0814,0,1.75,3.6957,2.16,123.8836402,-28.38242842
2018/5/7,9372.878004,7265.21,2672.63,14.75,1307.3,92.7726,0,1.75,3.6278,2.17,123.8061194,-28.81807674
2018/5/6,9666.853489,7246.68,2669.56,14.75666667,1308,92.70873333,0,1.75,3.6339,2.166666667,123.7285986,-29.25372506
2018/5/5,9864.060649,7228.15,2666.49,14.76333333,1308.7,92.64486667,0,1.75,3.64,2.163333333,123.6510779,-29.68937339
2018/5/4,9718.724265,7209.62,2663.42,14.77,1309.4,92.581,0,1.75,3.6461,2.16,123.5735571,-30.12502171
2018/5/3,9769.290293,7088.15,2629.73,15.9,1315.05,92.4228,0,1.75,3.6602,2.16,123.4960363,-30.56067003
2018/5/2,9236.704389,7100.9,2635.67,15.97,1304.2,92.7494,0,1.75,3.641,2.17,123.4185155,-30.99631835
2018/5/1,9096.810022,7130.7,2654.8,15.49,1307.1,92.4711,0,1.75,3.633075,2.16,123.3409948,-31.43196668
2018/4/30,9240.335679,7066.27,2648.05,15.93,1313.2,91.8378,0,1.75,3.62515,2.17,123.263474,-31.867615
2018/4/29,9413.409305,7084.113333,2655.336667,15.75666667,1315.966667,91.72886667,0,1.75,3.617225,2.17,122.8867681,-31.79151727
2018/4/28,9337.281363,7101.956667,2662.623333,15.58333333,1318.733333,91.61993333,0,1.75,3.6093,2.17,122.5100621,-31.71541953
2018/4/27,8974.089791,7119.8,2669.91,15.41,1321.5,91.511,0,1.75,3.634,2.17,122.1333562,-31.6393218
2018/4/26,9268.527837,7118.68,2666.94,16.24,1320.7,91.5845,0,1.75,3.622,2.18,121.7566503,-31.56322407
2018/4/25,8846.751895,7003.74,2639.4,17.84,1321.65,91.2584,0,1.75,3.587,2.17,121.3799443,-31.48712633
2018/4/24,9715.110088,7007.35,2634.56,18.02,1328.85,90.7981,0,1.75,3.6043,2.17,121.0032384,-31.4110286
2018/4/23,8924.023356,7128.6,2670.29,16.34,1324.3,90.9279,0,1.75,3.5869,2.18,120.6265325,-31.33493087
2018/4/22,8787.210206,7134.443333,2670.24,16.52,1328.45,90.72903333,0,1.75,3.5687,2.176666667,120.2498265,-31.25883313
2018/4/21,8884.348604,7140.286667,2670.19,16.7,1332.6,90.53016667,0,1.75,3.5505,2.173333333,119.8731206,-31.1827354
2018/4/20,8813.044081,7146.13,2670.14,16.88,1336.75,90.3313,0,1.75,3.5323,2.17,119.4964147,-31.10663767
2018/4/19,8280.64311,7238.06,2693.13,15.96,1348.6,89.8928,0,1.75,3.5295,2.17,119.1197087,-31.03053993
2018/4/18,8133.862763,7295.24,2708.64,15.6,1351.45,89.6321,0,1.75,3.5023,2.16,118.7430028,-30.9544422
2018/4/17,7889.50363,7281.1,2706.39,15.25,1342.1,89.5012,0,1.75,3.6445,2.14,118.3662969,-30.87834447
2018/4/16,8038.471105,7156.29,2677.84,16.56,1349.35,89.4372,0,1.75,3.6841,2.12,117.9895909,-30.80224673
2018/4/15,8301.987534,7139.743333,2670.66,16.84333333,1347.466667,89.5598,0,1.75,3.690566667,2.123333333,117.612885,-30.726149
2018/4/14,7910.243775,7123.196667,2663.48,17.12666667,1345.583333,89.6824,0,1.75,3.697033333,2.126666667,117.2361791,-30.65005127
2018/4/13,7866.931623,7106.65,2656.3,17.41,1343.7,89.805,0,1.75,3.7035,2.13,116.8594731,-30.57395353
2018/4/12,7821.822517,7140.25,2663.99,18.49,1341.35,89.7856,0,1.75,3.7212,2.13,116.4827672,-30.4978558
2018/4/11,6932.843296,7069.03,2642.19,20.24,1350.75,89.5242,0,1.75,3.7212,2.11,116.1060613,-30.42175807
2018/4/10,6844.301557,7094.3,2656.87,20.47,1338.95,89.6213,0,1.75,3.7087,2.08,115.7293553,-30.34566033
2018/4/9,6772.871609,6950.34,2613.16,21.77,1331.95,89.8399,0,1.75,3.7039,2.07,115.3526494,-30.2695626
2018/4/8,7000.923355,6938.596667,2610.263333,21.67666667,1331.7,89.9388,0,1.75,3.7035,2.07,114.9759435,-30.19346487
2018/4/7,6894.151859,6926.853333,2607.366667,21.58333333,1331.45,90.0377,0,1.75,3.71225,2.07,114.5992375,-30.11736713
2018/4/6,6637.296686,6915.11,2604.47,21.49,1331.2,90.1366,0,1.75,3.721,2.07,114.2225316,-30.0412694
2018/4/5,6819.726657,7076.55,2662.84,18.94,1327.7,90.4383,0,1.75,3.72975,2.08,113.8458257,-29.96517167
2018/4/4,6840.93611,7042.11,2644.69,20.06,1337.3,90.1421,0,1.75,3.7385,2.08,113.4691197,-29.88907393
2018/4/3,7454.69179,6941.28,2614.45,21.1,1333.45,90.1819,0,1.75,3.7237,2.08,113.0924138,-29.8129762
2018/4/2,7061.622526,6870.12,2581.88,23.62,1331.53,90.0335,0,1.75,3.7509,2.05,112.7157079,-29.73687847
2018/4/1,6830.630577,6918.4525,2596.6275,22.7075,1329.61,90.01663333,0,1.75,3.744233333,2.05,112.3390019,-29.66078073
2018/3/31,6955.124518,6966.785,2611.375,21.795,1327.69,89.99976667,0,1.75,3.737566667,2.05,111.962296,-29.584683
2018/3/30,6880.453144,7015.1175,2626.1225,20.8825,1325.77,89.9829,0,1.75,3.7309,2.05,110.4309758,-29.67270874
2018/3/29,7178.058623,7063.45,2640.87,19.97,1323.85,90.0937,0,1.75,3.7511,2.05,108.8996557,-29.76073448
2018/3/28,7954.826953,6949.23,2605,22.87,1332.45,90.0856,0,1.75,3.7233,2.05,107.3683355,-29.84876023
2018/3/27,7828.221732,7008.81,2612.62,22.5,1341.45,89.3451,0,1.75,3.7507,2.07,105.8370154,-29.93678597
2018/3/26,8187.383924,7220.54,2658.55,21.03,1352.4,89.0738,0,1.75,3.7431,2.08,104.3056952,-30.02481171
2018/3/25,8466.556129,7144.583333,2635.12,22.31,1350.466667,89.22076667,0,1.75,3.744666667,2.076666667,102.774375,-30.11283745
2018/3/24,8661.018753,7068.626667,2611.69,23.59,1348.533333,89.36773333,0,1.75,3.746233333,2.073333333,101.2430549,-30.20086319
2018/3/23,8865.051157,6992.67,2588.26,24.87,1346.6,89.5147,0,1.75,3.7478,2.07,99.71173471,-30.28888894
2018/3/22,8721.57,7166.68,2643.69,23.34,1329.15,89.8605,0,1.75,3.7582,2.08,98.18041455,-30.37691468
2018/3/21,8978.01899,7345.29,2711.93,17.86,1321.35,89.708,0,1.5,3.7633,2.09,96.64909439,-30.46494042
2018/3/20,8892.783654,7364.3,2716.94,18.2,1311,90.4277,0,1.5,3.7982,2.08,95.11777423,-30.55296616
2018/3/19,8588.661986,7344.24,2712.92,19.02,1312.4,89.9199,0,1.5,3.818,2.08,93.58645406,-30.6409919
2018/3/18,8092.439642,7390.156667,2725.95,17.94666667,1311.633333,90.0099,0,1.5,3.8221,2.08,92.0551339,-30.72901765
2018/3/17,7906.38397,7436.073333,2738.98,16.87333333,1310.866667,90.0999,0,1.5,3.8262,2.08,90.52381374,-30.81704339
2018/3/16,8315.139163,7481.99,2752.01,15.8,1310.1,90.1899,0,1.5,3.8303,2.08,88.99249358,-30.90506913
2018/3/15,8291.944666,7481.74,2747.33,16.59,1318.75,90.1284,0,1.5,3.8352,2.08,87.46117342,-30.99309487
2018/3/14,8262.032897,7496.81,2749.48,17.23,1323.55,89.766,0,1.5,3.8425,2.07,85.92985326,-31.08112061
2018/3/13,9208.440502,7511.01,2765.31,16.35,1322.75,89.7235,0,1.5,3.8323,2.09,84.3985331,-31.16914635
2018/3/12,9216.378706,7588.33,2783.02,15.78,1319.15,89.9221,0,1.5,3.8298,2.1,82.86721294,-31.2571721
2018/3/11,9570.367448,7579.156667,2784.203333,15.4,1319.633333,89.9928,0,1.5,3.825633333,2.106666667,81.33589277,-31.34519784
2018/3/10,8894.85712,7569.983333,2785.386667,15.02,1320.116667,90.0635,0,1.5,3.821466667,2.113333333,79.80457261,-31.43322358
2018/3/9,9345.521676,7560.81,2786.57,14.64,1320.6,90.1342,0,1.5,3.8173,2.12,78.27325245,-31.52124932
2018/3/8,9433.592923,7427.95,2738.97,16.54,1321,90.1302,0,1.5,3.8073,2.11,76.74193229,-31.60927506
2018/3/7,9968.268316,7396.65,2726.8,17.76,1329.4,89.5903,0,1.5,3.8272,2.13,75.21061213,-31.69730081
2018/3/6,10697.57229,7372.01,2728.12,18.36,1331.4,89.5933,0,1.5,3.8372,2.12,73.67929197,-31.78532655
2018/3/5,11527.56879,7330.71,2720.94,18.73,1320.4,89.9968,0,1.5,3.8371,2.13,72.14797181,-31.87335229
2018/3/4,11516.38357,7306.43,2711.043333,19.01666667,1321.033333,89.99756667,0,1.5,3.835366667,2.126666667,70.61665165,-31.96137803
2018/3/3,11494.89894,7282.15,2701.146667,19.30333333,1321.666667,89.99833333,0,1.5,3.833633333,2.123333333,69.08533148,-32.04940377
2018/3/2,11095.09196,7257.87,2691.25,19.59,1322.3,89.9991,0,1.5,3.8319,2.12,67.55401132,-32.13742952
2018/3/1,10929.7655,7180.56,2677.67,22.47,1307.75,90.2646,0,1.5,3.8318,2.1,66.02269116,-32.22545526
2018/2/28,10412.02401,7273.01,2713.83,19.85,1317.85,90.6693,0,1.5,3.8383,2.12,64.491371,-32.313481
2018/2/27,10736.49053,7330.35,2744.28,18.59,1325.75,90.379,0,1.5,3.8567,2.13,65.48906446,-31.95522864
2018/2/26,10371.77268,7421.46,2779.6,15.8,1333.5,89.871,0,1.5,3.8719,2.13,66.48675793,-31.59697629
2018/2/25,9699.647408,7393.436667,2768.833333,16.03,1331.65,89.87706667,0,1.5,3.88045,2.126666667,67.48445139,-31.23872393
2018/2/24,9843.276427,7365.413333,2758.066667,16.26,1329.8,89.88313333,0,1.5,3.889,2.123333333,68.48214486,-30.88047157
2018/2/23,10348.06763,7337.39,2747.3,16.49,1327.95,89.8892,0,1.5,3.8865,2.12,69.47983832,-30.52221921
2018/2/22,9987.171846,7210.09,2703.96,18.72,1328.35,89.7418,0,1.5,3.882,2.11,70.47753179,-30.16396686
2018/2/21,10680.36171,7218.23,2701.33,20.02,1330.5,90.1088,0,1.5,3.8812625,2.12,71.47522525,-29.8057145
2018/2/20,11446.21506,7234.31,2716.26,20.6,1339.85,89.718,0,1.5,3.880525,2.1,72.47291871,-29.44746214
2018/2/19,11191.90266,7235.6,2720.25,20.315,1346.6,89.2083,0,1.5,3.8797875,2.0975,73.47061218,-29.08920979
2018/2/18,10576.17556,7236.89,2724.24,20.03,1348.433333,89.1833,0,1.5,3.87905,2.095,74.46830564,-28.73095743
2018/2/17,11095.6086,7238.18,2728.23,19.745,1350.266667,89.1583,0,1.5,3.8783125,2.0925,75.46599911,-28.37270507
2018/2/16,10245.30885,7239.47,2732.22,19.46,1352.1,89.1333,0,1.5,3.877575,2.09,76.46369257,-28.01445271
2018/2/15,10117.07499,7256.43,2731.2,19.13,1352.45,88.5685,0,1.5,3.8768375,2.11,77.46138604,-27.65620036
2018/2/14,9505.15,7143.62,2698.63,19.26,1336.25,89.0168,0,1.5,3.8761,2.09,78.4590795,-27.297948
2018/2/13,8577.572064,7013.51,2662.94,24.97,1325.35,89.7212,0,1.5,3.8859,2.05,79.45677296,-26.93969564
2018/2/12,8863.252806,6981.96,2656,25.61,1322.3,90.1347,0,1.5,3.8809,2.07,80.45446643,-26.58144329
2018/2/11,8099.307366,6946.136667,2643.85,26.76,1319.566667,90.20136667,0,1.5,3.8907,2.063333333,81.45215989,-26.22319093
2018/2/10,8624.238538,6910.313333,2631.7,27.91,1316.833333,90.26803333,0,1.5,3.8893,2.056666667,82.44985336,-25.86493857
2018/2/9,8684.106762,6874.49,2619.55,29.06,1314.1,90.3347,0,1.5,3.8879,2.05,83.44754682,-25.50668621
2018/2/8,8256.155151,6777.16,2581,33.46,1315.45,90.3033,0,1.5,3.8902,2.09,84.44524029,-25.14843386
2018/2/7,7587.933554,7051.98,2681.66,27.73,1324.65,90.3016,0,1.5,3.8967,2.1,85.44293375,-24.7901815
2018/2/6,7768.942755,7115.88,2695.14,29.98,1331.4,89.6655,0,1.5,3.9066,2.1,86.44062721,-24.43192914
2018/2/5,6905.959543,6967.53,2648.94,37.32,1333.6,89.6852,0,1.5,3.9153,2.1,87.43832068,-24.07367679
2018/2/4,8256.583798,7058.67,2686.67,30.65,1332.783333,89.52016667,0,1.5,3.913666667,2.113333333,88.43601414,-23.71542443
2018/2/3,9191.270888,7149.81,2724.4,23.98,1331.966667,89.35513333,0,1.5,3.912033333,2.126666667,89.43370761,-23.35717207
2018/2/2,8768.328115,7240.95,2762.13,17.31,1331.15,89.1901,0,1.5,3.9104,2.14,90.43140107,-22.99891971
2018/2/1,9171.249369,7385.86,2821.98,13.47,1341.35,88.6486,0,1.5,3.9204,2.11,91.42909454,-22.64066736
2018/1/31,10236.67507,7411.48,2823.81,13.54,1345.05,89.1201,0,1.5,4.0135,2.11,92.426788,-22.282415
2018/1/30,10084.49524,7402.48,2822.43,14.79,1344.9,89.1844,0,1.5,4.0277,2.1,92.11360948,-21.41962984
2018/1/29,11348.08379,7466.51,2853.53,13.84,1343.85,89.3578,0,1.5,4.028,2.09,91.80043097,-20.55684468
2018/1/28,11865.23189,7479.596667,2859.976667,12.92,1346.95,89.24536667,0,1.5,4.026333333,2.09,91.48725245,-19.69405952
2018/1/27,11446.46873,7492.683333,2866.423333,12,1350.05,89.13293333,0,1.5,4.024666667,2.09,91.17407394,-18.83127435
2018/1/26,11123.95015,7505.77,2872.87,11.08,1353.15,89.0205,0,1.5,4.023,2.09,90.86089542,-17.96848919
2018/1/25,11219.4367,7411.16,2839.25,11.58,1354.95,89.3528,0,1.5,4.0425,2.07,90.5477169,-17.10570403
2018/1/24,10821.59111,7415.06,2837.54,11.47,1353.7,89.2033,0,1.5,4.0425,2.07,90.23453839,-16.24291887
2018/1/23,10800.47262,7460.29,2839.13,11.1,1333.4,90.0919,0,1.5,4.0371,2.06,89.92135987,-15.38013371
2018/1/22,10917.30641,7408.03,2832.97,11.03,1332.6,90.3726,0,1.5,4.0516,2.06,89.60818135,-14.51734855
2018/1/21,11481.02513,7384.146667,2825.413333,11.11,1333.383333,90.48256667,0,1.5,4.051666667,2.06,89.29500284,-13.65456339
2018/1/20,12961.20566,7360.263333,2817.856667,11.19,1334.166667,90.59253333,0,1.5,4.051733333,2.06,88.98182432,-12.79177823
2018/1/19,11517.12995,7336.38,2810.3,11.27,1334.95,90.7025,0,1.5,4.0518,2.06,88.66864581,-11.92899306
2018/1/18,11305.3074,7296.05,2798.03,12.22,1332.2,90.5232,0,1.5,4.0213,2.05,88.35546729,-11.0662079
2018/1/17,11139.59209,7298.28,2802.56,11.91,1335.65,90.8823,0,1.5,4.0124,2.04,88.04228877,-10.20342274
2018/1/16,11445.84964,7223.69,2776.42,11.66,1333.85,90.4671,0,1.5,4.0076,2.03,87.72911026,-9.340637581
2018/1/15,13769.21644,7233.0325,2778.875,11.285,1339.25,90.4354,0,1.5,4.0146,2.025,87.41593174,-8.477852419
2018/1/14,13815.42967,7242.375,2781.33,10.91,1335.1,90.57743333,0,1.5,4.007233333,2.02,87.10275323,-7.615067258
2018/1/13,14552.77603,7251.7175,2783.785,10.535,1330.95,90.71946667,0,1.5,3.999866667,2.015,86.78957471,-6.752282097
2018/1/12,14089.11203,7261.06,2786.24,10.16,1326.8,90.8615,0,1.5,3.9925,2.01,86.47639619,-5.889496935
2018/1/11,13501.98144,7211.78,2767.56,9.88,1323.05,91.9163,0,1.5,3.9872,2,86.16321768,-5.026711774
2018/1/10,15065.00252,7153.57,2748.23,9.82,1319.75,92.3791,0,1.5,3.9532,2.03,85.85003916,-4.163926613
2018/1/9,14710.59636,7163.58,2751.29,10.08,1311,92.5063,0,1.5,3.9342,2.03,85.53686065,-3.301141452
2018/1/8,15218.63286,7157.39,2747.71,9.52,1319.95,92.3351,0,1.5,3.9385,2.02,85.22368213,-2.43835629
2018/1/7,16515.28737,7150.446667,2746.19,9.42,1319.016667,92.23233333,0,1.5,3.938433333,2.016666667,84.91050361,-1.575571129
2018/1/6,17162.01641,7143.503333,2744.67,9.32,1318.083333,92.12956667,0,1.5,3.938366667,2.013333333,84.5973251,-0.712785968
2018/1/5,16989.16148,7136.56,2743.15,9.22,1317.15,92.0268,0,1.5,3.9383,2.01,84.28414658,0.149999194
2018/1/4,15163.89895,7077.92,2723.99,9.22,1314.5,91.8691,0,1.5,3.9583,2.01,83.97096806,1.012784355
2018/1/3,15079.15218,7065.53,2713.06,9.15,1314.9,92.1708,0,1.5,3.9383,1.98,83.65778955,1.875569516
2018/1/2,14938.17668,7006.9,2695.81,9.77,1312.05,91.8616,0,1.5,3.8941,2,83.34461103,2.738354677
2018/1/1,13577.18855,6981.0225,2690.26,10.0875,1308.1625,92.2574,0,1.5,3.892775,1.99,83.03143252,3.601139839
