Date,Close, NASDAQ Composite Index,EMA,Google_trends,latest_size
2022/12/31,16538.3479,10446.6075,17139.776,19.93548387,1642020
2022/12/30,16603.75195,10466.48,17042.31708,19.87096774,538817
2022/12/29,16641.44486,10478.09,16969.43122,19.80645161,1649483
2022/12/28,16549.98327,10213.29,16893.16796,19.74193548,756520
2022/12/27,16706.45971,10353.23,16859.221,19.67741935,1619057
2022/12/26,16908.94843,10389.3875,16868.26235,19.61290323,228022
2022/12/25,16829.9184,10425.545,16861.29073,19.5483871,3395
2022/12/24,16833.8821,10461.7025,16856.30734,19.48387097,1491922
2022/12/23,16780.46368,10497.86,16842.51758,19.41935484,1462523
2022/12/22,16822.06214,10476.12,16838.79841,19.35483871,1486737
2022/12/21,16806.4165,10709.37,16832.91079,19.29032258,1176469
2022/12/20,16902.54219,10547.11,16845.57105,19.22580645,1594166
2022/12/19,16424.79671,10546.03,16769.06662,19.16129032,1546941
2022/12/18,16750.76581,10599.15667,16765.7392,19.09677419,175273
2022/12/17,16785.8923,10652.28333,16769.4034,19.03225806,266695
2022/12/16,16608.4932,10705.41,16740.147,18.96774194,1649932
2022/12/15,17339.45827,10810.53,16849.11269,18.90322581,360901
2022/12/14,17799.16897,11170.89,17021.85019,18.83870968,1273014
2022/12/13,17766.35055,11256.81,17157.21389,18.77419355,951389
2022/12/12,17220.81454,11143.74,17168.77765,18.70967742,1298398
2022/12/11,17091.91654,11097.36667,17154.8029,18.64516129,220756
2022/12/10,17114.34059,11050.99333,17147.44612,18.58064516,819702
2022/12/9,17123.38673,11004.62,17143.07168,18.51612903,1501455
2022/12/8,17254.8416,11082,17163.39348,18.4516129,871890
2022/12/7,16838.04747,10958.55,17104.23966,18.38709677,897698
2022/12/6,17088.37612,11014.89,17101.35538,18.32258065,1639756
2022/12/5,16959.33606,11239.94,17075.53369,18.25806452,458376
2022/12/4,17130.16533,11313.79333,17085.46671,18.19354839,86103
2022/12/3,16903.72363,11387.64667,17052.42252,18.12903226,1593193
2022/12/2,17088.4265,11461.5,17058.96869,18.06451613,1588799
2022/12/1,16956.1893,11482.45,17040.28153,18,1535416
2022/11/30,17188.63468,11468,17067.25483,18.26666667,1432563
2022/11/29,16436.1924,10983.78,16952.51621,18.53333333,1726413
2022/11/28,16212.40325,11049.5,16817.95021,18.8,1552586
2022/11/27,16432.36462,11108.45333,16747.84374,19.06666667,1367362
2022/11/26,16461.19452,11167.40667,16695.7257,19.33333333,1615552
2022/11/25,16511.91128,11226.36,16662.3049,19.6,1672894
2022/11/24,16597.7313,11255.84,16650.56424,19.86666667,1683627
2022/11/23,16615.2292,11285.32,16644.13969,20.13333333,1737980
2022/11/22,16174.9574,11174.41,16558.83382,20.4,1400382
2022/11/21,15779.9717,11024.51,16417.22253,20.66666667,2080570
2022/11/20,16291.4477,11065.02667,16394.35438,20.93333333,109675
2022/11/19,16715.83859,11105.54333,16452.80605,21.2,1503278
2022/11/18,16711.14178,11146.06,16499.77618,21.46666667,1276443
2022/11/17,16690.88953,11144.96,16534.52406,21.73333333,1354885
2022/11/16,16673.50771,11183.66,16559.79382,22,1325483
2022/11/15,16894.9265,11358.41,16620.72703,22.26666667,1156068
2022/11/14,16630.63746,11196.22,16622.52893,22.53333333,1547765
2022/11/13,16349.9976,11238.59,16572.97778,22.8,1427034
2022/11/12,16802.1943,11280.96,16614.65351,23.06666667,740190
2022/11/11,17104.1984,11323.33,16703.66167,23.33333333,1184673
2022/11/10,17590.41467,11114.15,16864.88949,23.6,1464577
2022/11/9,15789.34242,10353.17,16669.33548,23.86666667,1500055
2022/11/8,18528.52093,10616.2,17007.3692,24.13333333,695431
2022/11/7,20591.7459,10564.52,17659.07405,24.4,1449927
2022/11/6,20913.0539,10534.76333,18250.70675,24.66666667,821946
2022/11/5,21281.5851,10505.00667,18801.77554,24.93333333,1825799
2022/11/4,21156.078,10475.25,19229.83053,25.2,1495336
2022/11/3,20208.59651,10342.94,19407.78798,25.46666667,1590873
2022/11/2,20151.52308,10524.8,19543.01255,25.73333333,1337886
2022/11/1,20481.5549,10890.85,19713.65661,26,1518572
2022/10/31,20504.46023,10988.15,19857.43909,25.70967742,214837
2022/10/30,20621.7479,11026.25,19996.40433,25.41935484,772126
2022/10/29,20811.98837,11064.35,20144.69233,25.12903226,168796
2022/10/28,20608.2579,11102.45,20228.97698,24.83870968,43057
2022/10/27,20283.97975,10792.67,20238.97748,24.5483871,973599
2022/10/26,20754.02397,10970.99,20332.6223,24.25806452,319610
2022/10/25,20110.87556,11199.12,20292.30471,23.96774194,1350367
2022/10/24,19335.3937,10952.61,20118.32089,23.67741935,1413022
2022/10/23,19548.7249,10921.64667,20014.75798,23.38709677,15964
2022/10/22,19202.85297,10890.68333,19867.13889,23.09677419,45581
2022/10/21,19166.3286,10859.72,19739.71884,22.80645161,1481762
2022/10/20,19042.9309,10614.84,19613.03012,22.51612903,902847
2022/10/19,19124.9892,10680.51,19524.29541,22.22580645,1536597
2022/10/18,19351.0697,10772.4,19492.79982,21.93548387,1487542
2022/10/17,19558.1117,10675.8,19504.67471,21.64516129,1404547
2022/10/16,19259.62065,10557.66333,19460.11943,21.35483871,298584
2022/10/15,19054.8847,10439.52667,19386.44039,21.06451613,20394
2022/10/14,19191.0274,10321.39,19350.91075,20.77419355,1548369
2022/10/13,19380.6893,10649.15,19356.32503,20.48387097,293297
2022/10/12,19157.97735,10417.1,19320.26182,20.19354839,1623917
2022/10/11,19045.5416,10426.19,19270.31269,19.90322581,293238
2022/10/10,19135.37402,10542.1,19245.77838,19.61290323,57462
2022/10/9,19436.3351,10578.86667,19280.42506,19.32258065,211610
2022/10/8,19401.0105,10615.63333,19302.34969,19.03225806,546797
2022/10/7,19533.02825,10652.4,19344.29124,18.74193548,801435
2022/10/6,19948.2219,11073.31,19454.09682,18.4516129,658547
2022/10/5,20168.6041,11148.64,19584.00723,18.16129032,1791939
2022/10/4,20339.726,11176.41,19721.41064,17.87096774,1505864
2022/10/3,19610.3879,10815.43,19701.22469,17.58064516,1667618
2022/10/2,19035.34988,10735.49333,19580.15654,17.29032258,172860
2022/10/1,19305.1719,10655.55667,19530.15934,17,523284
2022/9/30,19449.60774,10575.62,19515.51359,17.13333333,642188
2022/9/29,19593.33746,10737.51,19529.66339,17.26666667,543694
2022/9/28,19399.48878,11051.64,19505.99528,17.4,1685552
2022/9/27,19098.47982,10829.5,19431.90156,17.53333333,233933
2022/9/26,19238.7536,10802.92,19396.78375,17.66666667,842988
2022/9/25,18814.0516,10824.59,19290.83245,17.8,739214
2022/9/24,18931.73411,10846.26,19225.54184,17.93333333,1405880
2022/9/23,19245.96942,10867.93,19229.25595,18.06666667,546628
2022/9/22,19429.13269,11066.8,19265.59717,18.2,1403398
2022/9/21,18501.82049,11220.19,19126.72869,18.33333333,1567452
2022/9/20,18873.2005,11425.05,19080.63265,18.46666667,1617025
2022/9/19,19576.6372,11535.02,19170.8153,18.6,1699824
2022/9/18,19393.59391,11506.14667,19211.3205,18.73333333,1078575
2022/9/17,20123.64055,11477.27333,19377.19687,18.86666667,207223
2022/9/16,19756.26819,11448.4,19446.11893,19,1502589
2022/9/15,19662.3883,11552.36,19485.44063,19.13333333,1504453
2022/9/14,20251.71983,11719.68,19624.76412,19.26666667,1515394
2022/9/13,20172.39246,11633.57,19724.33291,19.4,1505575
2022/9/12,22387.93863,12266.41,20208.62486,19.53333333,1020281
2022/9/11,21789.45241,12215.04333,20496.04805,19.66666667,1506818
2022/9/10,21661.704,12163.67667,20707.9855,19.8,1512245
2022/9/9,21370.64087,12112.31,20828.46829,19.93333333,1483132
2022/9/8,19318.4204,11862.13,20553.91413,20.06666667,548406
2022/9/7,19275.30356,11791.9,20321.43948,20.2,1352407
2022/9/6,18812.06104,11544.91,20047.00704,20.33333333,1867402
2022/9/5,19808.09596,11566.3975,20003.56866,20.46666667,382161
2022/9/4,19975.3081,11587.885,19998.43037,20.6,649180
2022/9/3,19834.79562,11609.3725,19968.6786,20.73333333,28450
2022/9/2,19927.5466,11630.86,19961.20006,20.86666667,1481261
2022/9/1,20145.5884,11785.13,19994.72521,21,1854780
2022/8/31,20046.9471,11816.2,20004.2201,21.03225806,1818365
2022/8/30,19768.0653,11883.14,19961.28286,21.06451613,397685
2022/8/29,20280.87118,12017.67,20019.38983,21.09677419,1539774
2022/8/28,19606.7351,12059.01667,19944.3617,21.12903226,54501
2022/8/27,20050.5705,12100.36333,19963.67239,21.16129032,1079311
2022/8/26,20215.51485,12141.71,20009.46193,21.19354839,204844
2022/8/25,21591.28483,12639.27,20297.06609,21.22580645,545943
2022/8/24,21378.10481,12431.53,20493.61859,21.25806452,1580180
2022/8/23,21516.13082,12381.3,20679.5299,21.29032258,1802453
2022/8/22,21418.635,12381.57,20813.91265,21.32258065,1746438
2022/8/21,21515.70635,12489.45,20941.5115,21.35483871,564965
2022/8/20,21163.4085,12597.33,20981.85641,21.38709677,1667450
2022/8/19,20840.72427,12705.21,20956.19602,21.41935484,508463
2022/8/18,23206.1852,12965.34,21365.28496,21.4516129,1555977
2022/8/17,23311.75915,12938.12,21719.18936,21.48387097,1571041
2022/8/16,23889.74606,13102.55,22113.83603,21.51612903,1936821
2022/8/15,24146.6057,13128.05,22483.43052,21.5483871,1590007
2022/8/14,24323.00217,13101.09667,22817.89809,21.58064516,1472021
2022/8/13,24427.97318,13074.14333,23110.63902,21.61290323,1490249
2022/8/12,24395.938,13047.19,23344.32974,21.64516129,13284
2022/8/11,23928.9778,12779.91,23450.62939,21.67741935,1591848
2022/8/10,23940.2045,12854.8,23539.64304,21.70967742,1441220
2022/8/9,23158.6991,12493.93,23470.38051,21.74193548,1671519
2022/8/8,23792.955,12644.46,23529.03042,21.77419355,1520411
2022/8/7,23170.70242,12648.82333,23463.87987,21.80645161,333747
2022/8/6,22938.3603,12653.18667,23368.33086,21.83870968,632773
2022/8/5,23225.78975,12657.55,23342.41429,21.87096774,1682373
2022/8/4,22635.52,12720.58,23213.88806,21.90322581,1758371
2022/8/3,22812.3048,12668.16,23140.87292,21.93548387,1437111
2022/8/2,22963.82554,12348.76,23108.68249,21.96774194,1603817
2022/8/1,23311.59284,12368.98,23145.57528,22,913402
2022/7/31,23314.4296,12376.21667,23176.27606,22.32258065,37277
2022/7/30,23642.24323,12383.45333,23260.99737,22.64516129,1259477
2022/7/29,23746.2734,12390.69,23349.22937,22.96774194,77086
2022/7/28,23847.01344,12162.59,23439.73557,23.29032258,898017
2022/7/27,22943.12042,12032.42,23349.44191,23.61290323,1564379
2022/7/26,21206.71524,11562.57,22959.85524,23.93548387,1235219
2022/7/25,21340.4673,11782.67,22665.42107,24.25806452,1169215
2022/7/24,22600.78471,11799.81667,22653.669,24.58064516,1079320
2022/7/23,22471.3157,11816.96333,22620.51386,24.90322581,472939
2022/7/22,22701.085,11834.11,22635.16316,25.22580645,1563127
2022/7/21,23180.0875,12059.61,22734.24031,25.5483871,1155193
2022/7/20,23244.5742,11897.65,22827.02829,25.87096774,1617259
2022/7/19,23407.3451,11713.15,22932.54044,26.19354839,1598659
2022/7/18,22440.03658,11360.05,22842.99428,26.51612903,1644470
2022/7/17,20769.40226,11390.84,22465.97755,26.83870968,1527338
2022/7/16,21192.11367,11421.63,22234.36594,27.16129032,1066316
2022/7/15,20831.31137,11452.42,21979.26511,27.48387097,1788918
2022/7/14,20587.5358,11251.19,21726.22341,27.80645161,1599440
2022/7/13,20187.1528,11247.58,21446.39239,28.12903226,1513589
2022/7/12,19313.26076,11264.73,21058.55028,28.4516129,747164
2022/7/11,19992.29457,11372.6,20864.6856,28.77419355,1560035
2022/7/10,20857.65584,11460.17,20863.40747,29.09677419,1437665
2022/7/9,21592.74175,11547.74,20996.0137,29.41935484,103509
2022/7/8,21801.08221,11635.31,21142.38979,29.74193548,1467003
2022/7/7,21647.16593,11621.35,21234.16727,30.06451613,1230168
2022/7/6,20557.53555,11361.85,21111.14332,30.38709677,1486072
2022/7/5,20185.96233,11322.24,20942.92859,30.70967742,1482809
2022/7/4,20255.6454,11273.6425,20817.96801,31.03225806,1055811
2022/7/3,19310.0755,11225.045,20543.80574,31.35483871,293611
2022/7/2,19246.50949,11176.4475,20307.93369,31.67741935,873822
2022/7/1,19336.10444,11127.85,20131.23747,32,1575286
2022/6/30,19816.74636,11028.74,20074.05726,32.3,104464
2022/6/29,20101.12,11177.89,20078.97776,32.6,1582471
2022/6/28,20293.4508,11181.54,20117.97286,32.9,1660560
2022/6/27,20732.9834,11524.55,20229.79296,33.2,1340386
2022/6/26,21029.2163,11552.24,20375.14266,33.5,1411271
2022/6/25,21499.97104,11579.93,20579.65691,33.8,1244095
2022/6/24,21279.53233,11607.62,20706.90698,34.1,1588633
2022/6/23,21075.1688,11232.19,20773.86368,34.4,11148
2022/6/22,19976.05359,11053.08,20628.8073,34.7,1656461
2022/6/21,20739.94339,11069.3,20649.01386,35,691100
2022/6/20,20672.8011,11001.5625,20653.33881,35.3,1698095
2022/6/19,20554.9027,10933.825,20635.44134,35.6,1431102
2022/6/18,19007.5031,10866.0875,20339.45257,35.9,207223
2022/6/17,20468.2145,10798.35,20362.86383,36.2,1644744
2022/6/16,20383.6889,10646.1,20366.6502,36.5,1540510
2022/6/15,22490.59073,11099.16,20752.82121,36.8,179433
2022/6/14,22209.515,10828.35,21017.67463,37.1,1142464
2022/6/13,22509.0994,10809.23,21288.84277,37.4,1578390
2022/6/12,26704.72936,10986.16,22273.54942,37.7,1201748
2022/6/11,28399.9749,11163.09,23387.44496,38,551023
2022/6/10,29082.53195,11340.02,24422.91532,38.3,1436921
2022/6/9,30111.70675,11754.23,25457.24104,38.6,493996
2022/6/8,30204.54858,12086.27,26320.38786,38.9,1074220
2022/6/7,31193.0692,12175.23,27206.32992,39.2,1754075
2022/6/6,31367.4226,12061.37,27962.89223,39.5,14410
2022/6/5,29909.21037,12045.15667,28316.76826,39.8,740729
2022/6/4,29840.07522,12028.94333,28593.73316,40.1,1855762
2022/6/3,29717.55805,12012.73,28798.06496,40.4,1771828
2022/6/2,30441.46505,12316.9,29096.86497,40.7,1588611
2022/6/1,29789.42113,11994.46,29222.78427,41,1461599
2022/5/31,31852.83438,12081.39,29700.9752,40.80645161,1686147
2022/5/30,31720.0295,12093.825,30068.07598,40.61290323,1258544
2022/5/29,29445.7241,12106.26,29954.9211,40.41935484,1678078
2022/5/28,29047.06027,12118.695,29789.85549,40.22580645,1856856
2022/5/27,28606.47447,12131.13,29574.69531,40.03225806,1702680
2022/5/26,29353.61926,11740.65,29534.49966,39.83870968,1239759
2022/5/25,29557.53374,11434.74,29538.68768,39.64516129,209054
2022/5/24,29674.1123,11264.45,29563.31033,39.4516129,1423088
2022/5/23,29114.08113,11535.28,29481.6323,39.25806452,1554921
2022/5/22,30366.04222,11475.06,29642.4341,39.06451613,1639618
2022/5/21,29449.98556,11414.84,29607.44346,38.87096774,1263369
2022/5/20,29234.03291,11354.62,29539.55063,38.67741935,1566955
2022/5/19,30376.33148,11388.5,29691.6926,38.48387097,1602005
2022/5/18,28760.1539,11418.15,29522.32193,38.29032258,564986
2022/5/17,30452.62433,11984.52,29691.46782,38.09677419,451782
2022/5/16,29880.54816,11662.79,29725.84606,37.90322581,1094092
2022/5/15,31333.76562,11710.19333,30018.19507,37.70967742,1646131
2022/5/14,30123.7756,11757.59667,30037.39153,37.51612903,1122707
2022/5/13,29250.004,11805,29894.23016,37.32258065,1246716
2022/5/12,29130.0386,11370.96,29755.28624,37.12903226,1376530
2022/5/11,28984.5358,11364.24,29615.1498,36.93548387,1096656
2022/5/10,31024.7033,11737.67,29871.43225,36.74193548,1077777
2022/5/9,30363.86562,11623.25,29960.96559,36.5483871,1318742
2022/5/8,33933.54281,11797.05333,30683.25236,36.35483871,1156431
2022/5/7,35552.564,11970.85667,31568.58175,36.16129032,1500504
2022/5/6,36033.0634,12144.66,32380.30569,35.96774194,332167
2022/5/5,36568.7596,12317.69,33141.84276,35.77419355,1710972
2022/5/4,39699.03396,12964.86,34334.05934,35.58064516,1230658
2022/5/3,37732.29975,12563.76,34951.92123,35.38709677,92018
2022/5/2,38503.90959,12536.02,35597.7373,35.19354839,481828
2022/5/1,38467.094,12468.89333,36119.43852,35,515946
2022/4/30,37660.45292,12401.76667,36399.62295,34.6,1211371
2022/4/29,38592.00442,12334.64,36798.23777,34.2,1549860
2022/4/28,39749.9386,12871.53,37334.91065,33.8,2110922
2022/4/27,39248.43928,12488.93,37682.82494,33.4,1444386
2022/4/26,38026.74626,12490.74,37745.35609,33,1113642
2022/4/25,40475.27521,13004.85,38241.70502,32.6,356905
2022/4/24,39479.99697,12949.66333,38466.84901,32.2,348153
2022/4/23,39419.5301,12894.47667,38640.06376,31.8,269325
2022/4/22,39757.5541,12839.29,38843.24382,31.4,1564330
2022/4/21,40528.7777,13174.65,39149.70452,31,971419
2022/4/20,41363.50366,13453.07,39552.21346,30.6,1523742
2022/4/19,41504.4185,13619.66,39907.15983,30.2,1413502
2022/4/18,40826.6711,13332.36,40074.3437,29.8,1704706
2022/4/17,39678.0001,13337.04,40002.28122,29.4,106088
2022/4/16,40386.5108,13341.72,40072.14115,29,23301
2022/4/15,40558.127,13346.4,40160.50221,28.6,1006042
2022/4/14,39909.71687,13351.08,40114.90488,28.2,1281915
2022/4/13,41160.0481,13643.59,40304.93092,27.8,758680
2022/4/12,40169.21512,13371.57,40280.25532,27.4,1514675
2022/4/11,39456.93304,13411.96,40130.56036,27,1450981
2022/4/10,42242.7841,13511.64,40514.60104,26.6,685327
2022/4/9,42788.71116,13611.32,40928.07561,26.2,803317
2022/4/8,42283.4292,13711,41174.50353,25.8,1560516
2022/4/7,43480.17472,13897.3,41593.71648,25.4,1455775
2022/4/6,43138.51947,13888.82,41874.58975,25,672797
2022/4/5,45573.53741,14204.17,42547.12569,24.6,1545180
2022/4/4,46605.60297,14532.55,43285.03065,24.2,1464040
2022/4/3,46430.69671,14442.2,43856.96993,23.8,198458
2022/4/2,45845.95756,14351.85,44218.60405,23.4,1512951
2022/4/1,46231.00476,14261.5,44584.49509,23,1465092
2022/3/31,45540.82639,14220.52,44758.3735,23.22580645,1563704
2022/3/30,47100.45937,14442.27,45184.2073,23.4516129,1856838
2022/3/29,47498.66565,14619.64,45605.01791,23.67741935,1496551
2022/3/28,46888.22115,14354.9,45838.32759,23.90322581,1325060
2022/3/27,46842.71955,14293.03333,46020.94431,24.12903226,1480763
2022/3/26,44533.21742,14231.16667,45750.44851,24.35483871,217723
2022/3/25,44365.18255,14169.3,45498.58197,24.58064516,9440
2022/3/24,43948.89113,14191.84,45216.82,24.80645161,1588045
2022/3/23,42925.97798,13922.6,44800.30327,25.03225806,804504
2022/3/22,42376.74422,14108.82,44359.65617,25.25806452,1444663
2022/3/21,41051.83346,13838.46,43758.23386,25.48387097,421538
2022/3/20,41252.05199,13856.92,43302.56443,25.70967742,315522
2022/3/19,42166.22954,13875.38,43095.95808,25.93548387,1351503
2022/3/18,41767.09817,13893.84,42854.34719,26.16129032,1438497
2022/3/17,40958.22516,13614.78,42509.59773,26.38709677,104034
2022/3/16,41147.27989,13436.55,42261.90358,26.61290323,1456928
2022/3/15,39302.01679,12948.62,41723.74234,26.83870968,324222
2022/3/14,39599.02437,12581.22,41337.42998,27.06451613,431761
2022/3/13,37824.35153,12668.75,40698.68845,27.29032258,155959
2022/3/12,38875.98605,12756.28,40367.28801,27.51612903,326664
2022/3/11,38770.04591,12843.81,40076.88036,27.74193548,1729386
2022/3/10,39461.35102,13129.96,39964.96593,27.96774194,888413
2022/3/9,41955.06532,13255.55,40326.80218,28.19354839,1541106
2022/3/8,38724.82009,12795.55,40035.53271,28.41935484,1688426
2022/3/7,37991.87947,12830.96,39663.9594,28.64516129,1091615
2022/3/6,38385.18525,12991.78667,39431.455,28.87096774,371641
2022/3/5,39409.21247,13152.61333,39427.41091,29.09677419,86666
2022/3/4,39120.0424,13313.44,39371.52572,29.32258065,1779196
2022/3/3,42450.88343,13537.94,39931.40894,29.5483871,1658324
2022/3/2,43938.47684,13752.02,40659.96674,29.77419355,1603764
2022/3/1,44359.8712,13532.46,41332.67664,30,1388822
2022/2/28,43181.1437,13751.4,41668.76156,30.17857143,1421759
2022/2/27,37714.48389,13732.47333,40949.80199,30.35714286,941015
2022/2/26,39033.5353,13713.54667,40601.38986,30.53571429,1492197
2022/2/25,39219.47676,13694.62,40350.13293,30.71428571,1620319
2022/2/24,38296.16593,13473.58,39976.68439,30.89285714,1554150
2022/2/23,37287.48634,13037.49,39487.73929,31.07142857,566930
2022/2/22,38302.8439,13381.52,39272.30376,31.25,641208
2022/2/21,37003.15356,13423.1575,38859.731,31.42857143,1129762
2022/2/20,38464.8528,13464.795,38787.93496,31.60714286,407378
2022/2/19,40112.55953,13506.4325,39028.77579,31.78571429,77993
2022/2/18,39976.23595,13548.07,39201.04128,31.96428571,1520051
2022/2/17,40491.0412,13716.72,39435.58672,32.14285714,1662850
2022/2/16,43997.7116,14124.09,40265.06397,32.32142857,180245
2022/2/15,44602.5315,14139.76,41053.69443,32.5,24468
2022/2/14,42594.9419,13790.92,41333.92124,32.67857143,1414024
2022/2/13,42235.5136,13790.99667,41497.84712,32.85714286,818493
2022/2/12,42126.3511,13791.07333,41612.12057,33.03571429,187665
2022/2/11,42377.6527,13791.15,41751.30823,33.21428571,1709935
2022/2/10,43524.37792,14185.64,42073.68454,33.39285714,1434853
2022/2/9,44283.9142,14490.37,42475.54448,33.57142857,1059947
2022/2/8,44082.39258,14194.46,42767.69868,33.75,1250266
2022/2/7,43905.99798,14015.67,42974.66219,33.92857143,1550349
2022/2/6,42388.07234,14043.11667,42868.00949,34.10714286,888191
2022/2/5,41360.0538,14070.56333,42593.83573,34.28571429,1466854
2022/2/4,41653.56036,14098.01,42422.87657,34.46428571,1568717
2022/2/3,37027.78,13878.82,41441.94992,34.64285714,1114407
2022/2/2,36835.9015,14417.55,40604.48657,34.82142857,106989
2022/2/1,38761.9683,14346,40269.48325,35,1576997
2022/1/31,38472.00624,14239.88,39942.66925,35.25806452,1321652
2022/1/30,37937.339,14083.44333,39578.06375,35.51612903,1292963
2022/1/29,38131.8236,13927.00667,39315.11099,35.77419355,97533
2022/1/28,37784.7229,13770.57,39036.85861,36.03225806,1164730
2022/1/27,37201.84235,13352.78,38703.21929,36.29032258,1501678
2022/1/26,36775.5295,13542.12,38352.73024,36.5483871,1521238
2022/1/25,36948.63103,13539.29,38097.43947,36.80645161,1447392
2022/1/24,36705.9179,13855.13,37844.43555,37.06451613,1577185
2022/1/23,36231.1426,13826.39333,37551.10956,37.32258065,1019304
2022/1/22,35015.93463,13797.65667,37090.16866,37.58064516,988431
2022/1/21,36400.668,13768.92,36964.80491,37.83870968,1529262
2022/1/20,40673.94412,14154.02,37639.19385,38.09677419,1301906
2022/1/19,41676.49878,14340.25,38373.24929,38.35483871,1629183
2022/1/18,42352.1359,14506.9,39096.68322,38.61290323,1478464
2022/1/17,42199.00911,14603.6125,39660.74247,38.87096774,1235764
2022/1/16,43104.67713,14700.325,40286.91241,39.12903226,313596
2022/1/15,43145.30763,14797.0375,40806.62063,39.38709677,863506
2022/1/14,43068.72658,14893.75,41217.91262,39.64516129,991319
2022/1/13,42580.3303,14806.81,41465.62493,39.90322581,377116
2022/1/12,43900.027,15188.39,41908.24349,40.16129032,1511083
2022/1/11,42674.2972,15153.45,42047.52598,40.41935484,136122
2022/1/10,41786.2184,14942.83,42000.01551,40.67741935,1706777
2022/1/9,41880.90095,14940.52,41978.35832,40.93548387,861209
2022/1/8,41752.93,14938.21,41937.37135,41.19354839,185072
2022/1/7,41512.9242,14935.9,41860.19914,41.4516129,421546
2022/1/6,43119.06386,15080.87,42089.08364,41.70967742,1862933
2022/1/5,43529.7281,15100.17,42351.01899,41.96774194,1640765
2022/1/4,45884.45966,15622.72,42993.46275,42.22580645,1530794
2022/1/3,46424.346,15832.8,43617.25971,42.48387097,1559516
2022/1/2,47313.6322,15770.19,44289.32743,42.74193548,332171
2022/1/1,47544.4994,15707.58,44881.17688,43,1026255
2021/12/31,46304.94959,15644.97,45140.04465,42.70967742,533206
2021/12/30,47161.0092,15741.56,45507.49275,42.41935484,1485842
2021/12/29,46408.30267,15766.22,45671.27637,42.12903226,1523114
2021/12/28,47637.8884,15781.72,46028.84219,41.83870968,1447061
2021/12/27,50650.17144,15871.26,46869.08388,41.5483871,1477072
2021/12/26,50799.97886,15816.7875,47583.79205,41.25806452,1454313
2021/12/25,50629.98124,15762.315,48137.64463,40.96774194,106602
2021/12/24,50771.9277,15707.8425,48616.60519,40.67741935,1316430
2021/12/23,50795.70373,15653.37,49012.80493,40.38709677,981281
2021/12/22,48648.50605,15521.89,48946.56877,40.09677419,914849
2021/12/21,48938.9095,15341.09,48945.17617,39.80645161,916379
2021/12/20,46878.42809,14980.94,48569.40379,39.51612903,1377678
2021/12/19,46686.4963,15043.85333,48227.05698,39.22580645,156220
2021/12/18,46871.01844,15106.76667,47980.50452,38.93548387,1333049
2021/12/17,46305.32715,15169.68,47675.92681,38.64516129,1236868
2021/12/16,47709.1644,15180.43,47681.97001,38.35483871,1526766
2021/12/15,48787.2417,15565.58,47882.9285,38.06451613,1485937
2021/12/14,48395.29567,15237.64,47976.08617,37.77419355,1643792
2021/12/13,46745.6254,15413.28,47752.36603,37.48387097,427005
2021/12/12,50116.99176,15485.72,48182.29798,37.19354839,1467578
2021/12/11,49286.36663,15558.16,48383.03773,36.90322581,1002583
2021/12/10,47092.3307,15630.6,48148.36373,36.61290323,186328
2021/12/9,47834.99429,15517.37,48091.38747,36.32258065,41351
2021/12/8,50471.21696,15786.99,48524.08374,36.03225806,1524905
2021/12/7,50559.94761,15686.92,48894.24081,35.74193548,952399
2021/12/6,50453.04698,15225.15,49177.66011,35.4516129,1478186
2021/12/5,49217.9124,15178.59,49184.97871,35.16129032,836207
2021/12/4,49014.11288,15132.03,49153.91219,34.87096774,1582823
2021/12/3,53708.6772,15085.47,49982.05129,34.58064516,581966
2021/12/2,56405.66892,15381.32,51149.98176,34.29032258,1564700
2021/12/1,57173.0795,15254.05,52245.09044,34,1678194
2021/11/30,57030.12565,15537.69,53115.09685,34,1644752
2021/11/29,57876.49424,15782.83,53980.80546,34,1607362
2021/11/28,57158.66834,15685.77333,54558.59871,34,103944
2021/11/27,54487.45022,15588.71667,54545.66262,34,14566
2021/11/26,53663.60159,15491.66,54385.28789,34,1534676
2021/11/25,58907.05076,15668.445,55207.42659,34,1483680
2021/11/24,57103.4606,15845.23,55552.16005,34,1547142
2021/11/23,57672.52894,15775.14,55937.68167,34,1524220
2021/11/22,56369.5245,15854.76,56016.19855,34,1143947
2021/11/21,58681.09231,15922.32,56500.72468,34,104305
2021/11/20,59815.37361,15989.88,57103.38813,34,777424
2021/11/19,58046.88915,16057.44,57274.93377,34,1986846
2021/11/18,56749.2716,15993.71,57179.35883,34,1365702
2021/11/17,60338.9249,15921.57,57753.82539,34,1458689
2021/11/16,60189.9985,15973.86,58196.76595,34,1241785
2021/11/15,63715.76978,15853.85,59200.22119,34,1691913
2021/11/14,65255.04686,15856.22,60301.09859,34,572606
2021/11/13,64471.04362,15858.59,61059.27041,34,1449123
2021/11/12,64315.36364,15860.96,61651.28736,34,74901
2021/11/11,64800.36102,15704.28,62223.84621,34,1431987
2021/11/10,64871.25216,15622.71,62705.19274,34,1608037
2021/11/9,66913.3364,15886.54,63470.30977,34,1537526
2021/11/8,67500.02474,15982.36,64202.98522,34,1520894
2021/11/7,63180.13308,15978.77,64017.0121,34,306054
2021/11/6,61416.30848,15975.18,63544.1569,34,913239
2021/11/5,61026.01799,15971.59,63086.31346,34,189450
2021/11/4,61367.93383,15940.31,62773.8808,34,1477280
2021/11/3,62941.48199,15811.58,62804.35375,34,1557090
2021/11/2,63175.51239,15649.6,62871.83713,34,1162481
2021/11/1,61065.03107,15595.92,62543.32694,34,1217319
2021/10/31,61339.97564,15563.41,62324.5358,34.09677419,366056
2021/10/30,61661.28735,15530.9,62203.94517,34.19354839,1602196
2021/10/29,62220.29366,15498.39,62206.91762,34.29032258,272292
2021/10/28,60438.74647,15448.12,61885.43196,34.38709677,1475227
2021/10/27,58681.0152,15235.84,61302.81073,34.48387097,1530218
2021/10/26,60396.4959,15235.71,61138.02622,34.58064516,1645991
2021/10/25,62989.5447,15226.71,61474.66594,34.67741935,1018927
2021/10/24,60849.6164,15181.20667,61361.02057,34.77419355,1469444
2021/10/23,61238.6222,15135.70333,61338.76632,34.87096774,1030334
2021/10/22,60694.00001,15090.2,61221.53608,34.96774194,741456
2021/10/21,62298.09301,15215.7,61417.2737,35.06451613,1523392
2021/10/20,65986.30294,15121.68,62248.00629,35.16129032,1415084
2021/10/19,64217.0839,15129.09,62606.0204,35.25806452,280351
2021/10/18,61953.2331,15021.81,62487.3318,35.35483871,1492585
2021/10/17,61582.25155,14980.32,62322.77176,35.4516129,794779
2021/10/16,60860.89184,14938.83,62056.97541,35.5483871,165786
2021/10/15,61526.33413,14897.34,61960.49518,35.64516129,1405109
2021/10/14,57351.73842,14823.43,61122.5394,35.74193548,1298004
2021/10/13,57357.6067,14571.63,60438.00618,35.83870968,825232
2021/10/12,56035.85825,14465.92,59637.61565,35.93548387,1543520
2021/10/11,57399.22647,14486.2,59230.6358,36.03225806,1557831
2021/10/10,54689.5713,14517.31333,58404.98771,36.12903226,100941
2021/10/9,55102.17221,14548.42667,57804.4758,36.22580645,1800204
2021/10/8,53892.9323,14579.54,57093.28607,36.32258065,1475700
2021/10/7,53809.13817,14654.02,56496.16827,36.41935484,1495369
2021/10/6,55385.44519,14501.91,56294.21862,36.51612903,1089224
2021/10/5,51545.04937,14433.83,55430.7333,36.61290323,1459780
2021/10/4,49176.7613,14255.48,54293.64748,36.70967742,1180802
2021/10/3,48144.1454,14359.22,53175.5562,36.80645161,493468
2021/10/2,47710.5155,14462.96,52181.91243,36.90322581,534969
2021/10/1,48080.37284,14566.7,51436.17796,37,1539358
2021/9/30,43797.5922,14448.58,50047.34419,36.76666667,1016802
2021/9/29,41543.6399,14512.44,48501.21613,36.53333333,1484083
2021/9/28,40909.3105,14546.68,47120.86966,36.3,1560865
2021/9/27,42278.30996,14969.97,46240.40426,36.06666667,1531197
2021/9/26,43209.8655,14995.88,45689.39721,35.83333333,288712
2021/9/25,42718.93784,15021.79,45149.31369,35.6,1407745
2021/9/24,42748.0353,15047.7,44712.71762,35.36666667,893576
2021/9/23,44844.228,15052.24,44736.6286,35.13333333,831365
2021/9/22,43579.97298,14896.85,44526.32757,34.9,1471433
2021/9/21,40538.4344,14746.4,43801.25609,34.66666667,1568079
2021/9/20,42966.0101,14713.9,43649.39318,34.43333333,16510
2021/9/19,47201.5018,14823.92333,44295.23111,34.2,1360256
2021/9/18,48210.7774,14933.94667,45007.14862,33.96666667,858398
2021/9/17,47197.5518,15043.97,45405.40374,33.73333333,1051904
2021/9/16,47816.2504,15181.92,45843.7395,33.5,1942356
2021/9/15,48092.9703,15161.53,46252.69055,33.26666667,2141197
2021/9/14,47012.9104,15037.76,46390.91234,33.03333333,575982
2021/9/13,44990.02141,15105.58,46136.2049,32.8,21102
2021/9/12,46058.0015,15108.88333,46121.9861,32.56666667,981785
2021/9/11,45096.0509,15112.18667,45935.45243,32.33333333,768754
2021/9/10,44833.0831,15115.49,45735.02164,32.1,1443243
2021/9/9,46319.9526,15248.25,45841.37272,31.86666667,1573597
2021/9/8,45972.9463,15286.64,45865.29519,31.63333333,1381116
2021/9/7,46881.9971,15374.33,46050.15009,31.4,1386805
2021/9/6,52639.2443,15371.6275,47248.16722,31.16666667,609530
2021/9/5,51698.7267,15368.925,48057.35985,30.93333333,349705
2021/9/4,49974.09728,15366.2225,48405.85756,30.7,343980
2021/9/3,49987.63657,15363.52,48693.45375,30.46666667,1533712
2021/9/2,49318.558,15331.18,48807.10906,30.23333333,1508211
2021/9/1,48744.6322,15309.38,48795.74963,30,1808144
2021/8/31,47225.2696,15259.24,48510.20781,30.06451613,1619269
2021/8/30,47020.6765,15265.89,48239.38394,30.12903226,1276939
2021/8/29,48876.7643,15220.42667,48355.27127,30.19354839,1525933
2021/8/28,48864.0249,15174.96333,48447.77193,30.25806452,1511028
2021/8/27,49005.9495,15129.5,48549.25876,30.32258065,713190
2021/8/26,47130.6185,14945.81,48291.32417,30.38709677,26253
2021/8/25,48939.9658,15041.86,48409.25901,30.4516129,364245
2021/8/24,47734.0314,15019.8,48286.49036,30.51612903,455055
2021/8/23,49486.4032,14942.65,48504.65633,30.58064516,1003877
2021/8/22,49223.94712,14866.65333,48635.43647,30.64516129,131152
2021/8/21,49000.4242,14790.65667,48701.79788,30.70967742,1390332
2021/8/20,49270.61315,14714.66,48805.21883,30.77419355,1566935
2021/8/19,46666.8683,14541.79,48416.42783,30.83870968,87864
2021/8/18,44856.0324,14525.91,47769.08321,30.90322581,1465174
2021/8/17,44569.5598,14656.18,47187.35168,30.96774194,1098380
2021/8/16,45906.7425,14793.76,46954.51364,31.03225806,1238626
2021/8/15,47057.4919,14803.47333,46973.23696,31.09677419,773730
2021/8/14,47053.5097,14813.18667,46987.83201,31.16129032,61004
2021/8/13,47799.97212,14822.9,47135.49385,31.22580645,523770
2021/8/12,44434.3365,14816.26,46644.37433,31.29032258,188646
2021/8/11,45670.172,14765.13,46467.24663,31.35483871,1589706
2021/8/10,45543.91666,14788.09,46299.36846,31.41935484,1413280
2021/8/9,46265.47428,14860.18,46293.20588,31.48387097,1352661
2021/8/8,43780.2388,14852.04,45836.30277,31.5483871,238301
2021/8/7,44665.77153,14843.9,45623.47891,31.61290323,521968
2021/8/6,42792.7879,14835.76,45108.80782,31.67741935,88106
2021/8/5,40849.95098,14895.12,44334.47021,31.74193548,1471399
2021/8/4,39772.4717,14780.53,43505.01594,31.80645161,238518
2021/8/3,38255.05,14761.29,42550.47668,31.87096774,1070673
2021/8/2,39153.01029,14681.07,41932.75552,31.93548387,1489825
2021/8/1,40120.70072,14678.27333,41603.29101,32,792604
2021/7/31,41700.99674,14675.47667,41621.05569,31.96774194,273061
2021/7/30,42094.78,14672.68,41707.18738,31.93548387,972102
2021/7/29,39993.53,14778.26,41395.61331,31.90322581,27863
2021/7/28,39999.97,14762.58,41141.85998,31.87096774,1425830
2021/7/27,39184.61,14660.58,40785.99635,31.83870968,1421864
2021/7/26,37211.42,14840.71,40136.07338,31.80645161,1431324
2021/7/25,35227.35,14839.47,39243.57822,31.77419355,217668
2021/7/24,34211.77,14838.23,38328.704,31.74193548,401923
2021/7/23,33506.09382,14836.99,37451.86578,31.70967742,1493086
2021/7/22,32338.55,14684.6,36522.172,31.67741935,317
2021/7/21,32142.94,14631.95,35725.948,31.64516129,639861
2021/7/20,29759.93,14498.88,34641.21746,31.61290323,1657340
2021/7/19,30851.95,14274.98,33952.25974,31.58064516,58512
2021/7/18,31813,14325.73333,33563.30342,31.5483871,1532327
2021/7/17,31570.17,14376.48667,33200.91553,31.51612903,955394
2021/7/16,31385.55,14427.24,32870.84907,31.48387097,289057
2021/7/15,31641.44705,14543.13,32647.32143,31.4516129,1611947
2021/7/14,32776.13963,14644.95,32670.74292,31.41935484,246401
2021/7/13,32567.57251,14677.65,32651.98466,31.38709677,621953
2021/7/12,33219.352,14733.24,32755.14236,31.35483871,243337
2021/7/11,34249.77404,14722.8,33026.89357,31.32258065,447143
2021/7/10,33548.81733,14712.36,33121.7888,31.29032258,1368980
2021/7/9,33866.19638,14701.92,33257.13563,31.25806452,323449
2021/7/8,32837.96027,14559.79,33180.92193,31.22580645,933133
2021/7/7,33867.46512,14665.06,33305.74797,31.19354839,1461204
2021/7/6,34106.80638,14663.64,33451.39495,31.16129032,1079439
2021/7/5,33866.54475,14657.5625,33526.87673,31.12903226,1435034
2021/7/4,35312.38754,14651.485,33851.51506,31.09677419,1417405
2021/7/3,34698.30313,14645.4075,34005.47653,31.06451613,1738345
2021/7/2,33846.00709,14639.33,33976.48209,31.03225806,1204657
2021/7/1,33628.67,14522.38,33913.24352,31,1616431
2021/6/30,35060.42897,14503.95,34121.8227,31.46666667,1395407
2021/6/29,35840.38647,14528.33,34434.28884,31.93333333,1216971
2021/6/28,34439.12,14500.51,34435.16723,32.4,1498592
2021/6/27,34579.03,14453.80333,34461.3241,32.86666667,1316218
2021/6/26,31858.58,14407.09667,33988.0979,33.33333333,1663504
2021/6/25,31708.50893,14360.39,33573.62718,33.8,1414883
2021/6/24,34580.35118,14369.71,33756.6679,34.26666667,1308845
2021/6/23,33646.15,14271.73,33736.57374,34.73333333,1574728
2021/6/22,32366.97,14253.27,33487.55488,35.2,1310596
2021/6/21,31606.39,14141.48,33145.5249,35.66666667,1323615
2021/6/20,35648.51716,14104.44667,33600.6144,36.13333333,1361968
2021/6/19,35635.38,14067.41333,33970.57178,36.6,1070397
2021/6/18,35577.47,14030.38,34262.7351,37.06666667,1563574
2021/6/17,38082.08,14161.35,34957.16144,37.53333333,1408601
2021/6/16,38290.04332,14039.68,35563.13996,38,726434
2021/6/15,40204.51,14072.86,36407.02543,38.46666667,1409403
2021/6/14,40499.97,14174.14,37151.19717,38.93333333,1494372
2021/6/13,38990,14139.23333,37485.52495,39.4,2336344
2021/6/12,35538.3,14104.32667,37131.48405,39.86666667,1063232
2021/6/11,37200.35,14069.42,37144.00513,40.33333333,1964578
2021/6/10,36870.06,14020.33,37094.19693,40.8,1314225
2021/6/9,37345.04492,13911.75,37139.80565,41.26666667,1540946
2021/6/8,33369.13806,13924.91,36454.22973,41.73333333,1291648
2021/6/7,33550.00408,13881.72,35926.1887,42.2,1507785
2021/6/6,35781.01,13859.31,35899.79257,42.66666667,1542556
2021/6/5,35510.26,13836.9,35828.96847,43.13333333,811519
2021/6/4,36908.14,13814.49,36025.18148,43.6,751112
2021/6/3,39152.71,13614.51,36593.82303,44.06666667,1332681
2021/6/2,37622.43,13756.33,36780.84248,44.53333333,1313257
2021/6/1,36606.39,13736.48,36749.12384,45,1430434
2021/5/31,37303.75009,13739.545,36849.96498,45.70967742,1440830
2021/5/30,35618.15758,13742.61,36626,46.41935484,1712565
2021/5/29,34523.41,13745.675,36243.71091,47.12903226,1535385
2021/5/28,35670.7,13748.74,36139.52711,47.83870968,1588080
2021/5/27,38479.69228,13736.28,36565.01168,48.5483871,1435903
2021/5/26,39184.76165,13738,37041.32986,49.25806452,1121101
2021/5/25,38165.78818,13657.17,37245.77683,49.96774194,1411797
2021/5/24,38619.3971,13661.17,37495.52597,50.67741935,1414469
2021/5/23,34834.68224,13597.77667,37011.7362,51.38709677,1440386
2021/5/22,37555,13534.38333,37110.51144,52.09677419,1533029
2021/5/21,37242.9427,13470.99,37134.58985,52.80645161,1291154
2021/5/20,40389.77811,13535.74,37726.44226,53.51612903,1292390
2021/5/19,36974.61474,13299.74,37589.74635,54.22580645,1235865
2021/5/18,43019.7743,13303.64,38577.02416,54.93548387,1172162
2021/5/17,43590.92217,13379.05,39488.64198,55.64516129,1302266
2021/5/16,46395.05,13396.02667,40744.35253,56.35483871,1351198
2021/5/15,46786.61,13413.00333,41842.94479,57.06451613,1301199
2021/5/14,49884.92,13429.98,43305.1221,57.77419355,1490659
2021/5/13,49655.62103,13124.99,44459.75827,58.48387097,1415999
2021/5/12,50482.43448,13031.68,45554.79031,59.19354839,1798250
2021/5/11,56721.83384,13389.43,47585.16186,59.90322581,1183758
2021/5/10,55772.28125,13401.86,49073.72902,60.61290323,1135049
2021/5/9,58169.72762,13518.65333,50727.54695,61.32258065,1596349
2021/5/8,58711.17203,13635.44667,52179.11515,62.03225806,1734505
2021/5/7,57339.55,13752.24,53117.37603,62.74193548,1805219
2021/5/6,56484.49,13632.84,53729.57857,63.4516129,1552196
2021/5/5,57338.36,13582.42,54385.72065,64.16129032,1518796
2021/5/4,53329.38764,13633.5,54193.6601,64.87096774,1700303
2021/5/3,57211.40864,13895.12,54742.34165,65.58064516,1480694
2021/5/2,56563.76,13917.64,55073.50863,66.29032258,1786678
2021/5/1,57793.51887,13940.16,55568.05594,67,1440263
2021/4/30,57758.64693,13962.68,55966.34521,66.53333333,1210265
2021/4/29,53610.42906,14082.55,55537.99682,66.06666667,1458059
2021/4/28,54766.5393,14051.03,55397.73182,65.6,1497552
2021/4/27,54924.0147,14090.22,55311.60143,65.13333333,1310505
2021/4/26,53954.40657,14138.78,55064.83873,64.66666667,1274638
2021/4/25,48987.68164,14098.12333,53959.90108,64.2,1507632
2021/4/24,50007.71595,14057.46667,53241.32196,63.73333333,1608812
2021/4/23,51020.04115,14016.81,52837.45272,63.26666667,1261696
2021/4/22,51843.6798,13818.41,52656.76674,62.8,1301410
2021/4/21,53889.33,13950.22,52880.86915,62.33333333,1361738
2021/4/20,56363.62,13786.27,53514.09658,61.86666667,1451880
2021/4/19,55653.24487,13914.77,53903.03263,61.4,1405583
2021/4/18,56037.12872,13960.62667,54291.0501,60.93333333,1150187
2021/4/17,60078.27,14006.48333,55343.2719,60.46666667,1321193
2021/4/16,61504.76862,14052.34,56463.54403,60,1460882
2021/4/15,63183.14,14038.76,57685.28875,59.53333333,1431693
2021/4/14,62628.97594,13857.84,58584.14097,59.06666667,1463196
2021/4/13,63528.48,13996.1,59483.1117,58.6,432
2021/4/12,59940.53,13850,59566.27867,58.13333333,1365798
2021/4/11,60018.28649,13866.73,59648.46191,57.66666667,1274269
2021/4/10,59747.4368,13883.46,59666.45734,57.2,1469952
2021/4/9,58159.44,13900.19,59392.45419,56.73333333,1317461
2021/4/8,58019.88,13829.31,59142.89525,56.26666667,1325214
2021/4/7,56073.47156,13688.84,58584.81821,55.8,1310147
2021/4/6,58093.23833,13698.38,58495.44005,55.33333333,1409669
2021/4/5,58777.73936,13705.59,58546.7672,54.86666667,1439983
2021/4/4,58215.19,13649.22,58486.48043,54.4,1461300
2021/4/3,57139.13796,13592.85,58241.50908,53.93333333,1290806
2021/4/2,58963.3276,13536.48,58372.74881,53.46666667,1570585
2021/4/1,58755.61518,13480.11,58442.36088,53,1230154
2021/3/31,58719.45437,13246.87,58492.74151,52.77419355,1155905
2021/3/30,58693.94856,13045.4,58529.32461,52.5483871,1563567
2021/3/29,57664.85097,13059.65,58372.14758,52.32258065,1310009
2021/3/28,55861.95,13086.01,57915.74802,52.09677419,1449425
2021/3/27,55917.88011,13112.37,57552.49931,51.87096774,1101696
2021/3/26,55002.76979,13138.73,57088.91213,51.64516129,1338023
2021/3/25,51412.19201,12977.68,56056.7812,51.41935484,1293758
2021/3/24,52584.7854,12961.89,55425.50923,51.19354839,1167593
2021/3/23,54599.96181,13227.7,55275.4097,50.96774194,1300000
2021/3/22,54249.99078,13377.54,55088.9699,50.74193548,1377013
2021/3/21,57392.2057,13323.44,55507.74004,50.51612903,1450287
2021/3/20,58219.82,13269.34,56000.84549,50.29032258,1540078
2021/3/19,58091.62367,13215.24,56380.98698,50.06451613,1434532
2021/3/18,57687.52056,13116.17,56618.53854,49.83870968,1317844
2021/3/17,58711.97874,13525.2,56999.16403,49.61290323,1254150
2021/3/16,56455.99844,13471.57,56900.40665,49.38709677,1489153
2021/3/15,55723.94916,13459.71,56686.50529,49.16129032,1353955
2021/3/14,59380.01894,13413.09333,57176.23504,48.93548387,1567498
2021/3/13,61297.99739,13366.47667,57925.64638,48.70967742,1451654
2021/3/12,57278.15502,13319.86,57807.92068,48.48387097,1446781
2021/3/11,57633.69981,13398.67,57776.24416,48.25806452,1305127
2021/3/10,55998.73927,13068.83,57453.06145,48.03225806,1522357
2021/3/9,54759.46169,13073.82,56963.31604,47.80645161,1429161
2021/3/8,52326.86244,12609.16,56120.32448,47.58064516,1515898
2021/3/7,51409.22675,12712.82333,55263.76125,47.35483871,1584474
2021/3/6,48884.80043,12816.48667,54103.95019,47.12903226,1280016
2021/3/5,48901.91568,12920.15,53158.12574,46.90322581,1358694
2021/3/4,48523.77958,12723.47,52315.51734,46.67741935,1393483
2021/3/3,50593.57978,12997.75,52002.43779,46.4516129,1736042
2021/3/2,48245.59608,13358.79,51319.37566,46.22580645,1180459
2021/3/1,49557.93686,13588.83,50999.11406,46,1347900
2021/2/28,44986.74483,13456.67,49905.95602,46.71428571,1426411
2021/2/27,46202.31375,13324.51,49232.56651,47.42857143,1456541
2021/2/26,46205.25772,13192.35,48682.14673,48.14285714,1299970
2021/2/25,47372.37799,13119.43,48444.00696,48.85714286,289
2021/2/24,49577.66705,13597.97,48650.12698,49.57142857,1262901
2021/2/23,48514.38215,13465.2,48625.4461,50.28571429,1247484
2021/2/22,54153.65519,13533.05,49630.57503,51,1270695
2021/2/21,57367.94614,13646.85333,51037.36977,51.71428571,1441858
2021/2/20,56008.78744,13760.65667,51941.26389,52.42857143,1319336
2021/2/19,55795.15505,13874.46,52641.97138,53.14285714,1486615
2021/2/18,51656.84687,13865.36,52462.85783,53.85714286,1217363
2021/2/17,52127.62093,13965.5,52401.90567,54.57142857,1395737
2021/2/16,49261.05077,14047.5,51830.84114,55.28571429,1259617
2021/2/15,47981.97749,14059.4925,51131.04775,56,1350684
2021/2/14,48673.32971,14071.485,50684.18992,56.71428571,1205617
2021/2/13,47056.76956,14083.4775,50024.65895,57.42857143,1363950
2021/2/12,47622.56892,14095.47,49587.91531,58.14285714,1394853
2021/2/11,47680.42444,14025.77,49241.09879,58.85714286,1240761
2021/2/10,44866.50228,13972.53,48445.7176,59.57142857,1179067
2021/2/9,46511.52058,14007.7,48094.04542,60.28571429,1354121
2021/2/8,46225.49641,13987.64,47754.30923,61,1339805
2021/2/7,38888.63824,13943.86,46142.36905,61.71428571,1494959
2021/2/6,39191.50755,13900.08,44878.57605,62.42857143,1290542
2021/2/5,37945.96447,13856.3,43618.10122,63.14285714,1358098
2021/2/4,36938.03487,13777.74,42403.5437,63.85714286,1351655
2021/2/3,37551.93435,13610.54,41521.43291,64.57142857,1173785
2021/2/2,35507.12771,13612.78,40427.92287,65.28571429,1434310
2021/2/1,33513.4412,13403.4,39170.74439,66,1268416
2021/1/31,33136.13947,13292.49667,38073.54349,65.93548387,1234419
2021/1/30,34333.10794,13181.59333,37393.4643,65.87096774,1447352
2021/1/29,34241.18685,13070.69,36820.32295,65.80645161,1208371
2021/1/28,33117.57284,13337.16,36147.09565,65.74193548,1108955
2021/1/27,30305.34378,13270.6,35084.95895,65.67741935,1181910
2021/1/26,32577.7687,13626.06,34629.10618,65.61290323,1175360
2021/1/25,32272.78384,13635.99,34200.68393,65.5483871,1219904
2021/1/24,32261.74435,13605.01333,33848.14946,65.48387097,1414167
2021/1/23,32045.83959,13574.03667,33520.45676,65.41935484,1118567
2021/1/22,32836.13558,13543.06,33396.03473,65.35483871,1413572
2021/1/21,30892.80236,13530.92,32940.90157,65.29032258,1443573
2021/1/20,35636.11099,13457.25,33430.93965,65.22580645,1081703
2021/1/19,36177.48749,13197.18,33930.31198,65.16129032,1328477
2021/1/18,36714.8432,13147.51,34436.59038,65.09677419,1244385
2021/1/17,35786.41703,13097.84,34682.01341,65.03225806,1429818
2021/1/16,36178.18021,13048.17,34954.04374,64.96774194,1266295
2021/1/15,36678.9504,12998.5,35267.66313,64.90322581,1268581
2021/1/14,39304.68621,13112.64,36001.66733,64.83870968,1271606
2021/1/13,37359.33216,13128.95,36248.51548,64.77419355,1137707
2021/1/12,33949.39683,13072.43,35830.49391,64.70967742,1465735
2021/1/11,35569.7227,13036.43,35783.08096,64.64516129,1208073
2021/1/10,38299.0196,13091.61333,36240.52435,64.58064516,1466566
2021/1/9,40129.0005,13146.79667,36947.52001,64.51612903,1373072
2021/1/8,40703.29054,13201.98,37630.38738,64.4516129,1336716
2021/1/7,39493.12851,13067.48,37969.06759,64.38709677,1489718
2021/1/6,36904.21825,12740.79,37775.45862,64.32258065,1298148
2021/1/5,33965.16042,12818.96,37082.67713,64.25806452,1194136
2021/1/4,31973.83215,12698.45,36153.79622,64.19354839,1173662
2021/1/3,32877.60728,12745.9075,35558.1255,64.12903226,1377375
2021/1/2,32093.26496,12793.365,34928.15086,64.06451613,1351577
2021/1/1,29300.19094,12840.8225,33904.88542,64,1210232
2020/12/31,28977.96182,12888.28,33009.08113,62.93548387,1272042
2020/12/30,28810.02049,12870,32245.61556,61.87096774,1429667
2020/12/29,27392.54055,12850.22,31363.23828,60.80645161,1353239
2020/12/28,27147.36675,12899.42,30596.71619,59.74193548,1181960
2020/12/27,26326.48184,12875.7475,29820.30994,58.67741935,1143362
2020/12/26,26446.97357,12852.075,29206.97606,57.61290323,1178834
2020/12/25,24652.03652,12828.4025,28378.80523,56.5483871,1479212
2020/12/24,23733.03049,12804.73,27534.11891,55.48387097,1287216
2020/12/23,23261.7852,12771.11,26757.33097,54.41935484,1396333
2020/12/22,23801.64017,12807.92,26219.93264,53.35483871,1142307
2020/12/21,22882.15792,12742.52,25613.06451,52.29032258,1364101
2020/12/20,23516.40283,12746.89333,25231.85329,51.22580645,1245939
2020/12/19,23844.56807,12751.26667,24979.61962,50.16129032,1299490
2020/12/18,23113.99259,12755.64,24640.4147,49.09677419,1215972
2020/12/17,22823.45909,12764.75,24310.05914,48.03225806,1383643
2020/12/16,21367.09631,12658.19,23774.97499,46.96774194,1274319
2020/12/15,19434.07031,12595.06,22985.71959,45.90322581,1336978
2020/12/14,19270.74681,12440.04,22310.26999,44.83870968,1243073
2020/12/13,19169.33845,12419.31667,21739.19153,43.77419355,1294277
2020/12/12,18804.79471,12398.59333,21205.66484,42.70967742,1464661
2020/12/11,18062.11899,12377.87,20634.11105,41.64516129,1286642
2020/12/10,18261.87845,12405.81,20202.79603,40.58064516,1383825
2020/12/9,18569.9877,12338.95,19905.92179,39.51612903,1412895
2020/12/8,18325.0542,12582.77,19618.49132,38.4516129,1263721
2020/12/7,19190.03778,12519.95,19540.59067,37.38709677,1181391
2020/12/6,19336.69255,12501.37667,19503.51829,36.32258065,1441996
2020/12/5,19127.65682,12482.80333,19435.17984,35.25806452,1782375
2020/12/4,18737.19266,12464.23,19308.27308,34.19354839,1336549
2020/12/3,19427.95496,12377.18,19330.03342,33.12903226,1239659
2020/12/2,19201.27613,12349.37,19306.623,32.06451613,1290816
2020/12/1,18855.04374,12355.11,19224.51768,31,1258982
2020/11/30,19721.87473,12198.74,19314.94624,30.76666667,1221624
2020/11/29,18162.12347,12201.11,19105.3421,30.53333333,1702005
2020/11/28,17707.71579,12203.48,18851.22822,30.3,1561275
2020/11/27,17076.84202,12205.85,18528.61255,30.06666667,1323453
2020/11/26,17072.81034,12150.125,18263.92124,29.83333333,1161695
2020/11/25,18770.2021,12094.4,18355.97231,29.6,1177134
2020/11/24,19121.51141,12036.79,18495.16123,29.36666667,1238924
2020/11/23,18374.45258,11880.63,18473.21421,29.13333333,1358260
2020/11/22,18413.52697,11872.07667,18462.36198,28.9,1477119
2020/11/21,18709.05738,11863.52333,18507.21569,28.66666667,1348542
2020/11/20,18641.28503,11854.97,18531.59193,28.43333333,1359386
2020/11/19,17806.27692,11904.71,18399.71648,28.2,1407652
2020/11/18,17827.83915,11801.6,18295.73878,27.96666667,1197320
2020/11/17,17683.75928,11899.34,18184.46978,27.73333333,1235559
2020/11/16,16725.11073,11924.13,17919.13177,27.5,1271288
2020/11/15,15961.34579,11892.51667,17563.17068,27.26666667,1103782
2020/11/14,16083.58805,11860.90333,17294.15566,27.03333333,1526091
2020/11/13,16316.13726,11829.29,17116.33413,26.8,1226935
2020/11/12,16279.27054,11709.59,16964.14075,26.56666667,1727218
2020/11/11,15687.48025,11786.43,16732.02066,26.33333333,1254213
2020/11/10,15280.16349,11553.86,16468.04663,26.1,1323566
2020/11/9,15326.15685,11713.78,16260.43031,25.86666667,1697197
2020/11/8,15499.08129,11774.26333,16122.00321,25.63333333,1322553
2020/11/7,14821.98325,11834.74667,15885.63595,25.4,1481458
2020/11/6,15547.05255,11895.23,15824.07533,25.16666667,1141803
2020/11/5,15558.52541,11890.93,15775.79353,24.93333333,1180993
2020/11/4,14132.96094,11590.78,15477.09669,24.7,1458617
2020/11/3,13973.24888,11160.57,15203.66982,24.46666667,1463078
2020/11/2,13576.96848,10957.61,14907.90594,24.23333333,1160464
2020/11/1,13735.00686,10942.27,14694.65156,24,1206434
2020/10/31,13795.52655,10926.93,14531.17429,23.70967742,1232764
2020/10/30,13568.83725,10911.59,14356.20392,23.41935484,1384474
2020/10/29,13443.53152,11185.59,14190.26348,23.12903226,1292007
2020/10/28,13275.48126,11004.87,14023.93944,22.83870968,1387870
2020/10/27,13651.54051,11431.35,13956.23054,22.5483871,1519288
2020/10/26,13065.53603,11358.94,13794.28609,22.25806452,1240301
2020/10/25,13020.81172,11422.05333,13653.65438,21.96774194,1202503
2020/10/24,13117.17473,11485.16667,13556.11263,21.67741935,1433493
2020/10/23,12929.02218,11548.28,13442.09618,21.38709677,1219456
2020/10/22,12958.53719,11506.01,13354.17637,21.09677419,1295332
2020/10/21,12808.79595,11484.69,13255.01629,20.80645161,1386774
2020/10/20,11910.24211,11516.49,13010.51189,20.51612903,1289428
2020/10/19,11748.37678,11478.88,12781.03278,20.22580645,1144851
2020/10/18,11490.01581,11543.10667,12546.30242,19.93548387,1164622
2020/10/17,11368.48474,11607.33333,12332.15375,19.64516129,731151
2020/10/16,11312.66278,11671.56,12146.79176,19.35483871,1627893
2020/10/15,11492.6159,11713.87,12027.85069,19.06451613,1362522
2020/10/14,11426.36748,11768.73,11918.49011,18.77419355,1202251
2020/10/13,11423.48002,11863.9,11828.48827,18.48387097,1326627
2020/10/12,11544.13764,11876.26,11776.78816,18.19354839,1662772
2020/10/11,11376.43511,11777.48667,11703.9967,17.90322581,936121
2020/10/10,11294.99419,11678.71333,11629.6326,17.61290323,1125971
2020/10/9,11066.19087,11579.94,11527.18865,17.32258065,1338782
2020/10/8,10898.55184,11420.98,11412.89105,17.03225806,1293540
2020/10/7,10665.25226,11364.6,11276.95672,16.74193548,1321337
2020/10/6,10604.44685,11154.6,11154.6822,16.4516129,1246700
2020/10/5,10784.67082,11332.49,11087.40741,16.16129032,1162429
2020/10/4,10665.69855,11246.66667,11010.73307,15.87096774,1400948
2020/10/3,10541.32189,11160.84333,10925.38558,15.58064516,2070227
2020/10/2,10566.49438,11075.02,10860.13264,15.29032258,1215806
2020/10/1,10614.30333,11326.51,10815.4364,15,1201636
2020/9/30,10766.81409,11167.51,10806.59598,14.93333333,1176404
2020/9/29,10839.96268,11085.25,10812.66265,14.86666667,1373562
2020/9/28,10702.47283,11117.53,10792.62814,14.8,1325572
2020/9/27,10766.52245,11049.54,10787.88165,14.73333333,1333677
2020/9/26,10739.74258,10981.55,10779.12909,14.66666667,396522
2020/9/25,10683.39523,10913.56,10761.72293,14.6,1728800
2020/9/24,10731.5324,10672.27,10756.23375,14.53333333,1393093
2020/9/23,10231.05131,10632.99,10660.74603,14.46666667,1271803
2020/9/22,10531.35154,10963.64,10637.21976,14.4,1448865
2020/9/21,10427.87773,10778.8,10599.15757,14.33333333,1466357
2020/9/20,10914.68741,10783.62667,10656.52663,14.26666667,588823
2020/9/19,11076.85089,10788.45333,10732.94923,14.2,1312319
2020/9/18,10916.97092,10793.28,10766.40772,14.13333333,1294747
2020/9/17,10934.41967,10910.28,10796.95534,14.06666667,1524270
2020/9/16,10946.92123,11050.47,10824.22187,14,1376723
2020/9/15,10782.9998,11190.32,10816.72695,13.93333333,1186609
2020/9/14,10665.11372,11056.65,10789.16091,13.86666667,1313669
2020/9/13,10315.66641,10988.94667,10703.071,13.8,1499741
2020/9/12,10438.37739,10921.24333,10654.94489,13.73333333,783420
2020/9/11,10374.77815,10853.54,10604.00548,13.66666667,1234273
2020/9/10,10334.63865,10919.59,10555.02969,13.6,1238412
2020/9/9,10214.15437,11141.56,10493.05236,13.53333333,1295663
2020/9/8,10112.20637,10847.69,10423.80764,13.46666667,1328601
2020/9/7,10356.44438,10964.05,10411.55977,13.4,1155030
2020/9/6,10257.22974,11080.41,10383.49977,13.33333333,1506645
2020/9/5,10129.78665,11196.77,10337.37011,13.26666667,1371297
2020/9/4,10473.51945,11313.13,10362.12453,13.2,1336771
2020/9/3,10215.66996,11458.1,10335.49643,13.13333333,1273072
2020/9/2,11399.14897,12056.44,10528.8878,13.06666667,1221829
2020/9/1,11921.75492,11939.67,10782.13637,13,1317135
2020/8/31,11655.9987,11775.46,10941.02043,13.06451613,1314641
2020/8/30,11697.79437,11748.85,11078.61569,13.12903226,1682912
2020/8/29,11485.10157,11722.24,11152.52221,13.19354839,1566760
2020/8/28,11496.83022,11695.63,11215.12367,13.25806452,1633558
2020/8/27,11311.2402,11625.34,11232.5994,13.32258065,1435512
2020/8/26,11463.56797,11665.06,11274.59369,13.38709677,1500733
2020/8/25,11361.55482,11466.47,11290.4048,13.4516129,1231714
2020/8/24,11763.76171,11379.72,11376.46969,13.51612903,1476703
2020/8/23,11653.40729,11357.08,11426.82198,13.58064516,1266206
2020/8/22,11681.15793,11334.44,11473.06488,13.64516129,1614487
2020/8/21,11530.91923,11311.8,11483.58386,13.70967742,1213828
2020/8/20,11866.59519,11264.95,11553.22228,13.77419355,1246316
2020/8/19,11732.40557,11146.46,11585.80106,13.83870968,1407907
2020/8/18,11961.9946,11210.84,11654.19989,13.90322581,1150056
2020/8/17,12285.93663,11129.73,11769.06111,13.96774194,1259488
2020/8/16,11892.68092,11092.92,11791.53744,14.03225806,1278768
2020/8/15,11865.38305,11056.11,11804.96392,14.09677419,1716003
2020/8/14,11742.87637,11019.3,11793.67527,14.16129032,1045456
2020/8/13,11763.00914,11042.5,11788.09961,14.22580645,1377169
2020/8/12,11576.81427,11012.24,11749.68409,14.29032258,1520225
2020/8/11,11395.40582,10782.82,11685.26986,14.35483871,1160736
2020/8/10,11867.86649,10968.36,11718.46925,14.41935484,1285755
2020/8/9,11648.08317,10982.56667,11705.67178,14.48387097,1279279
2020/8/8,11728.58523,10996.77333,11709.83786,14.5483871,1654921
2020/8/7,11583.15927,11010.98,11686.80539,14.61290323,1363450
2020/8/6,11780.28537,11108.07,11703.80175,14.67741935,1343128
2020/8/5,11732.92795,10998.4,11709.09742,14.74193548,1262380
2020/8/4,11194.55461,10941.17,11615.54418,14.80645161,1266072
2020/8/3,11246.25548,10902.8,11548.40078,14.87096774,1691165
2020/8/2,11073.60766,10850.29,11462.07476,14.93548387,1084783
2020/8/1,11800.38987,10797.78,11523.5866,15,1426145
2020/7/31,11334.58547,10745.27,11489.22276,14.96774194,1153317
2020/7/30,11109.23106,10587.81,11420.13336,14.93548387,1282766
2020/7/29,11073.29788,10542.94,11357.07236,14.90322581,1219217
2020/7/28,10895.73396,10402.09,11273.19265,14.87096774,1397750
2020/7/27,10996.5366,10536.27,11222.89155,14.83870968,1201177
2020/7/26,9917.359474,10478.57333,10985.52208,14.80645161,1171044
2020/7/25,9686.120716,10420.87667,10749.26729,14.77419355,1321132
2020/7/24,9545.046629,10363.18,10530.31808,14.74193548,1153007
2020/7/23,9592.963304,10461.42,10359.88994,14.70967742,1329756
2020/7/22,9518.901022,10706.13,10206.98286,14.67741935,1294871
2020/7/21,9385.174346,10680.36,10057.56313,14.64516129,1178523
2020/7/20,9164.069789,10767.09,9895.109797,14.61290323,1314453
2020/7/19,9207.816996,10679.12333,9770.147469,14.58064516,1093374
2020/7/18,9170.802681,10591.15667,9661.17569,14.5483871,1265520
2020/7/17,9155.773355,10503.19,9569.284356,14.51612903,1199592
2020/7/16,9137.239203,10473.83,9490.730692,14.48387097,1185721
2020/7/15,9206.764838,10550.49,9439.100537,14.4516129,1218046
2020/7/14,9254.204474,10488.58,9405.483071,14.41935484,1310250
2020/7/13,9247.107825,10390.84,9376.687571,14.38709677,1492647
2020/7/12,9286.726085,10466.37333,9360.330938,14.35483871,1045102
2020/7/11,9231.3201,10541.90667,9336.874422,14.32258065,381215
2020/7/10,9278.447734,10617.44,9326.251388,14.29032258,1527673
2020/7/9,9240.366176,10547.75,9310.635895,14.25806452,1184225
2020/7/8,9420.350155,10492.5,9330.583942,14.22580645,1265180
2020/7/7,9252.35518,10343.89,9316.360531,14.19354839,1202415
2020/7/6,9342.540316,10433.65,9321.120492,14.16129032,1536162
2020/7/5,9072.772592,10377.145,9275.966328,14.12903226,467408
2020/7/4,9127.518467,10320.64,9248.975808,14.09677419,1106892
2020/7/3,9065.577985,10264.135,9215.630749,14.06451613,1544278
2020/7/2,9084.054479,10207.63,9191.707791,14.03225806,1699805
2020/7/1,9225.668161,10154.63,9197.882404,14,1373344
2020/6/30,9145.560607,10058.77,9188.36935,13.96666667,1268157
2020/6/29,9180.159026,9874.15,9186.876564,13.93333333,1735838
2020/6/28,9118.117533,9835.173333,9174.374922,13.9,1281759
2020/6/27,9014.224272,9796.196667,9145.256622,13.86666667,1269768
2020/6/26,9165.503578,9757.22,9148.937887,13.83333333,676609
2020/6/25,9254.748296,10017,9168.176143,13.8,1282390
2020/6/24,9289.303605,9909.17,9190.199318,13.76666667,1415692
2020/6/23,9614.943606,10131.37,9267.425552,13.73333333,1353577
2020/6/22,9685.845287,10056.47,9343.501867,13.7,1303098
2020/6/21,9289.8938,10019.68667,9333.754946,13.66666667,1267262
2020/6/20,9348.977142,9982.903333,9336.522618,13.63333333,11919
2020/6/19,9305.901805,9946.12,9330.955198,13.6,1255567
2020/6/18,9401.552893,9943.05,9343.791142,13.56666667,1426857
2020/6/17,9463.405493,9910.53,9365.539206,13.53333333,1305072
2020/6/16,9520.484681,9895.87,9393.71111,13.5,1106685
2020/6/15,9421.65218,9726.02,9398.791305,13.46666667,1142620
2020/6/14,9352.845602,9680.283333,9390.437541,13.43333333,502774
2020/6/13,9463.820529,9634.546667,9403.779902,13.4,278873
2020/6/12,9460.375485,9588.81,9414.070008,13.36666667,1884476
2020/6/11,9314.37816,9492.73,9395.944218,13.33333333,1203089
2020/6/10,9864.561413,10020.35,9481.147344,13.3,1450770
2020/6/9,9769.869088,9953.75,9533.642207,13.26666667,1455178
2020/6/8,9773.301577,9924.75,9577.216638,13.23333333,1456938
2020/6/7,9742.573822,9887.86,9607.28158,13.2,1160973
2020/6/6,9662.323105,9850.97,9617.28913,13.16666667,821624
2020/6/5,9641.917175,9814.08,9621.766956,13.13333333,914227
2020/6/4,9803.990306,9615.81,9654.898475,13.1,1381523
2020/6/3,9652.629014,9682.91,9654.485845,13.06666667,1306411
2020/6/2,9538.727853,9608.38,9633.438938,13.03333333,1352035
2020/6/1,10177.77035,9552.05,9732.408285,13,1456844
2020/5/31,9449.860914,9531.323333,9681.036036,13.25806452,623112
2020/5/30,9693.552427,9510.596667,9683.311743,13.51612903,537219
2020/5/29,9418.13384,9489.87,9635.097579,13.77419355,1341700
2020/5/28,9536.159369,9368.99,9617.108814,14.03225806,1479629
2020/5/27,9165.144674,9412.36,9534.933516,14.29032258,1563900
2020/5/26,8850.3542,9340.22,9410.464549,14.5483871,1650603
2020/5/25,8897.213209,9336.3125,9317.146124,14.80645161,1356056
2020/5/24,8791.793685,9332.405,9221.627498,15.06451613,1198975
2020/5/23,9180.527997,9328.4975,9214.154862,15.32258065,1508455
2020/5/22,9160.70542,9324.59,9204.436781,15.58064516,1431307
2020/5/21,9073.693079,9284.88,9180.665199,15.83870968,1301403
2020/5/20,9524.434064,9375.78,9243.168629,16.09677419,1146273
2020/5/19,9761.178765,9185.1,9337.35229,16.35483871,1206553
2020/5/18,9733.739137,9234.83,9409.422626,16.61290323,1488432
2020/5/17,9667.578397,9161.406667,9456.360039,16.87096774,1360912
2020/5/16,9380.484219,9087.983333,9442.564435,17.12903226,1300077
2020/5/15,9293.972171,9014.56,9415.54766,17.38709677,1139383
2020/5/14,9772.561576,8943.72,9480.459281,17.64516129,1465888
2020/5/13,9302.896541,8863.17,9448.175147,17.90322581,1417571
2020/5/12,8792.063768,9002.55,9328.882169,18.16129032,1343467
2020/5/11,8593.856494,9192.34,9195.241137,18.41935484,1195675
2020/5/10,8745.152545,9168.666667,9113.406847,18.67741935,1329963
2020/5/9,9570.005988,9144.993333,9196.424873,18.93548387,1119041
2020/5/8,9822.885629,9121.32,9310.326829,19.19354839,1448647
2020/5/7,9968.105282,8979.66,9429.922911,19.4516129,1271540
2020/5/6,9198.252701,8854.39,9387.801055,19.70967742,1151043
2020/5/5,8967.997704,8809.12,9311.473173,19.96774194,1024605
2020/5/4,8883.306781,8710.72,9233.624738,20.22580645,1015712
2020/5/3,8894.362675,8675.463333,9171.940726,20.48387097,825090
2020/5/2,8974.922892,8640.206667,9136.119302,20.74193548,1010858
2020/5/1,8832.981251,8604.95,9081.003293,21,1181539
2020/4/30,8607.329832,8889.55,8994.880845,20.83333333,1142805
2020/4/29,8759.78919,8914.71,8952.136908,20.66666667,1316288
2020/4/28,7754.222426,8607.73,8734.334275,20.5,1331926
2020/4/27,7766.689761,8730.16,8558.398909,20.33333333,1367267
2020/4/26,7665.828318,8698.28,8396.113347,20.16666667,1298464
2020/4/25,7535.263897,8666.4,8239.595265,20,1077468
2020/4/24,7497.353393,8634.52,8104.642197,19.83333333,1239206
2020/4/23,7464.891127,8494.75,7988.323821,19.66666667,1281174
2020/4/22,7106.551177,8495.38,7828.001522,19.5,1242706
2020/4/21,6851.005362,8263.23,7650.365857,19.33333333,383413
2020/4/20,6856.785953,8560.73,7506.078601,19.16666667,433721
2020/4/19,7133.148679,8590.533333,7438.273161,19,286612
2020/4/18,7233.157423,8620.336667,7400.97939,18.83333333,1264544
2020/4/17,7034.540358,8650.14,7334.354112,18.66666667,1046038
2020/4/16,7088.799492,8532.36,7289.707817,18.5,1341131
2020/4/15,6637.791816,8393.18,7171.177635,18.33333333,1191583
2020/4/14,6856.179094,8515.74,7113.905173,18.16666667,1154579
2020/4/13,6837.42254,8192.43,7063.635604,18,497821
2020/4/12,6977.230636,8182.7175,7047.925609,17.83333333,1192498
2020/4/11,6869.586552,8173.005,7015.500326,17.66666667,59147
2020/4/10,6859.833737,8163.2925,6987.19731,17.5,627341
2020/4/9,7293.58436,8153.58,7042.904046,17.33333333,535415
2020/4/8,7352.328771,8090.9,7099.163087,17.16666667,1066471
2020/4/7,7198.770192,7887.26,7117.27347,17,649337
2020/4/6,7279.161792,7913.24,7146.70771,16.83333333,1302374
2020/4/5,6789.732165,7733.186667,7081.803066,16.66666667,196864
2020/4/4,6847.730055,7553.133333,7039.244336,16.5,1240409
2020/4/3,6733.747735,7373.08,6983.6995,16.33333333,1316692
2020/4/2,6807.465142,7487.31,6951.656889,16.16666667,1022588
2020/4/1,6598.287015,7360.58,6887.407821,16,1589830
2020/3/31,6431.262413,7700.1,6804.472292,16.12903226,1235178
2020/3/30,6424.078447,7774.15,6735.309775,16.25806452,1327231
2020/3/29,5917.297073,7683.56,6586.580193,16.38709677,592441
2020/3/28,6239.838832,7592.97,6523.536309,16.51612903,1314712
2020/3/27,6377.749564,7502.38,6497.029628,16.64516129,1032537
2020/3/26,6736.291779,7797.54,6540.531837,16.77419355,1260679
2020/3/25,6681.336594,7384.3,6566.132702,16.90322581,1193899
2020/3/24,6736.044984,7417.86,6597.025844,17.03225806,1145422
2020/3/23,6467.459038,6860.67,6573.468243,17.16129032,1233528
2020/3/22,5843.158786,6866.953333,6440.684706,17.29032258,1336815
2020/3/21,6149.798351,6873.236667,6387.796277,17.41935484,75519
2020/3/20,6192.309975,6879.52,6352.253313,17.5483871,1127985
2020/3/19,6160.004718,7150.58,6317.299023,17.67741935,1383277
2020/3/18,5365.581534,6989.84,6144.25948,17.80645161,1429625
2020/3/17,5362.320407,7334.78,6002.088739,17.93548387,1044656
2020/3/16,5022.578106,6904.59,5823.995897,18.06451613,1112480
2020/3/15,5381.745247,7228.02,5743.586688,18.19354839,1311803
2020/3/14,5212.979298,7551.45,5647.112617,18.32258065,1453092
2020/3/13,5518.647281,7874.88,5623.755283,18.4516129,1231429
2020/3/12,4724.392684,7201.8,5460.234811,18.58064516,1263865
2020/3/11,7931.347543,7952.05,5909.528035,18.70967742,1325699
2020/3/10,7900.821326,8344.25,6271.58136,18.83870968,1319962
2020/3/9,7915.672115,7950.68,6570.506952,18.96774194,1251463
2020/3/8,8042.736084,8158.993333,6838.184976,19.09677419,1122036
2020/3/7,8898.942078,8367.306667,7212.868086,19.22580645,67427
2020/3/6,9129.266628,8575.62,7561.304184,19.35483871,41504
2020/3/5,9051.139212,8738.6,7832.18328,19.48387097,1355546
2020/3/4,8749.500222,9018.09,7998.968179,19.61290323,1222610
2020/3/3,8772.476037,8684.09,8139.605971,19.74193548,1674342
2020/3/2,8900.06855,8952.17,8277.871895,19.87096774,1350738
2020/3/1,8557.504358,8823.903333,8328.714161,20,448449
2020/2/29,8569.467785,8695.636667,8372.487547,19.79310345,1337126
2020/2/28,8731.610771,8567.37,8437.782679,19.5862069,1197533
2020/2/27,8775.595016,8566.48,8499.203104,19.37931034,618699
2020/2/26,8829.543593,8980.77,8559.265011,19.17241379,504259
2020/2/25,9358.38862,8965.61,8704.560212,18.96551724,1440639
2020/2/24,9664.370232,9221.28,8879.071125,18.75862069,1059668
2020/2/23,9923.65932,9339.716667,9068.996251,18.55172414,92016
2020/2/22,9667.521623,9458.153333,9177.819046,18.34482759,617859
2020/2/21,9683.453206,9576.59,9269.75253,18.13793103,1365123
2020/2/20,9612.392632,9750.97,9332.05073,17.93103448,1638151
2020/2/19,9621.766806,9817.18,9384.72638,17.72413793,464515
2020/2/18,10144.8965,9732.74,9522.939129,17.51724138,1346064
2020/2/17,9711.996028,9732.35,9557.313111,17.31034483,1332520
2020/2/16,9969.23568,9731.96,9632.208124,17.10344828,116637
2020/2/15,9903.077897,9731.57,9681.457173,16.89655172,1305167
2020/2/14,10327.51233,9731.18,9798.921747,16.68965517,1238238
2020/2/13,10225.41526,9711.97,9876.466022,16.48275862,1482017
2020/2/12,10327.55459,9725.96,9958.482125,16.27586207,1319259
2020/2/11,10229.7009,9638.94,10007.79463,16.06896552,1380967
2020/2/10,9869.436912,9628.39,9982.638681,15.86206897,1327328
2020/2/9,10128.75028,9592.43,10009.20443,15.65517241,41116
2020/2/8,9899.911944,9556.47,9989.333066,15.44827586,1311351
2020/2/7,9820.295542,9520.51,9958.598971,15.24137931,1180112
2020/2/6,9754.078412,9572.15,9921.413415,15.03448276,1439727
2020/2/5,9602.309743,9508.68,9863.394565,14.82758621,1408110
2020/2/4,9187.070016,9467.97,9740.426465,14.62068966,1410824
2020/2/3,9302.362658,9273.4,9660.7785,14.4137931,1387598
2020/2/2,9339.574889,9232.58,9602.377844,14.20689655,1297161
2020/2/1,9386.105652,9191.76,9563.055627,14,1782561
2020/1/31,9336.132885,9150.94,9521.796947,13.96774194,1012393
2020/1/30,9503.268,9298.93,9518.428047,13.93548387,252664
2020/1/29,9304.918064,9275.16,9479.60805,13.90322581,1447719
2020/1/28,9334.836393,9269.68,9453.285931,13.87096774,1194239
2020/1/27,8895.603628,9139.31,9351.889148,13.83870968,1417361
2020/1/26,8591.002876,9197.843333,9213.54619,13.80645161,1041620
2020/1/25,8366.208771,9256.376667,9059.484841,13.77419355,1748449
2020/1/24,8440.287026,9314.91,8946.90342,13.74193548,1340046
2020/1/23,8391.607957,9402.48,8845.940609,13.70967742,638334
2020/1/22,8672.801079,9383.77,8814.460694,13.67741935,873672
2020/1/21,8747.38185,9370.81,8802.264541,13.64516129,1183467
2020/1/20,8639.19622,9375.3425,8772.615755,13.61290323,617180
2020/1/19,8697.342225,9379.875,8758.929659,13.58064516,1000561
2020/1/18,8929.544857,9384.4075,8789.950604,13.5483871,1327420
2020/1/17,8921.648281,9388.94,8813.895636,13.51612903,1355674
2020/1/16,8722.037088,9357.13,8797.194082,13.48387097,714698
2020/1/15,8807.632434,9258.7,8799.091964,13.4516129,1374730
2020/1/14,8838.564862,9251.33,8806.268855,13.41935484,1380591
2020/1/13,8116.96951,9273.93,8680.941701,13.38709677,1190572
2020/1/12,8164.590608,9242.24,8587.059684,13.35483871,1206150
2020/1/11,8024.791559,9210.55,8484.829116,13.32258065,761773
2020/1/10,8160.413567,9178.86,8425.844471,13.29032258,1330551
2020/1/9,7829.06324,9203.43,8317.338792,13.25806452,1156439
2020/1/8,8055.759827,9129.24,8269.77898,13.22580645,1152677
2020/1/7,8155.216395,9068.58,8248.949419,13.19354839,1326349
2020/1/6,7764.21795,9071.47,8160.816425,13.16129032,1378209
2020/1/5,7352.362745,9054.57,8013.824847,13.12903226,941702
2020/1/4,7358.491964,9037.67,7894.673414,13.09677419,208652
2020/1/3,7317.184074,9020.77,7789.675352,13.06451613,46418
2020/1/2,6968.274896,9092.19,7640.329814,13.03225806,76344
2020/1/1,7213.918462,9032.395,7562.800478,13,423984
2019/12/31,7202.624251,8972.6,7497.313891,12.93548387,283571
2019/12/30,7245.988923,8945.99,7451.618442,12.87096774,1104633
2019/12/29,7386.37606,8966.2,7439.756191,12.80645161,1189422
2019/12/28,7312.04457,8986.41,7416.535896,12.74193548,1315145
2019/12/27,7246.422425,9006.62,7385.606174,12.67741935,446876
2019/12/26,7211.341194,9022.39,7353.921632,12.61290323,758494
2019/12/25,7205.380688,8987.635,7326.914188,12.5483871,1408682
2019/12/24,7240.620333,8952.88,7311.224396,12.48387097,402244
2019/12/23,7329.609334,8945.65,7314.567112,12.41935484,1312332
2019/12/22,7482.961456,8938.753333,7345.184266,12.35483871,108398
2019/12/21,7138.888884,8931.856667,7307.676014,12.29032258,1281345
2019/12/20,7185.155244,8924.96,7285.399511,12.22580645,1396631
2019/12/19,7150.376098,8887.22,7260.849799,12.16129032,80738
2019/12/18,7275.754884,8827.73,7263.559815,12.09677419,1274503
2019/12/17,6624.129258,8823.36,7147.299713,12.03225806,1358059
2019/12/16,6902.888388,8814.23,7102.861291,11.96774194,927727
2019/12/15,7120.922418,8787.78,7106.145132,11.90322581,1594323
2019/12/14,7078.955219,8761.33,7101.201511,11.83870968,1314416
2019/12/13,7255.126877,8734.88,7129.187942,11.77419355,137679
2019/12/12,7202.460793,8717.32,7142.510278,11.70967742,835053
2019/12/11,7199.716155,8654.05,7152.911347,11.64516129,1377019
2019/12/10,7233.814525,8616.18,7167.621015,11.58064516,188419
2019/12/9,7350.418118,8621.83,7200.856852,11.51612903,1171983
2019/12/8,7516.676668,8633.396667,7258.278637,11.4516129,552255
2019/12/7,7496.125958,8644.963333,7301.523604,11.38709677,843891
2019/12/6,7532.610987,8656.53,7343.539492,11.32258065,1225526
2019/12/5,7386.510063,8570.7,7351.352323,11.25806452,1272773
2019/12/4,7216.456163,8566.67,7326.825749,11.19354839,407600
2019/12/3,7300.208311,8520.64,7321.986215,11.12903226,556573
2019/12/2,7315.108657,8567.99,7320.73575,11.06451613,1396974
2019/12/1,7417.184162,8600.483333,7338.271825,11,1151646
2019/11/30,7548.613483,8632.976667,7376.515762,11.03333333,1382088
2019/11/29,7740.415549,8665.47,7442.67936,11.06666667,1215412
2019/11/28,7442.795358,8685.325,7442.700451,11.1,1316290
2019/11/27,7502.033156,8705.18,7453.488215,11.13333333,101711
2019/11/26,7169.264738,8647.93,7401.811219,11.16666667,1435488
2019/11/25,7133.946458,8632.49,7353.108535,11.2,1296435
2019/11/24,6932.313157,8594.956667,7276.600285,11.23333333,273648
2019/11/23,7316.797515,8557.423333,7283.908872,11.26666667,390757
2019/11/22,7290.351828,8519.89,7285.080319,11.3,524561
2019/11/21,7631.016803,8506.21,7347.977861,11.33333333,1227960
2019/11/20,8097.187492,8526.73,7484.197794,11.36666667,728422
2019/11/19,8134.76958,8570.66,7602.483573,11.4,1121738
2019/11/18,8211.789693,8549.94,7713.266504,11.43333333,1378119
2019/11/17,8503.049435,8546.903333,7856.863401,11.46666667,1308841
2019/11/16,8497.411045,8543.866667,7973.326609,11.5,1204838
2019/11/15,8474.539002,8540.83,8064.456135,11.53333333,1256308
2019/11/14,8662.422431,8479.02,8173.17728,11.56666667,1179649
2019/11/13,8785.801623,8482.1,8284.563524,11.6,1121435
2019/11/12,8801.603779,8486.09,8378.570843,11.63333333,1321190
2019/11/11,8732.154123,8464.28,8442.858712,11.66666667,879028
2019/11/10,9043.004449,8467.956667,8551.976119,11.7,1365582
2019/11/9,8818.432264,8471.633333,8600.422691,11.73333333,1135613
2019/11/8,8791.640946,8475.31,8635.189646,11.76666667,1370410
2019/11/7,9219.011987,8434.52,8741.339163,11.8,1328195
2019/11/6,9329.520807,8410.63,8848.28128,11.83333333,953444
2019/11/5,9311.283797,8434.68,8932.463556,11.86666667,1056396
2019/11/4,9389.905541,8433.2,9015.634826,11.9,1419564
2019/11/3,9205.743201,8417.6,9050.199985,11.93333333,543112
2019/11/2,9290.257019,8402,9093.846718,11.96666667,1331900
2019/11/1,9225.753942,8386.4,9117.82985,12,1331064
2019/10/31,9154.923648,8292.36,9124.574177,12,1217458
2019/10/30,9162.391745,8303.98,9131.450098,12,1030652
2019/10/29,9411.885318,8276.85,9182.43832,12,1281478
2019/10/28,9234.267439,8325.99,9191.861796,12,1230116
2019/10/27,9544.094411,8298.366667,9255.90409,12,1364242
2019/10/26,9235.929531,8270.743333,9252.272352,12,729281
2019/10/25,8651.13445,8243.12,9142.974552,12,1361483
2019/10/24,7440.037915,8185.8,8833.349709,12,1129709
2019/10/23,7469.521063,8119.79,8585.380864,12,1741382
2019/10/22,8040.006229,8104.3,8486.221839,12,483374
2019/10/21,8212.771665,8162.99,8436.503626,12,47454
2019/10/20,8202.005473,8138.506667,8393.867598,12,230917
2019/10/19,7950.124308,8114.023333,8313.187,12,733012
2019/10/18,7955.464771,8089.54,8248.146595,12,976355
2019/10/17,8075.178241,8156.85,8216.697803,12,448998
2019/10/16,8008.809279,8124.18,8178.89989,12,172975
2019/10/15,8174.781558,8148.71,8178.151102,12,1121000
2019/10/14,8347.201506,8048.65,8208.887539,12,1200808
2019/10/13,8294.599727,8051.446667,8224.471573,12,1363664
2019/10/12,8314.921537,8054.243333,8240.917021,12,1378790
2019/10/11,8272.024051,8057.04,8246.572845,12,825290
2019/10/10,8556.950238,7950.78,8303.005098,12,1149701
2019/10/9,8572.837276,7903.74,8352.065494,12,522836
2019/10/8,8189.796865,7823.78,8322.562107,12,594705
2019/10/7,8196.15196,7956.29,8299.578444,12,653756
2019/10/6,7876.455218,7965.016667,8222.646948,12,506015
2019/10/5,8130.134393,7973.743333,8205.826484,12,489057
2019/10/4,8155.655359,7982.47,8196.704461,12,147304
2019/10/3,8232.129998,7872.27,8203.145468,12,666414
2019/10/2,8361.919233,7785.25,8232.013425,12,1262027
2019/10/1,8294.743597,7908.69,8243.418911,12,520248
2019/9/30,8269.028682,7999.34,8248.075233,12.03333333,1268457
2019/9/29,8068.668738,7979.436667,8215.45587,12.06666667,470171
2019/9/28,8208.595988,7959.533333,8214.208619,12.1,1376802
2019/9/27,8183.569872,7939.63,8208.637938,12.13333333,1206480
2019/9/26,8077.936354,8030.66,8184.874013,12.16666667,747945
2019/9/25,8439.84619,8077.38,8231.232591,12.2,1385973
2019/9/24,8588.424906,7993.63,8296.176648,12.23333333,1430460
2019/9/23,9719.397019,8112.46,8554.943988,12.26666667,1143257
2019/9/22,10050.18754,8114.196667,8826.806452,12.3,2881
2019/9/21,10006.06533,8115.933333,9041.217157,12.33333333,440928
2019/9/20,10179.86223,8117.67,9248.243534,12.36666667,1044062
2019/9/19,10241.6088,8182.88,9428.855401,12.4,1306372
2019/9/18,10164.1019,8177.39,9562.536582,12.43333333,564945
2019/9/17,10208.16582,8186.02,9679.923716,12.46666667,815277
2019/9/16,10268.65798,8153.54,9786.96631,12.5,1175984
2019/9/15,10313.44353,8161.263333,9882.689441,12.53333333,189508
2019/9/14,10353.5498,8168.986667,9968.300415,12.56666667,701881
2019/9/13,10346.59919,8176.71,10037.08201,12.6,1296928
2019/9/12,10387.51484,8194.47,10100.79707,12.63333333,655780
2019/9/11,10159.72047,8169.68,10111.51042,12.66666667,457971
2019/9/10,10132.5448,8084.16,10115.33485,12.7,1434258
2019/9/9,10322.05761,8087.44,10152.92081,12.73333333,1400540
2019/9/8,10410.18764,8092.65,10199.69659,12.76666667,222367
2019/9/7,10477.09484,8097.86,10250.13264,12.8,917902
2019/9/6,10339.45563,8103.07,10266.37318,12.83333333,397302
2019/9/5,10574.49954,8116.83,10322.39616,12.86666667,1432109
2019/9/4,10578.32021,7976.88,10368.9278,12.9,379
2019/9/3,10603.09546,7874.16,10411.50374,12.93333333,1339035
2019/9/2,10329.85905,7896.34,10396.65925,12.96666667,503863
2019/9/1,9716.72191,7918.52,10273.03428,13,322346
2019/8/31,9609.787647,7940.7,10152.44398,13.06451613,298872
2019/8/30,9582.255358,7962.88,10048.77332,13.12903226,1011797
2019/8/29,9493.755389,7973.39,9947.860972,13.19354839,1083724
2019/8/28,9759.791528,7856.88,9913.666528,13.25806452,943385
2019/8/27,10219.41337,7826.95,9969.256863,13.32258065,785799
2019/8/26,10374.87662,7853.74,10043.00591,13.38709677,1105746
2019/8/25,10118.39958,7819.75,10056.71385,13.4516129,524798
2019/8/24,10142.8394,7785.76,10072.37304,13.51612903,802073
2019/8/23,10385.50755,7751.77,10129.30659,13.58064516,1220414
2019/8/22,10123.99448,7991.39,10128.34075,13.64516129,273642
2019/8/21,10136.96462,8020.21,10129.90873,13.70967742,1173941
2019/8/20,10751.85732,7948.56,10242.99029,13.77419355,1122520
2019/8/19,10890.2538,8002.81,10360.67456,13.83870968,1243293
2019/8/18,10331.46711,7967.203333,10355.36412,13.90322581,639925
2019/8/17,10220.07017,7931.596667,10330.76522,13.96774194,297911
2019/8/16,10344.50799,7895.99,10333.2639,14.03225806,954007
2019/8/15,10296.60027,7766.62,10326.59779,14.09677419,67586
2019/8/14,10010.24994,7773.94,10269.08,14.16129032,1204580
2019/8/13,10920.98031,8016.36,10387.60733,14.22580645,1234234
2019/8/12,11398.76219,7863.41,10571.45367,14.29032258,1160384
2019/8/11,11555.7759,7895.32,10750.42134,14.35483871,31445
2019/8/10,11342.4686,7927.23,10858.0663,14.41935484,827624
2019/8/9,11857.84447,7959.14,11039.84415,14.48387097,254658
2019/8/8,12019.25536,8039.16,11217.91891,14.5483871,499646
2019/8/7,11976.65483,7862.83,11355.8709,14.61290323,1135882
2019/8/6,11497.06268,7833.27,11381.54213,14.67741935,1136172
2019/8/5,11782.65214,7726.04,11454.47122,14.74193548,1279721
2019/8/4,10948.18762,7818.716667,11362.41966,14.80645161,574395
2019/8/3,10806.81707,7911.393333,11261.40101,14.87096774,264095
2019/8/2,10523.94638,8004.07,11127.31835,14.93548387,1165352
2019/8/1,10365.98473,8111.12,10988.89405,15,1291381
2019/7/31,10080.08612,8175.42,10823.65625,15.12903226,409643
2019/7/30,9581.211678,8273.61,10597.75723,15.25806452,722191
2019/7/29,9533.58041,8293.33,10404.27054,15.38709677,866275
2019/7/28,9545.094701,8305.623333,10248.05675,15.51612903,388400
2019/7/27,9464.997729,8317.916667,10105.68238,15.64516129,1193059
2019/7/26,9845.987422,8330.21,10058.46512,15.77419355,910867
2019/7/25,9904.696184,8238.54,10030.50713,15.90322581,891266
2019/7/24,9807.414231,8321.5,9989.944784,16.03225806,1427773
2019/7/23,9916.381214,8251.4,9976.56959,16.16129032,612612
2019/7/22,10338.58841,8204.14,10042.39119,16.29032258,1385858
2019/7/21,10596.3557,8184.923333,10143.11201,16.41935484,1258548
2019/7/20,10764.70085,8165.706667,10256.12817,16.5483871,1138914
2019/7/19,10511.69548,8146.49,10302.59495,16.67741935,1453849
2019/7/18,10629.02333,8207.24,10361.94556,16.80645161,1204814
2019/7/17,9643.714736,8185.21,10231.35814,16.93548387,1206086
2019/7/16,9499.558669,8222.8,10098.30369,17.06451613,904193
2019/7/15,10885.58845,8258.19,10241.44637,17.19354839,1205818
2019/7/14,10288.85312,8253.506667,10250.06578,17.32258065,1190440
2019/7/13,11397.16143,8248.823333,10458.62863,17.4516129,1204484
2019/7/12,11776.08244,8244.14,10698.16568,17.58064516,1230136
2019/7/11,11376.67939,8196.04,10821.53181,17.70967742,1249407
2019/7/10,12147.69776,8202.53,11062.65289,17.83870968,1308138
2019/7/9,12545.44522,8141.73,11332.2515,17.96774194,1239326
2019/7/8,12248.87413,8098.38,11498.91016,18.09677419,1144661
2019/7/7,11441.6227,8119.516667,11488.49426,18.22580645,535134
2019/7/6,11266.40134,8140.653333,11448.11373,18.35483871,509082
2019/7/5,10980.08333,8161.79,11363.01729,18.48387097,65514
2019/7/4,11221.25556,8166.01,11337.24243,18.61290323,1157516
2019/7/3,11943.62984,8170.23,11447.49469,18.74193548,1256036
2019/7/2,10818.18812,8109.09,11333.07531,18.87096774,1150353
2019/7/1,10638.00327,8091.16,11206.69858,19,1245650
2019/6/30,10912.25593,8062.853333,11153.16355,19.03333333,1183093
2019/6/29,12097.56779,8034.546667,11324.87341,19.06666667,135934
2019/6/28,12482.40996,8006.24,11535.3346,19.1,1100757
2019/6/27,11237.07665,7967.76,11481.10588,19.13333333,1158236
2019/6/26,13112.78254,7909.97,11777.77437,19.16666667,1204004
2019/6/25,11810.12783,7884.72,11783.65681,19.2,1500169
2019/6/24,11013.9636,8005.7,11643.71259,19.23333333,1052304
2019/6/23,10880.05131,8014.37,11504.86509,19.26666667,758105
2019/6/22,10719.8078,8023.04,11362.1274,19.3,1295494
2019/6/21,10162.2037,8031.71,11143.95945,19.33333333,1186730
2019/6/20,9589.390555,8051.34,10861.31056,19.36666667,1084489
2019/6/19,9311.883212,7987.32,10579.5965,19.4,626744
2019/6/18,9125.090764,7953.88,10315.14091,19.43333333,1213348
2019/6/17,9328.082236,7845.02,10135.6757,19.46666667,1089881
2019/6/16,9025.723642,7828.9,9933.866233,19.5,1195860
2019/6/15,8859.597054,7812.78,9738.544564,19.53333333,1145847
2019/6/14,8696.970843,7796.66,9549.167524,19.56666667,1773224
2019/6/13,8286.913174,7837.13,9319.666733,19.6,1369419
2019/6/12,8159.590369,7792.72,9108.743758,19.63333333,1351580
2019/6/11,7962.75633,7822.57,8900.382407,19.66666667,1197202
2019/6/10,8000.570019,7823.17,8736.780155,19.7,1287046
2019/6/9,7750.808728,7796.146667,8557.512623,19.73333333,1354066
2019/6/8,7974.683977,7769.123333,8451.543778,19.76666667,1102192
2019/6/7,8070.900978,7742.1,8382.335996,19.8,662546
2019/6/6,7846.273224,7615.55,8284.870038,19.83333333,1208971
2019/6/5,7860.506171,7575.48,8207.712971,19.86666667,1179789
2019/6/4,7760.011058,7527.12,8126.312623,19.9,1382334
2019/6/3,8362.955081,7333.02,8169.338525,19.93333333,1396831
2019/6/2,8781.231373,7373.063333,8280.59177,19.96666667,1111774
2019/6/1,8596.109824,7413.106667,8337.958689,20,1102094
2019/5/31,8606.278615,7453.15,8386.74413,19.87096774,1277925
2019/5/30,8380.8684,7567.72,8385.675815,19.74193548,1269647
2019/5/29,8672.985373,7547.31,8437.913917,19.61290323,899457
2019/5/28,8721.615742,7607.35,8489.496067,19.48387097,1078101
2019/5/27,8857.096556,7614.765,8556.332519,19.35483871,1207940
2019/5/26,8736.628564,7622.18,8589.113618,19.22580645,755074
2019/5/25,8104.732046,7629.595,8501.044242,19.09677419,924690
2019/5/24,8021.477876,7637.01,8413.850357,18.96774194,1124924
2019/5/23,7919.729554,7628.28,8324.010211,18.83870968,1059750
2019/5/22,7744.861887,7750.84,8218.710516,18.70967742,1140757
2019/5/21,7984.314133,7785.72,8176.092992,18.58064516,1346062
2019/5/20,8004.459954,7702.38,8144.886985,18.4516129,1155334
2019/5/19,8186.662732,7740.35,8152.482575,18.32258065,345826
2019/5/18,7332.609911,7778.32,8003.414818,18.19354839,1545193
2019/5/17,7382.337789,7816.29,7890.491722,18.06451613,1203324
2019/5/16,7918.875905,7898.05,7895.652482,17.93548387,1157593
2019/5/15,8181.247379,7822.15,7947.578827,17.80645161,1122932
2019/5/14,8028.236494,7734.49,7962.243858,17.67741935,1178992
2019/5/13,7813.193116,7647.02,7935.143723,17.5483871,1143513
2019/5/12,6992.035884,7736.993333,7763.66957,17.41935484,1117480
2019/5/11,7235.877636,7826.966667,7667.7074,17.29032258,1073357
2019/5/10,6386.69149,7916.94,7434.795417,17.16129032,1289984
2019/5/9,6187.660821,7910.59,7208.043672,17.03225806,1213681
2019/5/8,5973.935496,7943.32,6983.660367,16.90322581,1186590
2019/5/7,5855.204284,7963.76,6778.486534,16.77419355,1243005
2019/5/6,5742.76254,8123.29,6590.173081,16.64516129,1097190
2019/5/5,5779.333069,8136.86,6442.747624,16.51612903,1900659
2019/5/4,5820.358392,8150.43,6329.585945,16.38709677,1097775
2019/5/3,5734.732074,8164,6221.430696,16.25806452,1071212
2019/5/2,5485.782605,8036.77,6087.676498,16.12903226,1136566
2019/5/1,5388.818933,8049.64,5960.611486,16,1353339
2019/4/30,5305.984482,8095.39,5841.588394,15.86666667,1287557
2019/4/29,5258.677411,8161.85,5735.604579,15.73333333,1217085
2019/4/28,5293.938256,8156.7,5655.301611,15.6,195697
2019/4/27,5274.514196,8151.55,5586.067536,15.46666667,1393638
2019/4/26,5264.272698,8146.4,5527.559383,15.33333333,1690727
2019/4/25,5241.366292,8118.68,5475.524276,15.2,1238477
2019/4/24,5484.270138,8102.02,5477.114433,15.06666667,1284840
2019/4/23,5591.933563,8120.82,5497.990638,14.93333333,1276502
2019/4/22,5417.509437,8015.27,5483.357693,14.8,1159237
2019/4/21,5349.866311,8010.9675,5459.086532,14.66666667,1131245
2019/4/20,5363.756655,8006.665,5441.753827,14.53333333,1489957
2019/4/19,5317.96215,8002.3625,5419.24625,14.4,1186382
2019/4/18,5309.256996,7998.06,5399.248203,14.26666667,1093924
2019/4/17,5271.109695,7996.08,5375.950293,14.13333333,1125209
2019/4/16,5280.621478,8000.23,5358.617781,14,1199669
2019/4/15,5114.800176,7976.01,5314.287307,13.86666667,1088844
2019/4/14,5187.562408,7978.726667,5291.246417,13.73333333,1175504
2019/4/13,5132.674495,7981.443333,5262.415158,13.6,1127694
2019/4/12,5090.026913,7984.16,5231.071841,13.46666667,1168373
2019/4/11,5055.483612,7947.36,5199.146708,13.33333333,1065949
2019/4/10,5334.165462,7964.24,5223.695573,13.2,1324184
2019/4/9,5235.702336,7909.28,5225.878621,13.06666667,1268881
2019/4/8,5303.985429,7953.88,5240.079858,12.93333333,1326760
2019/4/7,5212.309923,7948.816667,5235.030779,12.8,1119922
2019/4/6,5066.740036,7943.753333,5204.432462,12.66666667,1215018
2019/4/5,5029.810426,7938.69,5172.683001,12.53333333,1303842
2019/4/4,4924.082434,7891.78,5127.482898,12.4,1368408
2019/4/3,4981.380899,7895.55,5100.918898,12.26666667,1344189
2019/4/2,4888.060145,7848.69,5062.217307,12.13333333,1337182
2019/4/1,4202.12515,7828.91,4905.836915,12,1185986
2019/3/31,4202.588398,7795.713333,4777.973548,11.90322581,1204241
2019/3/30,4164.62132,7762.516667,4666.454961,11.80645161,1257179
2019/3/29,4128.954216,7729.32,4568.727553,11.70967742,1189422
2019/3/28,4061.003062,7669.17,4476.414009,11.61290323,1387620
2019/3/27,4069.689197,7643.38,4402.464043,11.51612903,1010166
2019/3/26,3980.620043,7691.52,4325.765134,11.41935484,1390292
2019/3/25,3969.701717,7637.54,4261.026331,11.32258065,1340401
2019/3/24,4024.480056,7639.25,4218.017917,11.22580645,1102272
2019/3/23,4034.593702,7640.96,4184.66806,11.12903226,404633
2019/3/22,4017.939706,7642.67,4154.353814,11.03225806,1369092
2019/3/21,4024.283202,7838.96,4130.704612,10.93548387,876464
2019/3/20,4075.319877,7728.97,4120.63466,10.83870968,51854
2019/3/19,4039.787114,7723.95,4105.935106,10.74193548,94248
2019/3/18,4020.470962,7714.48,4090.396171,10.64516129,246662
2019/3/17,4007.16692,7705.83,4075.26358,10.5483871,912716
2019/3/16,4024.229285,7697.18,4065.984617,10.4516129,80072
2019/3/15,3928.041329,7688.53,4040.904019,10.35483871,1432622
2019/3/14,3900.376687,7630.91,4015.353595,10.25806452,1346234
2019/3/13,3895.619863,7643.41,3993.583826,10.16129032,1185589
2019/3/12,3901.113915,7591.03,3976.771115,10.06451613,1340642
2019/3/11,3879.103312,7558.06,3959.013332,9.967741935,1239910
2019/3/10,3902.806463,7508.086667,3948.793902,9.870967742,1158707
2019/3/9,3931.895283,7458.113333,3945.721425,9.774193548,2354
2019/3/8,3872.141156,7408.14,3932.343195,9.677419355,304445
2019/3/7,3888.248904,7421.46,3924.326051,9.580645161,1341109
2019/3/6,3873.668096,7505.92,3915.115514,9.483870968,1320452
2019/3/5,3855.002805,7576.36,3904.18593,9.387096774,1187736
2019/3/4,3755.244534,7577.57,3877.105676,9.290322581,1321310
2019/3/3,3881.076222,7583.496667,3877.827594,9.193548387,1245559
2019/3/2,3848.655865,7589.423333,3872.523643,9.096774194,1112688
2019/3/1,3834.29029,7595.35,3865.572124,9,1259557
2019/2/28,3845.258313,7532.53,3861.878704,9,1139541
2019/2/27,3841.615656,7554.51,3858.194514,9,365441
2019/2/26,3842.992707,7549.3,3855.430549,9,1074344
2019/2/25,3868.161644,7554.46,3857.745293,9,1143293
2019/2/24,3807.506664,7545.49,3848.610997,9,1375549
2019/2/23,4123.668789,7536.52,3898.621505,9,1254394
2019/2/22,3970.590294,7527.55,3911.706739,9,478567
2019/2/21,3894.540736,7459.71,3908.585648,9,1329918
2019/2/20,3918.389586,7489.07,3910.368182,9,1194621
2019/2/19,3893.270397,7486.77,3907.259494,9,1228727
2019/2/18,3858.949361,7483.18,3898.475833,9,1600348
2019/2/17,3630.269019,7479.59,3849.710958,9,1234812
2019/2/16,3599.138222,7476,3804.152279,9,565262
2019/2/15,3596.820722,7472.41,3766.455632,9,1350232
2019/2/14,3577.37136,7426.96,3732.076673,9,1230550
2019/2/13,3590.146721,7420.38,3706.271228,9,1172405
2019/2/12,3608.145569,7414.62,3688.430199,9,1335643
2019/2/11,3615.96957,7307.91,3675.255539,9,1818143
2019/2/10,3663.532767,7304.673333,3673.124126,9,1205701
2019/2/9,3648.622398,7301.436667,3668.669266,9,1219239
2019/2/8,3632.621064,7298.2,3662.115048,9,1208835
2019/2/7,3382.947414,7288.35,3611.357296,9,1215886
2019/2/6,3405.558944,7375.28,3573.939414,9,899192
2019/2/5,3463.442822,7402.08,3553.849124,9,1211899
2019/2/4,3453.032184,7347.54,3535.518772,9,1172332
2019/2/3,3451.480647,7319.65,3520.239113,9,399250
2019/2/2,3502.072823,7291.76,3516.936151,9,1355736
2019/2/1,3474.400614,7263.87,3509.202417,9,1157374
2019/1/31,3447.812769,7281.74,3498.040663,9.032258065,595688
2019/1/30,3470.82826,7183.08,3493.092953,9.064516129,1450462
2019/1/29,3438.806393,7028.29,3483.222669,9.096774194,1259289
2019/1/28,3462.059067,7085.69,3479.374742,9.129032258,1120770
2019/1/27,3575.695347,7112.08,3496.887579,9.161290323,156967
2019/1/26,3595.147524,7138.47,3514.753024,9.193548387,74162
2019/1/25,3590.982706,7164.86,3528.612966,9.225806452,971594
2019/1/24,3601.873911,7073.46,3541.933138,9.258064516,734699
2019/1/23,3592.901431,7025.77,3551.2001,9.290322581,1340354
2019/1/22,3608.383962,7020.36,3561.597166,9.322580645,1135350
2019/1/21,3547.119997,7054.5775,3558.964953,9.35483871,193865
2019/1/20,3583.507436,7088.795,3563.427223,9.387096774,1033583
2019/1/19,3735.953787,7123.0125,3594.795689,9.419354839,365008
2019/1/18,3653.185376,7157.23,3605.411996,9.451612903,1111590
2019/1/17,3684.253015,7084.46,3619.746727,9.483870968,1116953
2019/1/16,3658.24673,7034.69,3626.746727,9.516129032,130142
2019/1/15,3640.207439,7023.83,3629.194129,9.548387097,1201371
2019/1/14,3705.942606,6905.92,3643.148398,9.580645161,742535
2019/1/13,3553.227143,6927.773333,3626.799079,9.612903226,1104503
2019/1/12,3668.24992,6949.626667,3634.335595,9.64516129,1167824
2019/1/11,3678.691684,6971.48,3642.400339,9.677419355,1046088
2019/1/10,3673.215707,6986.07,3648.003133,9.709677419,30603
2019/1/9,4032.575391,6957.08,3717.925362,9.741935484,981935
2019/1/8,4030.989306,6897,3774.846079,9.774193548,957854
2019/1/7,4036.958448,6823.47,3822.502873,9.806451613,1047187
2019/1/6,4085.907582,6795.266667,3870.394638,9.838709677,1073975
2019/1/5,3866.004564,6767.063333,3869.596443,9.870967742,1240323
2019/1/4,3877.816632,6738.86,3871.091023,9.903225806,838299
2019/1/3,3843.99664,6463.5,3866.164771,9.935483871,1188335
2019/1/2,3938.625961,6665.94,3879.339533,9.967741935,737600
2019/1/1,3851.181614,6650.61,3874.219912,10,871487
2018/12/31,3746.123953,6635.28,3850.929737,10.09677419,860576
2018/12/30,3863.165984,6618.36,3853.154509,10.19354839,1159210
2018/12/29,3832.098961,6601.44,3849.326228,10.29032258,1290263
2018/12/28,3902.734263,6584.52,3859.03678,10.38709677,286451
2018/12/27,3651.165346,6579.49,3821.241974,10.48387097,90789
2018/12/26,3833.455304,6554.36,3823.462579,10.58064516,1145222
2018/12/25,3789.436638,6373.64,3817.276044,10.67741935,1212053
2018/12/24,4049.134022,6192.92,3859.43204,10.77419355,15190
2018/12/23,3980.147519,6239.613333,3881.380309,10.87096774,963449
2018/12/22,3985.947865,6286.306667,3900.392592,10.96774194,272533
2018/12/21,3872.495182,6333,3895.320336,11.06451613,985182
2018/12/20,4103.258582,6528.41,3933.12729,11.16129032,1316626
2018/12/19,3719.296166,6636.83,3894.248903,11.25806452,1215895
2018/12/18,3671.041341,6783.91,3853.66571,11.35483871,1329136
2018/12/17,3520.00734,6753.73,3793.000552,11.4516129,641990
2018/12/16,3259.040242,6806.043333,3695.916859,11.5483871,1333859
2018/12/15,3244.865925,6858.356667,3613.907599,11.64516129,1216729
2018/12/14,3236.70091,6910.67,3545.324564,11.74193548,752905
2018/12/13,3314.351766,7070.33,3503.32951,11.83870968,1143203
2018/12/12,3471.915387,7098.31,3497.617851,11.93548387,1158211
2018/12/11,3394.218703,7031.83,3478.818006,12.03225806,1293996
2018/12/10,3464.835871,7020.52,3476.2758,12.12903226,1049778
2018/12/9,3586.572261,7003.43,3496.329702,12.22580645,165921
2018/12/8,3465.344049,6986.34,3490.695947,12.32258065,1263928
2018/12/7,3424.127676,6969.25,3478.592625,12.41935484,1181993
2018/12/6,3530.420581,7188.26,3488.01589,12.51612903,1064068
2018/12/5,3778.6441,7173.345,3540.857382,12.61290323,1260967
2018/12/4,3959.996646,7158.43,3617.064521,12.70967742,1098155
2018/12/3,3905.390427,7441.51,3669.487413,12.80645161,1313363
2018/12/2,4143.979048,7404.52,3755.75862,12.90322581,860526
2018/12/1,4208.469723,7367.53,3838.069729,13,1251858
2018/11/30,4030.044494,7330.54,3872.974232,13.03333333,1299147
2018/11/29,4295.392323,7273.08,3949.777521,13.06666667,1173673
2018/11/28,4256.464556,7291.59,4005.5388,13.1,1299431
2018/11/27,3835.01659,7082.7,3974.534762,13.13333333,1034749
2018/11/26,3801.729367,7081.85,3943.115599,13.16666667,1002853
2018/11/25,4008.329436,7034.226667,3954.972661,13.2,1207723
2018/11/24,3894.620254,6986.603333,3943.999496,13.23333333,1461604
2018/11/23,4374.323227,6938.98,4022.240174,13.26666667,911870
2018/11/22,4377.54577,6955.615,4086.841192,13.3,1176177
2018/11/21,4609.512684,6972.25,4181.872372,13.33333333,1560533
2018/11/20,4470.864068,6908.82,4234.416317,13.36666667,1199454
2018/11/19,4893.020433,7028.48,4354.16252,13.4,1126698
2018/11/18,5647.479577,7101.61,4589.311076,13.43333333,163528
2018/11/17,5631.540424,7174.74,4778.807321,13.46666667,261948
2018/11/16,5627.478697,7247.87,4933.111207,13.5,649048
2018/11/15,5654.723204,7259.03,5064.313389,13.53333333,1109391
2018/11/14,5747.076679,7136.39,5188.452169,13.56666667,1239292
2018/11/13,6371.367486,7200.88,5403.527681,13.6,1046519
2018/11/12,6364.393922,7200.87,5578.230634,13.63333333,235146
2018/11/11,6407.676509,7269.546667,5729.038975,13.66666667,1281962
2018/11/10,6399.518804,7338.223333,5850.944398,13.7,634994
2018/11/9,6397.943423,7406.9,5950.398766,13.73333333,1310194
2018/11/8,6468.139286,7530.89,6044.533406,13.76666667,1326466
2018/11/7,6526.820154,7570.75,6132.221906,13.8,1144845
2018/11/6,6428.294585,7375.96,6186.053302,13.83333333,1239210
2018/11/5,6413.987438,7328.85,6227.495872,13.86666667,79625
2018/11/4,6456.241631,7338.23,6269.08601,13.9,1167565
2018/11/3,6387.91703,7347.61,6290.69165,13.93333333,582656
2018/11/2,6407.751479,7356.99,6311.975255,13.96666667,1131002
2018/11/1,6368.306136,7434.06,6322.217234,14,1452118
2018/10/31,6298.837501,7305.9,6317.966373,13.87096774,1079435
2018/10/30,6284.585339,7161.65,6311.897094,13.74193548,846854
2018/10/29,6252.273571,7050.29,6301.056454,13.61290323,1288833
2018/10/28,6406.221101,7089.263333,6320.177299,13.48387097,65446
2018/10/27,6416.188305,7128.236667,6337.633845,13.35483871,1048684
2018/10/26,6416.405872,7167.21,6351.956032,13.22580645,808341
2018/10/25,6420.365573,7318.34,6364.39413,13.09677419,316171
2018/10/24,6433.06548,7108.4,6376.87983,12.96774194,1332369
2018/10/23,6423.905004,7437.54,6385.429862,12.83870968,1097100
2018/10/22,6466.252678,7468.63,6400.124919,12.70967742,1172709
2018/10/21,6475.861332,7462.096667,6413.895176,12.58064516,905881
2018/10/20,6461.901011,7455.563333,6422.62351,12.4516129,1111525
2018/10/19,6455.39574,7449.03,6428.582097,12.32258065,1243404
2018/10/18,6479.295676,7485.14,6437.802748,12.19354839,1238633
2018/10/17,6520.256441,7642.7,6452.794328,12.06451613,668189
2018/10/16,6552.077685,7645.49,6470.845848,11.93548387,1307146
2018/10/15,6576.759501,7430.74,6490.102876,11.80645161,1251331
2018/10/14,6321.811255,7452.79,6459.504399,11.67741935,129493
2018/10/13,6325.159139,7474.84,6435.077988,11.5483871,86268
2018/10/12,6293.90483,7496.89,6409.410141,11.41935484,1319748
2018/10/11,6252.437099,7329.06,6380.869588,11.29032258,842033
2018/10/10,6599.428021,7422.05,6420.607485,11.16129032,125510
2018/10/9,6646.658367,7738.02,6461.707645,11.03225806,187131
2018/10/8,6657.272478,7735.95,6497.264888,10.90322581,393264
2018/10/7,6595.637642,7753.45,6515.150843,10.77419355,1387896
2018/10/6,6590.995726,7770.95,6528.940822,10.64516129,83504
2018/10/5,6626.550323,7788.45,6546.688004,10.51612903,1376547
2018/10/4,6574.045632,7879.51,6551.662118,10.38709677,575
2018/10/3,6505.256156,8025.09,6543.22467,10.25806452,458652
2018/10/2,6534.415121,7999.55,6541.622934,10.12903226,32045
2018/10/1,6596.018098,8037.3,6551.512964,10,1271739
2018/9/30,6619.480812,8040.316667,6563.870754,10.03333333,61857
2018/9/29,6600.212125,8043.333333,6570.478276,10.06666667,665999
2018/9/28,6641.955563,8046.35,6583.474147,10.1,712943
2018/9/27,6676.851173,8041.97,6600.451788,10.13333333,293927
2018/9/26,6479.083948,7990.37,6578.384908,10.16666667,1290606
2018/9/25,6438.627759,8007.47,6552.974517,10.2,636514
2018/9/24,6586.794102,7993.25,6559.123533,10.23333333,561531
2018/9/23,6709.838127,7991.153333,6586.526186,10.26666667,434005
2018/9/22,6707.238115,7989.056667,6608.47381,10.3,606543
2018/9/21,6744.696981,7986.96,6633.241659,10.33333333,567939
2018/9/20,6497.019131,8028.23,6608.473927,10.36666667,1213948
2018/9/19,6397.127392,7950.04,6570.047284,10.4,71167
2018/9/18,6363.858467,7956.11,6532.558408,10.43333333,1149440
2018/9/17,6274.229074,7895.79,6485.589438,10.46666667,887760
2018/9/16,6512.152478,7933.873333,6490.419082,10.5,87124
2018/9/15,6537.211073,7971.956667,6498.926717,10.53333333,577191
2018/9/14,6509.223086,8010.04,6500.798784,10.56666667,1654692
2018/9/13,6501.145617,8013.71,6500.861844,10.6,254516
2018/9/12,6359.149645,7954.23,6475.09599,10.63333333,253841
2018/9/11,6306.694006,7972.47,6444.477447,10.66666667,1168549
2018/9/10,6330.669843,7924.16,6423.785156,10.7,1228867
2018/9/9,6277.682277,7916.953333,6397.220996,10.73333333,386284
2018/9/8,6214.51545,7909.746667,6364.001806,10.76666667,21028
2018/9/7,6436.841435,7902.54,6377.245375,10.8,1216198
2018/9/6,6519.675095,7922.73,6403.141687,10.83333333,841713
2018/9/5,6714.906125,7995.17,6459.826131,10.86666667,1070429
2018/9/4,7360.989295,8091.25,6623.673979,10.9,482130
2018/9/3,7268.864743,8095.8225,6740.98139,10.93333333,996984
2018/9/2,7277.239549,8100.395,6838.482874,10.96666667,282419
2018/9/1,7193.248733,8104.9675,6902.985757,11,1372351
2018/8/31,7018.26405,8109.54,6923.945447,11.03225806,151842
2018/8/30,6973.880312,8088.36,6933.024513,11.06451613,89668
2018/8/29,7036.643094,8109.69,6951.864255,11.09677419,238057
2018/8/28,7082.637385,8030.04,6975.641188,11.12903226,1134597
2018/8/27,6883.391277,8017.9,6958.868477,11.16129032,203521
2018/8/26,6705.158423,7993.926667,6912.739376,11.19354839,1078589
2018/8/25,6745.155573,7969.953333,6882.269594,11.22580645,878743
2018/8/24,6709.592961,7945.98,6850.873842,11.25806452,110546
2018/8/23,6528.524415,7878.46,6792.264856,11.29032258,249326
2018/8/22,6376.530714,7889.1,6716.67683,11.32258065,930411
2018/8/21,6482.48094,7859.17,6674.095759,11.35483871,247395
2018/8/20,6291.971192,7821.01,6604.618565,11.38709677,173174
2018/8/19,6509.311913,7819.45,6587.290083,11.41935484,1185118
2018/8/18,6420.016879,7817.89,6556.876773,11.4516129,991743
2018/8/17,6587.234439,7816.33,6562.396349,11.48387097,1269338
2018/8/16,6329.69734,7806.52,6520.087438,11.51612903,33507
2018/8/15,6306.298266,7774.12,6481.216679,11.5483871,1293079
2018/8/14,6207.11752,7870.9,6431.380469,11.58064516,921568
2018/8/13,6284.928115,7819.71,6404.752768,11.61290323,148235
2018/8/12,6342.511734,7826.176667,6393.436216,11.64516129,250533
2018/8/11,6293.915942,7832.643333,6375.341621,11.67741935,119665
2018/8/10,6183.831056,7839.11,6340.521518,11.70967742,160752
2018/8/9,6563.764604,7891.78,6381.11117,11.74193548,528383
2018/8/8,6281.517374,7888.33,6363.003207,11.77419355,604885
2018/8/7,6732.82669,7883.66,6430.24384,11.80645161,21868
2018/8/6,6935.713092,7859.68,6522.147341,11.83870968,1007245
2018/8/5,7041.990104,7843.793333,6616.664207,11.87096774,306558
2018/8/4,7017.844894,7827.906667,6689.60615,11.90322581,185662
2018/8/3,7422.438043,7812.02,6822.848312,11.93548387,75975
2018/8/2,7551.493153,7802.69,6955.329192,11.96774194,147476
2018/8/1,7596.721803,7707.29,7071.946031,12,1073683
2018/7/31,7752.144492,7671.79,7195.618478,12.03225806,1367635
2018/7/30,8181.184914,7630,7374.812376,12.06451613,447876
2018/7/29,8211.614335,7665.806667,7526.958186,12.09677419,139717
2018/7/28,8195.281388,7701.613333,7648.471496,12.12903226,613345
2018/7/27,8158.491094,7737.42,7741.202332,12.16129032,591602
2018/7/26,7933.673932,7852.19,7776.197168,12.19354839,188378
2018/7/25,8179.363887,7932.24,7849.500208,12.22580645,828958
2018/7/24,8338.94062,7840.77,7938.489374,12.25806452,1086280
2018/7/23,7712.930732,7841.87,7897.478712,12.29032258,1179004
2018/7/22,7391.747574,7834.646667,7805.527596,12.32258065,760391
2018/7/21,7400.986497,7827.423333,7731.974669,12.35483871,656989
2018/7/20,7329.843348,7820.2,7658.859883,12.38709677,1020083
2018/7/19,7443.660646,7825.3,7619.732749,12.41935484,1145549
2018/7/18,7353.883851,7854.44,7571.396586,12.4516129,1058413
2018/7/17,7317.330034,7855.12,7525.202667,12.48387097,1137657
2018/7/16,6705.492444,7805.72,7376.164445,12.51612903,1136359
2018/7/15,6346.599551,7812.473333,7188.970828,12.5483871,462046
2018/7/14,6250.050407,7819.226667,7018.258024,12.58064516,745897
2018/7/13,6215.784718,7825.98,6872.353787,12.61290323,1022929
2018/7/12,6202.442176,7823.92,6750.551676,12.64516129,1096416
2018/7/11,6367.687185,7716.61,6680.93995,12.67741935,998296
2018/7/10,6319.83561,7759.2,6615.284615,12.70967742,1760727
2018/7/9,6669.99851,7756.2,6625.232596,12.74193548,1007614
2018/7/8,6711.7568,7733.596667,6640.96427,12.77419355,784343
2018/7/7,6718.701013,7710.993333,6655.098223,12.80645161,568138
2018/7/6,6600.606901,7688.39,6645.19071,12.83870968,474323
2018/7/5,6532.499354,7586.43,6624.701372,12.87096774,430382
2018/7/4,6603.099909,7544.55,6620.773834,12.90322581,1175842
2018/7/3,6534.644903,7502.67,6605.114028,12.93548387,1226328
2018/7/2,6595.968717,7567.69,6603.451244,12.96774194,671234
2018/7/1,6364.401842,7548.56,6559.987717,13,491146
2018/6/30,6376.564855,7529.43,6526.638105,13,1157494
2018/6/29,6127.560923,7510.3,6454.078618,13,1110406
2018/6/28,5912.435446,7503.68,6355.598041,13,1118481
2018/6/27,6108.694146,7445.09,6310.706424,13,1108600
2018/6/26,6103.03072,7561.63,6272.947205,13,1126772
2018/6/25,6238.074119,7532.01,6266.606644,13,1086395
2018/6/24,6149.117943,7585.613333,6245.245062,13,526531
2018/6/23,6156.300264,7639.216667,6229.07328,13,277086
2018/6/22,6071.720089,7692.82,6200.463609,13,324530
2018/6/21,6711.941657,7712.95,6293.459618,13,332179
2018/6/20,6734.137828,7781.52,6373.582929,13,1633359
2018/6/19,6722.636753,7725.59,6437.047261,13,1026614
2018/6/18,6700.596021,7747.03,6484.965217,13,26243
2018/6/17,6461.213025,7746.813333,6480.646637,13,613219
2018/6/16,6505.755311,7746.596667,6485.21185,13,209074
2018/6/15,6473.773491,7746.38,6483.132148,13,207160
2018/6/14,6649.438347,7761.04,6513.369639,13,1112836
2018/6/13,6308.396028,7695.7,6476.10171,13,1039975
2018/6/12,6558.514878,7703.79,6491.085922,13,1069179
2018/6/11,6847.943671,7659.93,6555.969149,13,235705
2018/6/10,6797.078904,7655.123333,6599.807286,13,36683
2018/6/9,7559.667409,7650.316667,6774.327309,13,71687
2018/6/8,7622.637061,7645.51,6928.565446,13,724157
2018/6/7,7654.789136,7635.07,7060.606117,13,1046307
2018/6/6,7577.593405,7689.24,7154.603805,13,1019236
2018/6/5,7612.115176,7637.86,7237.787691,13,1017937
2018/6/4,7505.890508,7606.46,7286.533658,13,1034977
2018/6/3,7684.931799,7589.083333,7358.969683,13,1205237
2018/6/2,7588.637728,7571.706667,7400.72751,13,6331
2018/6/1,7525.473797,7554.33,7423.408653,13,242073
2018/5/31,7504.038587,7442.12,7438.068641,13.06451613,53495
2018/5/30,7411.621917,7462.45,7433.260146,13.12903226,603294
2018/5/29,7474.562016,7396.59,7440.769577,13.19354839,120121
2018/5/28,7149.250597,7405.905,7387.766126,13.25806452,375568
2018/5/27,7363.93676,7415.22,7383.433514,13.32258065,681079
2018/5/26,7349.788652,7424.535,7377.316266,13.38709677,42381
2018/5/25,7488.637221,7433.85,7397.55644,13.4516129,291636
2018/5/24,7576.278752,7424.43,7430.051406,13.51612903,647072
2018/5/23,7570.538188,7425.96,7455.594457,13.58064516,152205
2018/5/22,8032.093711,7378.46,7560.412503,13.64516129,1149023
2018/5/21,8399.115042,7394.04,7712.903874,13.70967742,61698
2018/5/20,8499.1229,7380.806667,7855.852788,13.77419355,1090770
2018/5/19,8225.333519,7367.573333,7923.031102,13.83870968,74736
2018/5/18,8236.681884,7354.34,7980.058517,13.90322581,99572
2018/5/17,8088.947899,7382.47,7999.856587,13.96774194,1032577
2018/5/16,8343.900226,7398.3,8062.409976,14.03225806,49785
2018/5/15,8515.701134,7351.63,8144.82655,14.09677419,431979
2018/5/14,8740.312768,7411.32,8253.096771,14.16129032,130212
2018/5/13,8699.820503,7408.506667,8334.319268,14.22580645,37788
2018/5/12,8488.213129,7405.693333,8362.29997,14.29032258,546393
2018/5/11,8422.66381,7402.88,8373.275214,14.35483871,1216564
2018/5/10,9037.392112,7404.98,8494.023741,14.41935484,1208646
2018/5/9,9327.374047,7339.91,8645.541978,14.48387097,273
2018/5/8,9233.687914,7266.9,8752.477603,14.5483871,347584
2018/5/7,9372.878004,7265.21,8865.277676,14.61290323,560614
2018/5/6,9666.853489,7246.68,9011.018733,14.67741935,574085
2018/5/5,9864.060649,7228.15,9166.117263,14.74193548,83664
2018/5/4,9718.724265,7209.62,9266.591263,14.80645161,1109572
2018/5/3,9769.290293,7088.15,9357.991087,14.87096774,535923
2018/5/2,9236.704389,7100.9,9335.93896,14.93548387,928923
2018/5/1,9096.810022,7130.7,9292.460971,15,66769
2018/4/30,9240.335679,7066.27,9282.983645,15.13333333,819991
2018/4/29,9413.409305,7084.113333,9306.697402,15.26666667,695278
2018/4/28,9337.281363,7101.956667,9312.258122,15.4,319663
2018/4/27,8974.089791,7119.8,9250.772971,15.53333333,1042849
2018/4/26,9268.527837,7118.68,9254.001128,15.66666667,37325
2018/4/25,8846.751895,7003.74,9179.955813,15.8,1112974
2018/4/24,9715.110088,7007.35,9277.25659,15.93333333,837313
2018/4/23,8924.023356,7128.6,9213.032366,16.06666667,1116974
2018/4/22,8787.210206,7134.443333,9135.610155,16.2,1224707
2018/4/21,8884.348604,7140.286667,9089.926237,16.33333333,345146
2018/4/20,8813.044081,7146.13,9039.584027,16.46666667,1299732
2018/4/19,8280.64311,7238.06,8901.594769,16.6,962426
2018/4/18,8133.862763,7295.24,8762.007132,16.73333333,125059
2018/4/17,7889.50363,7281.1,8603.370131,16.86666667,385463
2018/4/16,8038.471105,7156.29,8500.661217,17,243322
2018/4/15,8301.987534,7139.743333,8464.53873,17.13333333,239
2018/4/14,7910.243775,7123.196667,8363.757829,17.26666667,1118644
2018/4/13,7866.931623,7106.65,8273.425791,17.4,240847
2018/4/12,7821.822517,7140.25,8191.316105,17.53333333,96364
2018/4/11,6932.843296,7069.03,7962.502867,17.66666667,368867
2018/4/10,6844.301557,7094.3,7759.193538,17.8,465227
2018/4/9,6772.871609,6950.34,7579.862278,17.93333333,59711
2018/4/8,7000.923355,6938.596667,7474.600656,18.06666667,468454
2018/4/7,6894.151859,6926.853333,7369.064511,18.2,43798
2018/4/6,6637.296686,6915.11,7236.015815,18.33333333,137865
2018/4/5,6819.726657,7076.55,7160.326878,18.46666667,1169003
2018/4/4,6840.93611,7042.11,7102.255829,18.6,374574
2018/4/3,7454.69179,6941.28,7166.335095,18.73333333,158415
2018/4/2,7061.622526,6870.12,7147.296446,18.86666667,530607
2018/4/1,6830.630577,6918.4525,7089.720833,19,803996
2018/3/31,6955.124518,6966.785,7065.248776,19.12903226,1016587
2018/3/30,6880.453144,7015.1175,7031.64957,19.25806452,925547
2018/3/29,7178.058623,7063.45,7058.269398,19.38709677,868018
2018/3/28,7954.826953,6949.23,7221.279862,19.51612903,192507
2018/3/27,7828.221732,7008.81,7331.63293,19.64516129,204313
2018/3/26,8187.383924,7220.54,7487.22402,19.77419355,126693
2018/3/25,8466.556129,7144.583333,7665.284403,19.90322581,72202
2018/3/24,8661.018753,7068.626667,7846.327012,20.03225806,770371
2018/3/23,8865.051157,6992.67,8031.549584,20.16129032,550887
2018/3/22,8721.57,7166.68,8157.007841,20.29032258,15354
2018/3/21,8978.01899,7345.29,8306.282596,20.41935484,286
2018/3/20,8892.783654,7364.3,8412.919152,20.5483871,798135
2018/3/19,8588.661986,7344.24,8444.872394,20.67741935,760732
2018/3/18,8092.439642,7390.156667,8380.793712,20.80645161,375853
2018/3/17,7906.38397,7436.073333,8294.537395,20.93548387,161881
2018/3/16,8315.139163,7481.99,8298.283171,21.06451613,407786
2018/3/15,8291.944666,7481.74,8297.130716,21.19354839,203847
2018/3/14,8262.032897,7496.81,8290.749294,21.32258065,1143319
2018/3/13,9208.440502,7511.01,8457.602241,21.4516129,326033
2018/3/12,9216.378706,7588.33,8595.561598,21.58064516,103285
2018/3/11,9570.367448,7579.156667,8772.799026,21.70967742,131718
2018/3/10,8894.85712,7569.983333,8794.991406,21.83870968,1069946
2018/3/9,9345.521676,7560.81,8895.087819,21.96774194,1093003
2018/3/8,9433.592923,7427.95,8992.997838,22.09677419,1021505
2018/3/7,9968.268316,7396.65,9170.319743,22.22580645,1080918
2018/3/6,10697.57229,7372.01,9448.002024,22.35483871,1058265
2018/3/5,11527.56879,7330.71,9826.105073,22.48387097,1060954
2018/3/4,11516.38357,7306.43,10133.42844,22.61290323,1026031
2018/3/3,11494.89894,7282.15,10380.96853,22.74193548,1038398
2018/3/2,11095.09196,7257.87,10510.80915,22.87096774,1008966
2018/3/1,10929.7655,7180.56,10586.98303,23,1093559
2018/2/28,10412.02401,7273.01,10555.1723,23.64285714,1076926
2018/2/27,10736.49053,7330.35,10588.13925,24.28571429,1145101
2018/2/26,10371.77268,7421.46,10548.79988,24.92857143,589012
2018/2/25,9699.647408,7393.436667,10394.40852,25.57142857,195872
2018/2/24,9843.276427,7365.413333,10294.20268,26.21428571,1006402
2018/2/23,10348.06763,7337.39,10303.99631,26.85714286,1027499
2018/2/22,9987.171846,7210.09,10246.39186,27.5,1046492
2018/2/21,10680.36171,7218.23,10325.29547,28.14285714,1078569
2018/2/20,11446.21506,7234.31,10529.09903,28.78571429,1003927
2018/2/19,11191.90266,7235.6,10649.60878,29.42857143,1054055
2018/2/18,10576.17556,7236.89,10636.25729,30.07142857,1021714
2018/2/17,11095.6086,7238.18,10719.77571,30.71428571,1001137
2018/2/16,10245.30885,7239.47,10633.50901,31.35714286,1004868
2018/2/15,10117.07499,7256.43,10539.61191,32,35993
2018/2/14,9505.15,7143.62,10351.52793,32.64285714,1009630
2018/2/13,8577.572064,7013.51,10028.9905,33.28571429,1024982
2018/2/12,8863.252806,6981.96,9817.038191,33.92857143,1050421
2018/2/11,8099.307366,6946.136667,9504.723495,34.57142857,1076342
2018/2/10,8624.238538,6910.313333,9344.635321,35.21428571,1046186
2018/2/9,8684.106762,6874.49,9224.53922,35.85714286,1010479
2018/2/8,8256.155151,6777.16,9048.469389,36.5,1039869
2018/2/7,7587.933554,7051.98,8782.917419,37.14285714,285
2018/2/6,7768.942755,7115.88,8598.558389,37.78571429,1095572
2018/2/5,6905.959543,6967.53,8290.813144,38.42857143,1034183
2018/2/4,8256.583798,7058.67,8284.589627,39.07142857,50284
2018/2/3,9191.270888,7149.81,8449.440765,39.71428571,1017237
2018/2/2,8768.328115,7240.95,8507.420283,40.35714286,1151014
2018/2/1,9171.249369,7385.86,8628.116481,41,1037018
2018/1/31,10236.67507,7411.48,8920.581679,41.51612903,1033179
2018/1/30,10084.49524,7402.48,9132.202326,42.03225806,1021107
2018/1/29,11348.08379,7466.51,9535.089865,42.5483871,1002871
2018/1/28,11865.23189,7479.596667,9958.752051,43.06451613,1028648
2018/1/27,11446.46873,7492.683333,10229.24599,43.58064516,705406
2018/1/26,11123.95015,7505.77,10391.91948,44.09677419,1027997
2018/1/25,11219.4367,7411.16,10542.37715,44.61290323,1017268
2018/1/24,10821.59111,7415.06,10593.14333,45.12903226,1303000
2018/1/23,10800.47262,7460.29,10630.83956,45.64516129,998234
2018/1/22,10917.30641,7408.03,10682.92444,46.16129032,1123917
2018/1/21,11481.02513,7384.146667,10828.03366,46.67741935,1058734
2018/1/20,12961.20566,7360.263333,11215.88311,47.19354839,1064269
2018/1/19,11517.12995,7336.38,11270.65527,47.70967742,1000219
2018/1/18,11305.3074,7296.05,11276.95565,48.22580645,1086103
2018/1/17,11139.59209,7298.28,11251.98046,48.74193548,1041858
2018/1/16,11445.84964,7223.69,11287.2294,49.25806452,1075673
2018/1/15,13769.21644,7233.0325,11738.49977,49.77419355,1001823
2018/1/14,13815.42967,7242.375,12116.12339,50.29032258,1024150
2018/1/13,14552.77603,7251.7175,12559.15114,50.80645161,999273
2018/1/12,14089.11203,7261.06,12837.32585,51.32258065,1020845
2018/1/11,13501.98144,7211.78,12958.17232,51.83870968,1106249
2018/1/10,15065.00252,7153.57,13341.23236,52.35483871,1046970
2018/1/9,14710.59636,7163.58,13590.20763,52.87096774,1052071
2018/1/8,15218.63286,7157.39,13886.28494,53.38709677,1048234
2018/1/7,16515.28737,7150.446667,14364.28539,53.90322581,1122542
2018/1/6,17162.01641,7143.503333,14872.96375,54.41935484,1069647
2018/1/5,16989.16148,7136.56,15257.72698,54.93548387,1108837
2018/1/4,15163.89895,7077.92,15240.66734,55.4516129,1076478
2018/1/3,15079.15218,7065.53,15211.30094,55.96774194,1055791
2018/1/2,14938.17668,7006.9,15161.64199,56.48387097,1046362
2018/1/1,13577.18855,6981.0225,14873.55954,57,1050311
