Date,Close,latest_size,latest_weight,latest_transaction_count,latest_input_value,latest_tansaction_fee
2022/12/31,16538.3479,1642020,3993003,2452,203902,830
2022/12/30,16603.75195,538817,1556699,1182,2033534,838
2022/12/29,16641.44486,1649483,3993302,3806,20403685,512
2022/12/28,16549.98327,756520,1691659,550,52548106,409
2022/12/27,16706.45971,1619057,3993347,1829,1002753,4294
2022/12/26,16908.94843,228022,609064,573,5365261,10973
2022/12/25,16829.9184,3395,10118,13,11038596,2846
2022/12/24,16833.8821,1491922,3993241,3175,199248871,6804
2022/12/23,16780.46368,1462523,3993335,2290,506765,1866
2022/12/22,16822.06214,1486737,3993357,3195,2000000,2443
2022/12/21,16806.4165,1176469,2818033,1829,19331018,1407
2022/12/20,16902.54219,1594166,3993341,2397,2941326,8814
2022/12/19,16424.79671,1546941,3746328,2817,434155,1562
2022/12/18,16750.76581,175273,472321,371,3302320,178
2022/12/17,16785.8923,266695,678940,353,99980000,1135
2022/12/16,16608.4932,1649932,3992656,2677,163385,5424
2022/12/15,17339.45827,360901,1029583,886,233033,627
2022/12/14,17799.16897,1273014,3426459,2520,3106,606
2022/12/13,17766.35055,951389,2292995,1578,1149714,1090
2022/12/12,17220.81454,1298398,2972218,1102,27300298,584
2022/12/11,17091.91654,220756,585250,523,5995433,607
2022/12/10,17114.34059,819702,2173101,1178,1131062,561
2022/12/9,17123.38673,1501455,3992925,3513,884201,1917
2022/12/8,17254.8416,871890,2135118,1408,6997952,110
2022/12/7,16838.04747,897698,2303105,1769,1868876,1740
2022/12/6,17088.37612,1639756,3993352,1540,302409,19716
2022/12/5,16959.33606,458376,1159620,356,2500,152
2022/12/4,17130.16533,86103,170895,55,584533,429
2022/12/3,16903.72363,1593193,3997978,3034,1191878,7478
2022/12/2,17088.4265,1588799,3992981,2387,2170200,4816
2022/12/1,16956.1893,1535416,3992758,3580,10949547,3885
2022/11/30,17188.63468,1432563,3998256,3437,3926542,14348
2022/11/29,16436.1924,1726413,3998328,2736,5606,313
2022/11/28,16212.40325,1552586,3993215,1834,1540832,4772
2022/11/27,16432.36462,1367362,3993295,2653,4579431,2088
2022/11/26,16461.19452,1615552,3993196,2132,1810579,8177
2022/11/25,16511.91128,1672894,3992851,3084,206197,4100
2022/11/24,16597.7313,1683627,3993474,1448,424294,8577
2022/11/23,16615.2292,1737980,3993629,652,166882247,9724
2022/11/22,16174.9574,1400382,3993402,2984,24838371,5382
2022/11/21,15779.9717,2080570,3998251,801,5718,226
2022/11/20,16291.4477,109675,275458,165,470987940,4393
2022/11/19,16715.83859,1503278,3992630,2858,13689645,5368
2022/11/18,16711.14178,1276443,3993243,1533,6310000,8474
2022/11/17,16690.88953,1354885,3993223,2867,876913,6263
2022/11/16,16673.50771,1325483,3998306,2203,9445782,1523
2022/11/15,16894.9265,1156068,3995787,1180,1582838,3997
2022/11/14,16630.63746,1547765,3993203,2279,988995,4972
2022/11/13,16349.9976,1427034,3993261,2940,93838903,20086
2022/11/12,16802.1943,740190,1884693,1331,847522,2958
2022/11/11,17104.1984,1184673,2874993,1598,196710298,31333
2022/11/10,17590.41467,1464577,3992806,3019,1359639,5564
2022/11/9,15789.34242,1500055,3993355,2196,62145645,4521
2022/11/8,18528.52093,695431,1913350,1388,2419397310,2464
2022/11/7,20591.7459,1449927,3993048,2853,75119,172
2022/11/6,20913.0539,821946,2098665,1027,896706,7778
2022/11/5,21281.5851,1825799,3993083,1133,416000,1232
2022/11/4,21156.078,1495336,3998269,2810,1234328,493
2022/11/3,20208.59651,1590873,3993261,3543,24781016,336
2022/11/2,20151.52308,1337886,3993012,2272,12478083,2860
2022/11/1,20481.5549,1518572,3993491,2561,209153795,1457
2022/10/31,20504.46023,214837,560893,412,685435,3247
2022/10/30,20621.7479,772126,2073154,1023,45988600,2266
2022/10/29,20811.98837,168796,486895,423,30699937,2250
2022/10/28,20608.2579,43057,122131,95,264999507,2812
2022/10/27,20283.97975,973599,3383403,622,1114290,134
2022/10/26,20754.02397,319610,824249,467,31677970,1060
2022/10/25,20110.87556,1350367,3998269,2653,4784000,3715
2022/10/24,19335.3937,1413022,3999604,2326,6226296,4401
2022/10/23,19548.7249,15964,40888,46,3232774,0
2022/10/22,19202.85297,45581,124166,130,239252,182
2022/10/21,19166.3286,1481762,3993356,1386,192507,1032
2022/10/20,19042.9309,902847,2425065,1956,9386242,1790
2022/10/19,19124.9892,1536597,3992832,3019,3106,606
2022/10/18,19351.0697,1487542,3998302,3162,130813651,2175
2022/10/17,19558.1117,1404547,3993631,3111,578102,1695
2022/10/16,19259.62065,298584,757587,496,6200635,668
2022/10/15,19054.8847,20394,58962,55,122450156,3067
2022/10/14,19191.0274,1548369,3993486,1476,167790,1790
2022/10/13,19380.6893,293297,766280,564,490174,1538
2022/10/12,19157.97735,1623917,3993302,2995,241245,986
2022/10/11,19045.5416,293238,819180,573,13812498,1454
2022/10/10,19135.37402,57462,153855,103,311207261,7414
2022/10/9,19436.3351,211610,496307,260,2568363,339
2022/10/8,19401.0105,546797,1481675,1264,802692,659
2022/10/7,19533.02825,801435,1948914,1359,14272324,426
2022/10/6,19948.2219,658547,1684676,1133,41161967,1804
2022/10/5,20168.6041,1791939,3998115,1048,28370000,600
2022/10/4,20339.726,1505864,3869771,2801,127662818,7942
2022/10/3,19610.3879,1667618,3993530,2397,1565652,601
2022/10/2,19035.34988,172860,439782,353,439744,705
2022/10/1,19305.1719,523284,1371804,952,224116,448
2022/9/30,19449.60774,642188,1564859,816,385097284,22185
2022/9/29,19593.33746,543694,1428574,721,282405,3228
2022/9/28,19399.48878,1685552,3668201,1724,11861,3661
2022/9/27,19098.47982,233933,615611,410,247812,141
2022/9/26,19238.7536,842988,2081535,1548,693188,2634
2022/9/25,18814.0516,739214,1985489,1387,145112,1011
2022/9/24,18931.73411,1405880,3993401,2736,523000,13526
2022/9/23,19245.96942,546628,1366438,850,323881,321
2022/9/22,19429.13269,1403398,3993607,2256,25581628,1728
2022/9/21,18501.82049,1567452,3993381,2391,74985665,4905
2022/9/20,18873.2005,1617025,3986506,2809,2760577,1440
2022/9/19,19576.6372,1699824,3992700,1967,54344021,537
2022/9/18,19393.59391,1078575,2893320,1596,510076,2130
2022/9/17,20123.64055,207223,548653,452,20277315,7188
2022/9/16,19756.26819,1502589,3993345,3191,415152,3714
2022/9/15,19662.3883,1504453,3998203,2824,510000,23533
2022/9/14,20251.71983,1515394,3993460,2000,624825802,2115
2022/9/13,20172.39246,1505575,3993004,3334,158488593,1991
2022/9/12,22387.93863,1020281,2778482,2053,235714,1466
2022/9/11,21789.45241,1506818,3993482,2674,134528,264
2022/9/10,21661.704,1512245,3993248,2195,17372783,2071
2022/9/9,21370.64087,1483132,3993019,3159,20719692,2016
2022/9/8,19318.4204,548406,1387911,924,4591234,17390
2022/9/7,19275.30356,1352407,3245716,1820,353000,1429
2022/9/6,18812.06104,1867402,3993232,1609,731372,2464
2022/9/5,19808.09596,382161,1011981,483,6736825,27300
2022/9/4,19975.3081,649180,1621009,1044,501448,10139
2022/9/3,19834.79562,28450,84451,78,505207970,7946
2022/9/2,19927.5466,1481261,3992813,2481,359190828,9093
2022/9/1,20145.5884,1854780,3999768,1009,5857,315
2022/8/31,20046.9471,1818365,3992906,1116,47969314,1362
2022/8/30,19768.0653,397685,1075397,908,21096621,232
2022/8/29,20280.87118,1539774,3992652,3205,164718486,35244
2022/8/28,19606.7351,54501,145101,112,8000,213
2022/8/27,20050.5705,1079311,2712322,1925,953794,994
2022/8/26,20215.51485,204844,481540,322,5905976,1098
2022/8/25,21591.28483,545943,1356579,678,600000,1049
2022/8/24,21378.10481,1580180,3992858,2910,33230900,1484
2022/8/23,21516.13082,1802453,3992963,1634,12309658,1455
2022/8/22,21418.635,1746438,3993048,1978,6375524,974
2022/8/21,21515.70635,564965,1508612,1119,87398103,2288
2022/8/20,21163.4085,1667450,3992747,2206,929436310,31824
2022/8/19,20840.72427,508463,1377686,965,208734794,694
2022/8/18,23206.1852,1555977,3999783,3033,2029236,420
2022/8/17,23311.75915,1571041,3993517,2089,516210,4472
2022/8/16,23889.74606,1936821,3993489,1401,79828,1342
2022/8/15,24146.6057,1590007,3993457,3407,482407,904
2022/8/14,24323.00217,1472021,3992987,2290,1606265,1922
2022/8/13,24427.97318,1490249,3993362,2986,53662475,380
2022/8/12,24395.938,13284,43380,19,221489192,423
2022/8/11,23928.9778,1591848,3997938,2464,5318468,7210
2022/8/10,23940.2045,1441220,3993128,2945,701111,2988
2022/8/9,23158.6991,1671519,3993084,1853,71414934,8751
2022/8/8,23792.955,1520411,3999764,3362,1264868,3243
2022/8/7,23170.70242,333747,889605,683,90626400,1200
2022/8/6,22938.3603,632773,1607383,1169,5460092,3010
2022/8/5,23225.78975,1682373,3993558,2707,3106,606
2022/8/4,22635.52,1758371,3993542,1697,96532,187
2022/8/3,22812.3048,1437111,3993600,1451,2287120,2255
2022/8/2,22963.82554,1603817,3992873,2234,65050,11121
2022/8/1,23311.59284,913402,2566615,1683,1437128,1333
2022/7/31,23314.4296,37277,105374,107,7547900817,2255
2022/7/30,23642.24323,1259477,2982065,900,254380,110
2022/7/29,23746.2734,77086,215020,177,403212282,8051
2022/7/28,23847.01344,898017,2108118,578,2102676,212
2022/7/27,22943.12042,1564379,3998219,3412,907452,1450
2022/7/26,21206.71524,1235219,3177206,2290,8175985,2362
2022/7/25,21340.4673,1169215,3055945,2508,11566520,423
2022/7/24,22600.78471,1079320,2860567,2149,1774317,327
2022/7/23,22471.3157,472939,1266004,776,563267845,3845
2022/7/22,22701.085,1563127,3999742,3003,541250,2894
2022/7/21,23180.0875,1155193,2992225,2456,1155660,2813
2022/7/20,23244.5742,1617259,3993067,2058,261670,7150
2022/7/19,23407.3451,1598659,3999553,2461,677705,374
2022/7/18,22440.03658,1644470,3993494,3429,1400000,872
2022/7/17,20769.40226,1527338,3993572,1800,1.13E+11,5957
2022/7/16,21192.11367,1066316,2567309,1586,32939149,10173
2022/7/15,20831.31137,1788918,3993495,1734,14923489,2661
2022/7/14,20587.5358,1599440,3992945,1112,123173,454
2022/7/13,20187.1528,1513589,3999560,3440,62228,2610
2022/7/12,19313.26076,747164,1922684,1430,279286,1427
2022/7/11,19992.29457,1560035,3993260,2424,2806392,1620
2022/7/10,20857.65584,1437665,3992678,723,1243923,205
2022/7/9,21592.74175,103509,309420,263,184530,2530
2022/7/8,21801.08221,1467003,3993066,2631,21979,330
2022/7/7,21647.16593,1230168,3087216,1749,964789,28044
2022/7/6,20557.53555,1486072,3998140,1752,3402942,2792
2022/7/5,20185.96233,1482809,3993011,3269,3122755856,2820
2022/7/4,20255.6454,1055811,2578593,1756,3458133,2304
2022/7/3,19310.0755,293611,781180,534,482458,1296
2022/7/2,19246.50949,873822,2345352,1882,416829,2056
2022/7/1,19336.10444,1575286,3993220,2785,2000000,2433
2022/6/30,19816.74636,104464,267676,214,317228,2793
2022/6/29,20101.12,1582471,3998326,3244,104741,327
2022/6/28,20293.4508,1660560,3992760,2532,6830964,336
2022/6/27,20732.9834,1340386,3998269,1296,336101359,2577
2022/6/26,21029.2163,1411271,3999830,1039,21818843,532
2022/6/25,21499.97104,1244095,3993379,744,1625,325
2022/6/24,21279.53233,1588633,3999544,2005,1372474,205
2022/6/23,21075.1688,11148,30957,36,228575116,327
2022/6/22,19976.05359,1656461,3993569,1630,98797,2679
2022/6/21,20739.94339,691100,1516274,831,5000000,277
2022/6/20,20672.8011,1698095,3993500,1483,1909535,336
2022/6/19,20554.9027,1431102,3999681,1773,59993100,331
2022/6/18,19007.5031,207223,541054,418,323801,2385
2022/6/17,20468.2145,1644744,3998100,2614,351991,1576
2022/6/16,20383.6889,1540510,3993496,2536,9898989,40990
2022/6/15,22490.59073,179433,480555,313,1004578,5861
2022/6/14,22209.515,1142464,3998218,841,684015,3408
2022/6/13,22509.0994,1578390,3993042,3069,4125763,3185
2022/6/12,26704.72936,1201748,2852528,1565,770892,2679
2022/6/11,28399.9749,551023,1455736,1078,1334905,3076
2022/6/10,29082.53195,1436921,3993380,2781,360105,3356
2022/6/9,30111.70675,493996,1222645,762,13670822,1193
2022/6/8,30204.54858,1074220,2580016,1740,10511170,110
2022/6/7,31193.0692,1754075,3998321,2017,7385615,330
2022/6/6,31367.4226,14410,40465,40,133202,1420
2022/6/5,29909.21037,740729,1870766,1120,3437709,878
2022/6/4,29840.07522,1855762,3240358,205,39508459,28043
2022/6/3,29717.55805,1771828,3998221,908,101216,2468
2022/6/2,30441.46505,1588611,3993000,1389,23929,2819
2022/6/1,29789.42113,1461599,3993206,2532,1755583,2793
2022/5/31,31852.83438,1686147,3999588,2336,425291,7600
2022/5/30,31720.0295,1258544,3296057,2241,15112845648,5948
2022/5/29,29445.7241,1678078,3992965,2509,864391,336
2022/5/28,29047.06027,1856856,3993447,1737,11256146,1160
2022/5/27,28606.47447,1702680,3993132,2843,2265854,3052
2022/5/26,29353.61926,1239759,3138618,1976,348539,7480
2022/5/25,29557.53374,209054,505418,303,1217648,1874
2022/5/24,29674.1123,1423088,3998186,2447,1102804,3482
2022/5/23,29114.08113,1554921,3992952,2571,102603,1885
2022/5/22,30366.04222,1639618,3992782,3159,109120,1815
2022/5/21,29449.98556,1263369,3993174,1302,769045,2050
2022/5/20,29234.03291,1566955,3993340,2528,1726807,206
2022/5/19,30376.33148,1602005,3992864,2067,5779899,2427
2022/5/18,28760.1539,564986,1405079,850,147404159,6760
2022/5/17,30452.62433,451782,1120656,446,10298980,1737
2022/5/16,29880.54816,1094092,3999574,453,6087567.5,0
2022/5/15,31333.76562,1646131,3993010,1859,1876155,2596
2022/5/14,30123.7756,1122707,3999695,854,40000000,1910
2022/5/13,29250.004,1246716,3993366,1982,132008,2712
2022/5/12,29130.0386,1376530,3993493,2379,41147680,2919
2022/5/11,28984.5358,1096656,3999606,558,2758301791,2810
2022/5/10,31024.7033,1077777,2739342,1625,105000,8460
2022/5/9,30363.86562,1318742,3058310,1201,1422109,1125
2022/5/8,33933.54281,1156431,3126144,2200,7556001,7975
2022/5/7,35552.564,1500504,3999798,2243,102462,1540
2022/5/6,36033.0634,332167,825577,539,4367143,512
2022/5/5,36568.7596,1710972,3993060,1475,220444,7616
2022/5/4,39699.03396,1230658,3993157,1631,256417,1443
2022/5/3,37732.29975,92018,242510,257,139380952,423
2022/5/2,38503.90959,481828,1090396,413,274199,1477
2022/5/1,38467.094,515946,1316319,853,660519,549
2022/4/30,37660.45292,1211371,3230380,2392,3307105,1125
2022/4/29,38592.00442,1549860,3992967,2757,49708,3065
2022/4/28,39749.9386,2110922,3993047,839,7679400,2938
2022/4/27,39248.43928,1444386,3992838,2128,947960,1380
2022/4/26,38026.74626,1113642,3993642,815,4916340,2321
2022/4/25,40475.27521,356905,924850,701,9369143,1269
2022/4/24,39479.99697,348153,936933,807,379627,500
2022/4/23,39419.5301,269325,777879,637,3085932,2266
2022/4/22,39757.5541,1564330,3993052,2706,740832,2970
2022/4/21,40528.7777,971419,2541268,2093,320341,336
2022/4/20,41363.50366,1523742,3993459,3813,60721528,2070
2022/4/19,41504.4185,1413502,3992884,2951,482600,1538
2022/4/18,40826.6711,1704706,3998374,2514,670548,720
2022/4/17,39678.0001,106088,263699,154,274984,204
2022/4/16,40386.5108,23301,64461,71,136639,7751
2022/4/15,40558.127,1006042,2528632,1661,9849950,306
2022/4/14,39909.71687,1281915,3729366,2414,205913,1757
2022/4/13,41160.0481,758680,2095978,1165,1624,122
2022/4/12,40169.21512,1514675,3992993,2803,75877,666
2022/4/11,39456.93304,1450981,3993598,1907,2456869,1006
2022/4/10,42242.7841,685327,1854946,1041,3855570,335
2022/4/9,42788.71116,803317,2205403,1660,562211233,2211
2022/4/8,42283.4292,1560516,3993285,2595,449010,1208
2022/4/7,43480.17472,1455775,3993328,1716,1089663,221
2022/4/6,43138.51947,672797,1902143,1224,464943,1951
2022/4/5,45573.53741,1545180,3993588,812,117279,231
2022/4/4,46605.60297,1464040,3993367,3056,4560521,1296
2022/4/3,46430.69671,198458,554150,440,75274501,3475
2022/4/2,45845.95756,1512951,3993531,2578,1112940,1834
2022/4/1,46231.00476,1465092,3998460,2436,13683440,4992
2022/3/31,45540.82639,1563704,3999752,1410,609787,2499
2022/3/30,47100.45937,1856838,3992679,1485,197570068,2266
2022/3/29,47498.66565,1496551,3999559,3068,522122,1246
2022/3/28,46888.22115,1325060,3701447,2530,1046364,783
2022/3/27,46842.71955,1480763,3993380,2073,11918150,945
2022/3/26,44533.21742,217723,541723,421,312451,231
2022/3/25,44365.18255,9440,24278,15,583086,990
2022/3/24,43948.89113,1588045,3992887,3485,106224,1910
2022/3/23,42925.97798,804504,1948896,739,39638,191
2022/3/22,42376.74422,1444663,3999490,2627,1325368,757
2022/3/21,41051.83346,421538,1061372,616,2029185,330
2022/3/20,41252.05199,315522,835056,541,235536,204
2022/3/19,42166.22954,1351503,3744297,1858,10747338,710
2022/3/18,41767.09817,1438497,3993177,2750,1675673,6021
2022/3/17,40958.22516,104034,283074,253,1290000,770
2022/3/16,41147.27989,1456928,3993266,2236,1628366,1596
2022/3/15,39302.01679,324222,810456,519,60802950,6370
2022/3/14,39599.02437,431761,1062001,824,67055,284
2022/3/13,37824.35153,155959,395878,277,317386,659
2022/3/12,38875.98605,326664,835473,605,130687981,4770
2022/3/11,38770.04591,1729386,3992913,1292,275346,1118
2022/3/10,39461.35102,888413,2131331,1096,1136316,1729
2022/3/9,41955.06532,1541106,3993363,2372,1903023,2873
2022/3/8,38724.82009,1688426,3999653,1866,1250000000,11250
2022/3/7,37991.87947,1091615,2632697,1319,1007488592,592
2022/3/6,38385.18525,371641,892639,486,624581,2860
2022/3/5,39409.21247,86666,238136,218,19636217,1000
2022/3/4,39120.0424,1779196,3999826,918,36000,200
2022/3/3,42450.88343,1658324,3999698,1431,4538671,1875
2022/3/2,43938.47684,1603764,3998151,2234,12598937,12457
2022/3/1,44359.8712,1388822,3999710,2741,187195,770
2022/2/28,43181.1437,1421759,3993278,2198,620601,641
2022/2/27,37714.48389,941015,2520140,1711,21919487,4090
2022/2/26,39033.5353,1492197,3992838,2875,263387,495
2022/2/25,39219.47676,1620319,3993625,2637,785677,531
2022/2/24,38296.16593,1554150,3993060,2401,123916,710
2022/2/23,37287.48634,566930,1546112,1061,241313003,10986
2022/2/22,38302.8439,641208,1710561,1069,748671,567
2022/2/21,37003.15356,1129762,3992770,715,45383353,7358
2022/2/20,38464.8528,407378,1103456,842,2435576,1152
2022/2/19,40112.55953,77993,159641,67,512850,1460
2022/2/18,39976.23595,1520051,3992981,3821,13397,282
2022/2/17,40491.0412,1662850,3993307,2166,5361319,514
2022/2/16,43997.7116,180245,410444,120,5067692,154
2022/2/15,44602.5315,24468,69375,51,324728020,2510
2022/2/14,42594.9419,1414024,3993406,2567,2831176,1437
2022/2/13,42235.5136,818493,2244171,1501,6030671,849
2022/2/12,42126.3511,187665,462681,293,1576566,1088
2022/2/11,42377.6527,1709935,3992998,1607,16368768,559
2022/2/10,43524.37792,1434853,3992710,3254,541000,1665
2022/2/9,44283.9142,1059947,3993608,467,2266358,7958
2022/2/8,44082.39258,1250266,3993070,2014,159992,1006
2022/2/7,43905.99798,1550349,3993264,2804,1635792,2479
2022/2/6,42388.07234,888191,1915862,585,115069000,223
2022/2/5,41360.0538,1466854,3993640,2745,114966,558
2022/2/4,41653.56036,1568717,3992795,2076,823558,1020
2022/2/3,37027.78,1114407,2795925,2247,32318,225
2022/2/2,36835.9015,106989,287049,231,208170,2008
2022/2/1,38761.9683,1576997,3998132,2517,52966,1540
2022/1/31,38472.00624,1321652,3993515,2061,81061569,4707
2022/1/30,37937.339,1292963,3999413,224,952062296,173400
2022/1/29,38131.8236,97533,243465,178,34306,678
2022/1/28,37784.7229,1164730,2901676,1798,247134,221
2022/1/27,37201.84235,1501678,3993565,3062,3983996,2178
2022/1/26,36775.5295,1521238,3992656,1637,1823339,1223
2022/1/25,36948.63103,1447392,3868371,2844,584942,1344
2022/1/24,36705.9179,1577185,3886204,2368,929287,141
2022/1/23,36231.1426,1019304,2668722,2184,8934186,585
2022/1/22,35015.93463,988431,2596008,1627,2012293,1207
2022/1/21,36400.668,1529262,3999480,2710,1302390,2390
2022/1/20,40673.94412,1301906,3993638,1311,966021,1546
2022/1/19,41676.49878,1629183,3992853,2235,606504,261
2022/1/18,42352.1359,1478464,3993031,2427,135882,1000
2022/1/17,42199.00911,1235764,3198433,1512,829311,317
2022/1/16,43104.67713,313596,770445,292,1269652,445
2022/1/15,43145.30763,863506,2338978,1937,32087,264
2022/1/14,43068.72658,991319,2581331,1903,1384081,61248
2022/1/13,42580.3303,377116,952243,619,1702428,800
2022/1/12,43900.027,1511083,3993628,3007,59361,1512
2022/1/11,42674.2972,136122,371673,228,256738,5044
2022/1/10,41786.2184,1706777,3999608,788,19156093,5096
2022/1/9,41880.90095,861209,2559275,1226,272969,1074
2022/1/8,41752.93,185072,496814,309,236520,1696
2022/1/7,41512.9242,421546,1130368,558,783100,141
2022/1/6,43119.06386,1862933,3998417,1581,686066,136
2022/1/5,43529.7281,1640765,3999776,1798,2000000000,58419
2022/1/4,45884.45966,1530794,3993329,2557,66951030,19976
2022/1/3,46424.346,1559516,3998270,2866,129690562,17902
2022/1/2,47313.6322,332171,799445,385,2005000,226
2022/1/1,47544.4994,1026255,2501742,1607,1408342,221
2021/12/31,46304.94959,533206,1383649,902,4726045,1584
2021/12/30,47161.0092,1485842,3999782,3089,44645,2109
2021/12/29,46408.30267,1523114,3999752,2869,277559,2140
2021/12/28,47637.8884,1447061,3993410,2500,3185406,1494
2021/12/27,50650.17144,1477072,3993571,1136,1551605368,2007
2021/12/26,50799.97886,1454313,3992958,2940,13501503,2521
2021/12/25,50629.98124,106602,282639,205,329269,605
2021/12/24,50771.9277,1316430,3993339,1486,210385,550
2021/12/23,50795.70373,981281,2576132,1983,6926148,327
2021/12/22,48648.50605,914849,2303330,1682,4286845,2073
2021/12/21,48938.9095,916379,2482796,1712,3704867,2938
2021/12/20,46878.42809,1377678,3993024,3148,221290,1596
2021/12/19,46686.4963,156220,427906,403,1474468,773
2021/12/18,46871.01844,1333049,3384410,2700,1960802,889
2021/12/17,46305.32715,1236868,3993313,1502,15157357,653
2021/12/16,47709.1644,1526766,3999621,2845,139053,3916
2021/12/15,48787.2417,1485937,3993253,2813,121564433,12916
2021/12/14,48395.29567,1643792,3993419,1980,729014,403
2021/12/13,46745.6254,427005,1131747,833,21650,205
2021/12/12,50116.99176,1467578,3993671,3137,1268230,450
2021/12/11,49286.36663,1002583,2614684,1759,20477,1226
2021/12/10,47092.3307,186328,506062,441,7008927,4203
2021/12/9,47834.99429,41351,119120,99,2614298736,625
2021/12/8,50471.21696,1524905,3993593,2423,4011759,1210
2021/12/7,50559.94761,952399,2369533,1754,916489,605
2021/12/6,50453.04698,1478186,3992912,2290,68643,730
2021/12/5,49217.9124,836207,2214251,1476,18558,597
2021/12/4,49014.11288,1582823,3993506,3019,524919,780
2021/12/3,53708.6772,581966,1439864,546,11871,221
2021/12/2,56405.66892,1564700,3993617,2956,209289,2735
2021/12/1,57173.0795,1678194,3999411,2680,224519,2108
2021/11/30,57030.12565,1644752,3993068,1785,461060,3527
2021/11/29,57876.49424,1607362,3980821,2073,228026,1068
2021/11/28,57158.66834,103944,221604,107,104859,720
2021/11/27,54487.45022,14566,41443,50,54826,1269
2021/11/26,53663.60159,1534676,3993185,3823,28781125,1498
2021/11/25,58907.05076,1483680,3998439,2849,28862251790,2217
2021/11/24,57103.4606,1547142,3992778,3301,471094,700
2021/11/23,57672.52894,1524220,3998431,2969,6981363,1368
2021/11/22,56369.5245,1143947,2938346,2128,92475,5500
2021/11/21,58681.09231,104305,287323,226,413599,447
2021/11/20,59815.37361,777424,2095948,1487,19021,268
2021/11/19,58046.88915,1986846,3993642,1094,11055627,5278
2021/11/18,56749.2716,1365702,3555234,2633,41914,527
2021/11/17,60338.9249,1458689,3993065,3207,25000000,2228
2021/11/16,60189.9985,1241785,3239335,2521,4634746,1512
2021/11/15,63715.76978,1691913,3993525,2174,7822356,2850
2021/11/14,65255.04686,572606,1525436,1053,73515,334
2021/11/13,64471.04362,1449123,3998454,2453,2991482,4293
2021/11/12,64315.36364,74901,219561,145,263873,446
2021/11/11,64800.36102,1431987,3993264,2068,181991,330
2021/11/10,64871.25216,1608037,3998128,3162,2993729,671
2021/11/9,66913.3364,1537526,3999551,2172,75474,1120
2021/11/8,67500.02474,1520894,3993212,2313,2511209,2416
2021/11/7,63180.13308,306054,792336,599,526631,204
2021/11/6,61416.30848,913239,2348853,2077,312817,630
2021/11/5,61026.01799,189450,526845,315,16913,1320
2021/11/4,61367.93383,1477280,3992777,2768,289085000,31532
2021/11/3,62941.48199,1557090,3993342,2284,1823638,732
2021/11/2,63175.51239,1162481,3917885,695,10000000,576
2021/11/1,61065.03107,1217319,3992802,1035,1292915,1895
2021/10/31,61339.97564,366056,959825,605,39766221,23101
2021/10/30,61661.28735,1602196,3993289,2436,1750707,336
2021/10/29,62220.29366,272292,660435,368,166680,555
2021/10/28,60438.74647,1475227,3999289,2975,9941859,2841
2021/10/27,58681.0152,1530218,3999539,2876,2341317,8160
2021/10/26,60396.4959,1645991,3999515,2110,32532090,282
2021/10/25,62989.5447,1018927,2627581,1858,1061450,884
2021/10/24,60849.6164,1469444,3993074,2962,1781820,16700
2021/10/23,61238.6222,1030334,2733230,2081,866340,517
2021/10/22,60694.00001,741456,1965384,1437,6316266,6554
2021/10/21,62298.09301,1523392,3993214,2525,190320,1130
2021/10/20,65986.30294,1415084,3993059,2884,267868969,2991
2021/10/19,64217.0839,280351,748927,499,15000000,910
2021/10/18,61953.2331,1492585,3993286,2117,2801,1063
2021/10/17,61582.25155,794779,2251969,1533,70110,4886
2021/10/16,60860.89184,165786,485250,455,19714,1500
2021/10/15,61526.33413,1405109,3992984,2808,548240,6876
2021/10/14,57351.73842,1298004,3999609,1407,3910822,1666
2021/10/13,57357.6067,825232,2310253,1316,44948,330
2021/10/12,56035.85825,1543520,3993362,2294,90283,209
2021/10/11,57399.22647,1557831,3992835,1559,545908,282
2021/10/10,54689.5713,100941,267339,192,100000000,1600
2021/10/9,55102.17221,1800204,3999255,115,35394831,94266
2021/10/8,53892.9323,1475700,3993207,3291,2729887,2529
2021/10/7,53809.13817,1495369,3992881,1949,154287,5200
2021/10/6,55385.44519,1089224,3993209,788,55429662,3474
2021/10/5,51545.04937,1459780,3976555,3060,392137548,807
2021/10/4,49176.7613,1180802,3068468,2273,2107843,742
2021/10/3,48144.1454,493468,1418365,652,14509049,2717
2021/10/2,47710.5155,534969,1437120,965,3864277,498
2021/10/1,48080.37284,1539358,3993406,2255,4387154022,1405
2021/9/30,43797.5922,1016802,2274774,877,11856281,860
2021/9/29,41543.6399,1484083,3992902,3456,2000000,1353
2021/9/28,40909.3105,1560865,3993613,2828,14907750,330
2021/9/27,42278.30996,1531197,3993459,2666,62495,1130
2021/9/26,43209.8655,288712,818920,571,122503550,60000
2021/9/25,42718.93784,1407745,3902947,2715,914557,1006
2021/9/24,42748.0353,893576,2422256,1570,586418,567
2021/9/23,44844.228,831365,2305277,1488,445117,988
2021/9/22,43579.97298,1471433,3999653,2864,117567,1098
2021/9/21,40538.4344,1568079,3993039,2752,42890,2321
2021/9/20,42966.0101,16510,49204,49,6407186,8025
2021/9/19,47201.5018,1360256,3992954,2298,16397,204
2021/9/18,48210.7774,858398,2273384,1735,1004467,2578
2021/9/17,47197.5518,1051904,2885252,1957,63394,330
2021/9/16,47816.2504,1942356,3992919,746,54374,1848
2021/9/15,48092.9703,2141197,3998134,817,218403,2032
2021/9/14,47012.9104,575982,1503090,1141,103979,330
2021/9/13,44990.02141,21102,56088,70,25694708,3454
2021/9/12,46058.0015,981785,2721638,1637,21768904,1482
2021/9/11,45096.0509,768754,2125072,1194,77794510,2274
2021/9/10,44833.0831,1443243,3993138,2826,8800000,338
2021/9/9,46319.9526,1573597,3992884,2864,6519995,1616
2021/9/8,45972.9463,1381116,3993372,2463,58963755,989
2021/9/7,46881.9971,1386805,3998083,1342,220000,328
2021/9/6,52639.2443,609530,1708541,1178,220711,1506
2021/9/5,51698.7267,349705,894130,538,95399,330
2021/9/4,49974.09728,343980,865551,530,363141,605
2021/9/3,49987.63657,1533712,3993382,2662,173459,2302
2021/9/2,49318.558,1508211,3992898,2603,7944599,2350
2021/9/1,48744.6322,1808144,3992867,653,3550387,2782
2021/8/31,47225.2696,1619269,3998104,2125,11093794,1276
2021/8/30,47020.6765,1276939,3993580,953,4499399,3316
2021/8/29,48876.7643,1525933,3992662,2825,39747772,460
2021/8/28,48864.0249,1511028,3993495,2584,525146,1022
2021/8/27,49005.9495,713190,1967784,1601,1756366,1317
2021/8/26,47130.6185,26253,78420,64,159208,327
2021/8/25,48939.9658,364245,1004685,806,936016,870
2021/8/24,47734.0314,455055,1215315,869,1748924,330
2021/8/23,49486.4032,1003877,2710295,2057,1065273,1551
2021/8/22,49223.94712,131152,368983,242,25220,7150
2021/8/21,49000.4242,1390332,3998262,2351,7575,540
2021/8/20,49270.61315,1566935,3993044,2371,916510,336
2021/8/19,46666.8683,87864,248628,209,5606,283
2021/8/18,44856.0324,1465174,3993142,2929,772142,541
2021/8/17,44569.5598,1098380,2929157,1800,400000,269
2021/8/16,45906.7425,1238626,3993217,972,4812373,400
2021/8/15,47057.4919,773730,1861158,745,17379615,3983
2021/8/14,47053.5097,61004,164384,149,4591875,697
2021/8/13,47799.97212,523770,1391853,982,880973843,989
2021/8/12,44434.3365,188646,594378,292,2745269346,770
2021/8/11,45670.172,1589706,3993387,2888,231018,1130
2021/8/10,45543.91666,1413280,3993058,2917,110015,338
2021/8/9,46265.47428,1352661,3993060,2548,361801,696
2021/8/8,43780.2388,238301,671393,498,1563906005,3206
2021/8/7,44665.77153,521968,1419490,1022,276454,330
2021/8/6,42792.7879,88106,257072,223,101800,1000
2021/8/5,40849.95098,1471399,3993010,2589,37962492,3480
2021/8/4,39772.4717,238518,763926,394,376833,1100
2021/8/3,38255.05,1070673,2948469,2216,1977431,204
2021/8/2,39153.01029,1489825,3993346,2841,248178,440
2021/8/1,40120.70072,792604,2094187,1172,149115,204
2021/7/31,41700.99674,273061,747820,539,12866,268
2021/7/30,42094.78,972102,2629731,1774,194233,452
2021/7/29,39993.53,27863,73064,77,857390335,2039
2021/7/28,39999.97,1425830,3992744,3539,223518,836
2021/7/27,39184.61,1421864,3993014,3057,6900,1152
2021/7/26,37211.42,1431324,3993564,3000,77194,6033
2021/7/25,35227.35,217668,542802,323,16790,570
2021/7/24,34211.77,401923,1189258,624,48964196,3090
2021/7/23,33506.09382,1493086,3993349,2822,115672235,1472
2021/7/22,32338.55,317,1268,1,182836571,0
2021/7/21,32142.94,639861,1588905,1011,250000907,907
2021/7/20,29759.93,1657340,3993098,2211,65147233,3393
2021/7/19,30851.95,58512,142020,108,1500525,295879
2021/7/18,31813,1532327,3992984,2207,60401,10401
2021/7/17,31570.17,955394,2897567,1271,100000,129
2021/7/16,31385.55,289057,856333,571,576255,204
2021/7/15,31641.44705,1611947,3993035,2546,2682119,2103
2021/7/14,32776.13963,246401,688202,522,6272718,714
2021/7/13,32567.57251,621953,1802801,989,158820607,3512
2021/7/12,33219.352,243337,682465,426,40051200,8000
2021/7/11,34249.77404,447143,1328255,810,85520447,1102
2021/7/10,33548.81733,1368980,3993410,2550,1150000,2330
2021/7/9,33866.19638,323449,907264,583,53597,330
2021/7/8,32837.96027,933133,2576344,1484,977153,420
2021/7/7,33867.46512,1461204,3993519,2744,1107718,9079
2021/7/6,34106.80638,1079439,2864586,1474,112025743,744
2021/7/5,33866.54475,1435034,3856472,2444,836743,87588
2021/7/4,35312.38754,1417405,3993343,2317,105603128,17017
2021/7/3,34698.30313,1738345,3993358,1043,723163,11180
2021/7/2,33846.00709,1204657,3993322,1355,3898715,18609
2021/7/1,33628.67,1616431,3999541,2180,1191364,5500
2021/6/30,35060.42897,1395407,3998336,3217,151267913,81917
2021/6/29,35840.38647,1216971,3992877,1238,354404,26418
2021/6/28,34439.12,1498592,3993653,2937,355621,3164
2021/6/27,34579.03,1316218,3993169,2532,1421105,7668
2021/6/26,31858.58,1663504,3999568,3578,11869231,330
2021/6/25,31708.50893,1414883,3998207,401,222861248,146081
2021/6/24,34580.35118,1308845,3993068,1768,65828,788
2021/6/23,33646.15,1574728,3998386,3005,14113,6047
2021/6/22,32366.97,1310596,3992914,3672,551905,13056
2021/6/21,31606.39,1323615,3992994,2581,1616401,7224
2021/6/20,35648.51716,1361968,3998509,2244,6227868,3916
2021/6/19,35635.38,1070397,3998319,437,55799571,44664
2021/6/18,35577.47,1563574,3992743,2023,205843,338
2021/6/17,38082.08,1408601,3993023,2372,19342157,288
2021/6/16,38290.04332,726434,1922177,956,362704082,33981
2021/6/15,40204.51,1409403,3998337,2370,985029619,58743
2021/6/14,40499.97,1494372,3999474,2068,148614,432
2021/6/13,38990,2336344,3999583,157,10200166,56086
2021/6/12,35538.3,1063232,3993416,353,46124,236
2021/6/11,37200.35,1964578,3993025,992,3274126,449890
2021/6/10,36870.06,1314225,3993324,3342,385312,5831
2021/6/9,37345.04492,1540946,3993512,2878,2481594,3302
2021/6/8,33369.13806,1291648,3993130,2330,739703,1746
2021/6/7,33550.00408,1507785,3999639,2248,151233435,4706
2021/6/6,35781.01,1542556,3993106,1161,94603790,12031
2021/6/5,35510.26,811519,2113705,1093,283878,204
2021/6/4,36908.14,751112,1894970,1045,331551,7872
2021/6/3,39152.71,1332681,3999633,2222,1394688,20000
2021/6/2,37622.43,1313257,3993115,2720,349951,10000
2021/6/1,36606.39,1430434,3998326,2081,558016752,15958
2021/5/31,37303.75009,1440830,3992927,2206,352892,26418
2021/5/30,35618.15758,1712565,3999282,670,978370,4992
2021/5/29,34523.41,1535385,3992877,1337,319771,7232
2021/5/28,35670.7,1588080,3993024,990,4670547,9944
2021/5/27,38479.69228,1435903,3998371,2427,1733447,8547
2021/5/26,39184.76165,1121101,3998251,928,57000,12682
2021/5/25,38165.78818,1411797,3993582,2404,385748,14342
2021/5/24,38619.3971,1414469,3993344,2802,13978832,52832
2021/5/23,34834.68224,1440386,3999644,2742,67609383,22300
2021/5/22,37555,1533029,3998270,1343,6598564,46560
2021/5/21,37242.9427,1291154,3993509,2479,29456969,21483
2021/5/20,40389.77811,1292390,3993170,2461,4941519,40110
2021/5/19,36974.61474,1235865,3998394,2028,10864047,20566
2021/5/18,43019.7743,1172162,3993533,1777,73520,26560
2021/5/17,43590.92217,1302266,3993353,2433,1000000,7956
2021/5/16,46395.05,1351198,3993097,1210,10501885,15079
2021/5/15,46786.61,1301199,3999657,1314,245238,1275
2021/5/14,49884.92,1490659,3993361,1100,1094700,2880
2021/5/13,49655.62103,1415999,3993050,2186,203339,5637
2021/5/12,50482.43448,1798250,3999257,463,24347,7845
2021/5/11,56721.83384,1183758,3993333,1298,143619,15316
2021/5/10,55772.28125,1135049,3999401,970,178949005,340280
2021/5/9,58169.72762,1596349,3993676,1983,4942653,7449
2021/5/8,58711.17203,1734505,3998365,1699,3418365,1130
2021/5/7,57339.55,1805219,3993617,1082,70213157,243599
2021/5/6,56484.49,1552196,3998360,983,542477,12921
2021/5/5,57338.36,1518796,3993172,1996,429420,4725
2021/5/4,53329.38764,1700303,3993125,580,351419,44542
2021/5/3,57211.40864,1480694,3993572,1210,174258,34512
2021/5/2,56563.76,1786678,3993538,691,175493406,131000
2021/5/1,57793.51887,1440263,3993164,1766,503021553,35816
2021/4/30,57758.64693,1210265,3993203,2142,8904202,29380
2021/4/29,53610.42906,1458059,3993548,2474,66265051,60455
2021/4/28,54766.5393,1497552,3993084,2396,21962469,33900
2021/4/27,54924.0147,1310505,3993579,2849,1090047,3674
2021/4/26,53954.40657,1274638,3992905,2395,15574528,85500
2021/4/25,48987.68164,1507632,3992781,1552,1011182,11786
2021/4/24,50007.71595,1608812,3992696,693,44672696,9804
2021/4/23,51020.04115,1261696,3999295,3198,72707970,73024
2021/4/22,51843.6798,1301410,3998458,2076,18866061,24164
2021/4/21,53889.33,1361738,3993449,2478,2951074,51991
2021/4/20,56363.62,1451880,3993108,2626,54592263,1380412
2021/4/19,55653.24487,1405583,3999572,2173,198721,48590
2021/4/18,56037.12872,1150187,3998186,3029,573014,22826
2021/4/17,60078.27,1321193,3998420,2556,3230563,74279
2021/4/16,61504.76862,1460882,3993266,2009,43263989,30135
2021/4/15,63183.14,1431693,3993477,1924,158304,20437
2021/4/14,62628.97594,1463196,3993603,2427,284415,17920
2021/4/13,63528.48,432,1620,1,6392868.5,0
2021/4/12,59940.53,1365798,3993267,2663,12501322,15660
2021/4/11,60018.28649,1274269,3999484,2102,4644356,12875
2021/4/10,59747.4368,1469952,3993048,2040,41432969253,13095
2021/4/9,58159.44,1317461,3993344,1823,348197,5239
2021/4/8,58019.88,1325214,3999492,2670,33965,16319
2021/4/7,56073.47156,1310147,3993338,2183,432100,15554
2021/4/6,58093.23833,1409669,3993245,2523,500090909,90909
2021/4/5,58777.73936,1439983,3998287,1832,235651752,43750
2021/4/4,58215.19,1461300,3997938,2500,303041667,16800
2021/4/3,57139.13796,1290806,3998321,2472,2564547,2724
2021/4/2,58963.3276,1570585,3993559,1913,9036026,16691
2021/4/1,58755.61518,1230154,3993199,2943,3427083,11752
2021/3/31,58719.45437,1155905,3998162,1360,92703,2175
2021/3/30,58693.94856,1563567,3993222,1830,4213389,34107
2021/3/29,57664.85097,1310009,3999665,1912,10114998,17154
2021/3/28,55861.95,1449425,3993320,1377,548878,21924
2021/3/27,55917.88011,1101696,3993564,978,353443,1582
2021/3/26,55002.76979,1338023,3993440,2254,6717500,17500
2021/3/25,51412.19201,1293758,3992813,2737,1460818,32454
2021/3/24,52584.7854,1167593,3993389,1149,9283377,22946
2021/3/23,54599.96181,1300000,3999403,1720,1575911,11302
2021/3/22,54249.99078,1377013,3993019,2064,680247,7232
2021/3/21,57392.2057,1450287,3992958,2103,219626,3008
2021/3/20,58219.82,1540078,3997885,1385,9399967,12204
2021/3/19,58091.62367,1434532,3992935,2113,8561163,22473
2021/3/18,57687.52056,1317844,3993352,2367,13415884,20561
2021/3/17,58711.97874,1254150,3992901,2229,4938221,15904
2021/3/16,56455.99844,1489153,3998698,2196,50442567,5150
2021/3/15,55723.94916,1353955,3992773,2862,4186993,30174
2021/3/14,59380.01894,1567498,3993592,1516,42030,5978
2021/3/13,61297.99739,1451654,3993302,2672,148945702,10608
2021/3/12,57278.15502,1446781,3993592,1913,31878068,35267
2021/3/11,57633.69981,1305127,3999616,2795,2094905,22600
2021/3/10,55998.73927,1522357,3998395,2363,201544,14802
2021/3/9,54759.46169,1429161,3993423,2196,17793665,9812
2021/3/8,52326.86244,1515898,3993400,1954,4483325,6780
2021/3/7,51409.22675,1584474,3993561,607,229012,1808
2021/3/6,48884.80043,1280016,3999630,2276,114398,2230
2021/3/5,48901.91568,1358694,3993345,3024,1785100,10000
2021/3/4,48523.77958,1393483,3993169,2601,3731885,24634
2021/3/3,50593.57978,1736042,3993137,1422,2823686,26314
2021/3/2,48245.59608,1180459,3993514,1898,844400,24084
2021/3/1,49557.93686,1347900,3993546,2509,21002847,47078
2021/2/28,44986.74483,1426411,3998716,2482,8287854,15434
2021/2/27,46202.31375,1456541,3998639,2830,49912,13260
2021/2/26,46205.25772,1299970,3992857,2597,2019996,10496
2021/2/25,47372.37799,289,1156,1,25175630.5,0
2021/2/24,49577.66705,1262901,3993321,2839,48331265,22501
2021/2/23,48514.38215,1247484,3993549,2608,145294,15609
2021/2/22,54153.65519,1270695,3998478,2815,193880,15812
2021/2/21,57367.94614,1441858,3993304,1472,382713398,24945
2021/2/20,56008.78744,1319336,3999476,2254,1151910,36401
2021/2/19,55795.15505,1486615,3998737,2318,48159438,26633
2021/2/18,51656.84687,1217363,3998696,2679,62155088,19615
2021/2/17,52127.62093,1395737,3999401,2183,46462,25311
2021/2/16,49261.05077,1259617,3992923,2117,108256,8136
2021/2/15,47981.97749,1350684,3998673,2166,1000000000,283396
2021/2/14,48673.32971,1205617,3993289,1269,28141729,1600
2021/2/13,47056.76956,1363950,3993339,2234,6053861,27027
2021/2/12,47622.56892,1394853,3993375,2432,1358430,58812
2021/2/11,47680.42444,1240761,3998754,2634,1839066,35708
2021/2/10,44866.50228,1179067,3993013,1313,573434,50964
2021/2/9,46511.52058,1354121,3999230,2629,2799580,13500
2021/2/8,46225.49641,1339805,3993059,2657,11619364,376037
2021/2/7,38888.63824,1494959,3998594,1785,4960663,20437
2021/2/6,39191.50755,1290542,3993488,2137,1909174,17054
2021/2/5,37945.96447,1358098,3993148,2430,1711112,4746
2021/2/4,36938.03487,1351655,3992900,2558,216845,7651
2021/2/3,37551.93435,1173785,3999368,2907,37310,29928
2021/2/2,35507.12771,1434310,3993004,2033,3092506,31247
2021/2/1,33513.4412,1268416,3993604,2404,41800,27200
2021/1/31,33136.13947,1234419,3993060,1860,194590,4972
2021/1/30,34333.10794,1447352,3992672,2200,61444,6780
2021/1/29,34241.18685,1208371,3993466,2833,42763367,26148
2021/1/28,33117.57284,1108955,3999455,1524,627372,18080
2021/1/27,30305.34378,1181910,3999273,1519,1495694,19993
2021/1/26,32577.7687,1175360,3998627,2758,147582,1356
2021/1/25,32272.78384,1219904,3993359,2407,3815390,12075
2021/1/24,32261.74435,1414167,3992784,2652,27219035940,278100
2021/1/23,32045.83959,1118567,3992903,1272,1776337,12711
2021/1/22,32836.13558,1413572,3993302,1962,12515273,22010
2021/1/21,30892.80236,1443573,3999159,2558,42072741,20086
2021/1/20,35636.11099,1081703,3993086,2277,871999,5810
2021/1/19,36177.48749,1328477,3993578,2476,113300,6208
2021/1/18,36714.8432,1244385,3998670,1987,813566,5625
2021/1/17,35786.41703,1429818,3993351,1604,195780,12061
2021/1/16,36178.18021,1266295,3993580,2741,78359,2486
2021/1/15,36678.9504,1268581,3999388,2407,7500000,21300
2021/1/14,39304.68621,1271606,3992861,2528,1448420,13280
2021/1/13,37359.33216,1137707,3993224,2391,42421892,35571
2021/1/12,33949.39683,1465735,3998689,1823,198047,14238
2021/1/11,35569.7227,1208073,3993285,1674,174000,13104
2021/1/10,38299.0196,1466566,3993484,1152,32461530,2101
2021/1/9,40129.0005,1373072,3998516,2971,3951272,18579
2021/1/8,40703.29054,1336716,3998331,3044,238707,17888
2021/1/7,39493.12851,1489718,3993587,2520,34580010,20494
2021/1/6,36904.21825,1298148,3993057,2615,307336117,2925
2021/1/5,33965.16042,1194136,3999523,1435,993250,14875
2021/1/4,31973.83215,1173662,3999101,1587,47930508,8320
2021/1/3,32877.60728,1377375,3993297,2708,193185,13885
2021/1/2,32093.26496,1351577,3999482,2891,185371,21141
2021/1/1,29300.19094,1210232,3998420,2289,9546343,4313
2020/12/31,28977.96182,1272042,3993534,2126,166222035,5675
2020/12/30,28810.02049,1429667,3998720,2546,16369225,19937
2020/12/29,27392.54055,1353239,3993380,1646,1212785,3802
2020/12/28,27147.36675,1181960,3993260,2101,5253010,26505
2020/12/27,26326.48184,1143362,3993071,2266,632105,1589
2020/12/26,26446.97357,1178834,3998666,2796,192467,2747
2020/12/25,24652.03652,1479212,3993605,1811,6868309,29668
2020/12/24,23733.03049,1287216,3992886,2473,847797,23811
2020/12/23,23261.7852,1396333,3993508,2487,9741535,24540
2020/12/22,23801.64017,1142307,3993036,3186,7974608,31584
2020/12/21,22882.15792,1364101,3993280,2829,405813425,117242
2020/12/20,23516.40283,1245939,3992787,2288,4000000,1337
2020/12/19,23844.56807,1299490,3993358,2247,1109954,46980
2020/12/18,23113.99259,1215972,3998478,2018,9788115,61236
2020/12/17,22823.45909,1383643,3998512,2032,375902162,27248
2020/12/16,21367.09631,1274319,3993660,1637,3052629,17839
2020/12/15,19434.07031,1336978,3993148,2633,6192445,13912
2020/12/14,19270.74681,1243073,3993284,2149,875474,4400
2020/12/13,19169.33845,1294277,3993155,2440,646573,8853
2020/12/12,18804.79471,1464661,3992965,1184,45459476,744
2020/12/11,18062.11899,1286642,3993101,3189,26650000,3952
2020/12/10,18261.87845,1383825,3999408,1523,13245,2245
2020/12/9,18569.9877,1412895,3993114,2649,6348513,14012
2020/12/8,18325.0542,1263721,3993577,2082,390060,3150
2020/12/7,19190.03778,1181391,3998667,2925,77231076,4746
2020/12/6,19336.69255,1441996,3993256,1925,2325216,678
2020/12/5,19127.65682,1782375,3993345,584,442357345,28600
2020/12/4,18737.19266,1336549,3992962,2501,78731965,230235
2020/12/3,19427.95496,1239659,3998483,2359,52230150,45946
2020/12/2,19201.27613,1290816,3992862,2693,232955,26894
2020/12/1,18855.04374,1258982,3999635,2324,125399,25764
2020/11/30,19721.87473,1221624,3992700,2923,518600,19662
2020/11/29,18162.12347,1702005,3992907,909,2000000,314
2020/11/28,17707.71579,1561275,3999378,1767,814227747,7592
2020/11/27,17076.84202,1323453,3993522,1676,1188315,2034
2020/11/26,17072.81034,1161695,3993107,2337,251171,18009
2020/11/25,18770.2021,1177134,3999540,2774,3466465,4788
2020/11/24,19121.51141,1238924,3999206,3020,564053,16953
2020/11/23,18374.45258,1358260,3999520,2930,3203451,13616
2020/11/22,18413.52697,1477119,3993315,2165,2700257,7096
2020/11/21,18709.05738,1348542,3998631,2795,240867465,100000
2020/11/20,18641.28503,1359386,3993455,2032,2190150,12656
2020/11/19,17806.27692,1407652,3998734,1921,3089567,1723
2020/11/18,17827.83915,1197320,3999584,3114,90794334,370224
2020/11/17,17683.75928,1235559,3993210,2155,1663379,72245
2020/11/16,16725.11073,1271288,3993575,2368,112576,11594
2020/11/15,15961.34579,1103782,3992722,598,2605200189,78044
2020/11/14,16083.58805,1526091,3998685,2332,528440,3390
2020/11/13,16316.13726,1226935,3998587,2882,168133833,34454
2020/11/12,16279.27054,1727218,3960229,78,779688,144
2020/11/11,15687.48025,1254213,3998733,2838,66976,681
2020/11/10,15280.16349,1323566,3993107,2086,1283300,1660
2020/11/9,15326.15685,1697197,3992848,594,1045259,50160
2020/11/8,15499.08129,1322553,3993141,2526,1484562,12856
2020/11/7,14821.98325,1481458,3993523,1489,6532993,38446
2020/11/6,15547.05255,1141803,3993219,1028,77935517,114330
2020/11/5,15558.52541,1180993,3993346,2426,4784756,11526
2020/11/4,14132.96094,1458617,3999419,2062,149950000,122848
2020/11/3,13973.24888,1463078,3993566,2322,433206,67574
2020/11/2,13576.96848,1160464,3993436,2632,10001000114,258700
2020/11/1,13735.00686,1206434,3993482,1634,48324,2260
2020/10/31,13795.52655,1232764,3998710,2364,152612,12042
2020/10/30,13568.83725,1384474,3993295,2445,46093674,139720
2020/10/29,13443.53152,1292007,3992913,2534,349734898,695610
2020/10/28,13275.48126,1387870,3992866,2911,4745280,51758
2020/10/27,13651.54051,1519288,3993388,1806,1945111,115370
2020/10/26,13065.53603,1240301,3993113,3006,29567280,18980
2020/10/25,13020.81172,1202503,3993541,2203,21364353,1808
2020/10/24,13117.17473,1433493,3993135,2775,5930154539,22477
2020/10/23,12929.02218,1219456,3993169,2159,473311,45405
2020/10/22,12958.53719,1295332,3992842,2321,232479338,101336
2020/10/21,12808.79595,1386774,3993162,2545,50793975,21801
2020/10/20,11910.24211,1289428,3998542,2711,193458076,14333
2020/10/19,11748.37678,1144851,3992814,2954,1278499,8499
2020/10/18,11490.01581,1164622,3993301,2478,1825813,1356
2020/10/17,11368.48474,731151,2183964,1376,16076,204
2020/10/16,11312.66278,1627893,3993363,420,1184000,44660
2020/10/15,11492.6159,1362522,3998331,2182,2135529,498
2020/10/14,11426.36748,1202251,3993025,2179,2980440,2497
2020/10/13,11423.48002,1326627,3999660,1496,2808871,14640
2020/10/12,11544.13764,1662772,3999643,1317,409855,1831
2020/10/11,11376.43511,936121,2496109,1286,18072150,27033
2020/10/10,11294.99419,1125971,3993380,1505,508500,38970
2020/10/9,11066.19087,1338782,3993590,2563,9364226,1688
2020/10/8,10898.55184,1293540,3999354,2372,35909807,52530
2020/10/7,10665.25226,1321337,3993011,2860,1500000,18311
2020/10/6,10604.44685,1246700,3999239,2924,71316743,48538
2020/10/5,10784.67082,1162429,3993367,2482,27086962,14238
2020/10/4,10665.69855,1400948,3933176,2610,688935,208
2020/10/3,10541.32189,2070227,3993425,464,363498,19647
2020/10/2,10566.49438,1215806,3998507,2687,458000,15087
2020/10/1,10614.30333,1201636,3993355,2446,1536313961,47100
2020/9/30,10766.81409,1176404,3998465,2783,56421487,21051
2020/9/29,10839.96268,1373562,3993024,2174,288311012,35150
2020/9/28,10702.47283,1325572,3993211,2692,75551018,163645
2020/9/27,10766.52245,1333677,3999288,2711,20286584,7718
2020/9/26,10739.74258,396522,1107456,748,5000000,12635
2020/9/25,10683.39523,1728800,3993287,794,1868431,6249
2020/9/24,10731.5324,1393093,3998455,2554,96530836,21628
2020/9/23,10231.05131,1271803,3999577,2087,21828400,2260
2020/9/22,10531.35154,1448865,3998364,2713,20134261,71993
2020/9/21,10427.87773,1466357,3993095,2028,73928341,9476
2020/9/20,10914.68741,588823,1748536,1014,896863,579
2020/9/19,11076.85089,1312319,3878507,2280,2137520,15520
2020/9/18,10916.97092,1294747,3999637,1820,7195125,4411
2020/9/17,10934.41967,1524270,3999339,1163,2473079,669
2020/9/16,10946.92123,1376723,3999587,2151,389203,12738
2020/9/15,10782.9998,1186609,3993544,1128,1804982,5312
2020/9/14,10665.11372,1313669,3332357,622,17668390,15750
2020/9/13,10315.66641,1499741,3993068,2301,545383,9663
2020/9/12,10438.37739,783420,2343117,1641,1387724,681
2020/9/11,10374.77815,1234273,3999244,2427,1112468,2250
2020/9/10,10334.63865,1238412,3992763,2696,18977220,956
2020/9/9,10214.15437,1295663,3998741,2766,6089988,27762
2020/9/8,10112.20637,1328601,3999483,2570,9189089,4321
2020/9/7,10356.44438,1155030,3751056,1985,169077,253
2020/9/6,10257.22974,1506645,3999654,1678,2422098,675
2020/9/5,10129.78665,1371297,3993135,2786,743816,43974
2020/9/4,10473.51945,1336771,3998110,2360,1780416,30416
2020/9/3,10215.66996,1273072,3992914,2287,2778168,14916
2020/9/2,11399.14897,1221829,3993130,2400,68501568,12500
2020/9/1,11921.75492,1317135,3993210,2733,7298792,4618
2020/8/31,11655.9987,1314641,3998708,2413,3514860,19295
2020/8/30,11697.79437,1682912,3993290,830,2607190,681
2020/8/29,11485.10157,1566760,3999562,1377,171544,236
2020/8/28,11496.83022,1633558,3998497,814,949232,12782
2020/8/27,11311.2402,1435512,3998658,2672,2337639,20659
2020/8/26,11463.56797,1500733,3993094,1911,310713,44712
2020/8/25,11361.55482,1231714,3993388,2282,8100000,16950
2020/8/24,11763.76171,1476703,3993154,2807,188817,2977
2020/8/23,11653.40729,1266206,3992888,1897,951965,12013
2020/8/22,11681.15793,1614487,3999460,499,9454637,678
2020/8/21,11530.91923,1213828,3993502,609,56769994,30674
2020/8/20,11866.59519,1246316,3992591,2514,862504,202
2020/8/19,11732.40557,1407907,3993325,3015,15657960,153252
2020/8/18,11961.9946,1150056,3999546,1906,242966,13380
2020/8/17,12285.93663,1259488,3992953,2678,5000000,22987
2020/8/16,11892.68092,1278768,3999480,3301,21807758,29136
2020/8/15,11865.38305,1716003,3999261,647,112600000,66800
2020/8/14,11742.87637,1045456,3992986,806,956361,675
2020/8/13,11763.00914,1377169,3999526,2628,38774304,11525
2020/8/12,11576.81427,1520225,3993332,1392,207369717,89200
2020/8/11,11395.40582,1160736,3993390,2647,851100,2034
2020/8/10,11867.86649,1285755,3993378,2336,10347650,170520
2020/8/9,11648.08317,1279279,3993565,2788,8338790,506
2020/8/8,11728.58523,1654921,3993370,818,1330270,6112
2020/8/7,11583.15927,1363450,3998359,1838,843228,22281
2020/8/6,11780.28537,1343128,3993454,2659,28129803,17570
2020/8/5,11732.92795,1262380,3993421,2468,171500671,43860
2020/8/4,11194.55461,1266072,3998748,1504,652340,2880
2020/8/3,11246.25548,1691165,3993056,477,1009186,74062
2020/8/2,11073.60766,1084783,3993394,964,1477494,681
2020/8/1,11800.38987,1426145,3993266,1320,284172,2230
2020/7/31,11334.58547,1153317,3998688,1963,136043,2712
2020/7/30,11109.23106,1282766,3993440,3051,1439038,26105
2020/7/29,11073.29788,1219217,3999473,2827,133518222,30784
2020/7/28,10895.73396,1397750,3993173,2979,2138696,44049
2020/7/27,10996.5366,1201177,3993070,1800,60366915,25086
2020/7/26,9917.359474,1171044,3993633,843,117370,13160
2020/7/25,9686.120716,1321132,3993637,2383,51633,2977
2020/7/24,9545.046629,1153007,3993404,1353,47281,199
2020/7/23,9592.963304,1329756,3992988,2736,5000000,10358
2020/7/22,9518.901022,1294871,3993353,2842,622999,60788
2020/7/21,9385.174346,1178523,3993336,3184,19622579,21111
2020/7/20,9164.069789,1314453,3993342,2987,14808901,22488
2020/7/19,9207.816996,1093374,3998673,1547,150060000,8911
2020/7/18,9170.802681,1265520,3999639,2477,28402067,5085
2020/7/17,9155.773355,1199592,3993111,2895,532403,23436
2020/7/16,9137.239203,1185721,3998416,3138,242420,13108
2020/7/15,9206.764838,1218046,3993094,3091,3239263,21204
2020/7/14,9254.204474,1310250,3999546,2852,9923803,7077
2020/7/13,9247.107825,1492647,3999495,2423,16214481,6308
2020/7/12,9286.726085,1045102,3036337,2255,2160538,4902
2020/7/11,9231.3201,381215,1212947,966,41258245,5040
2020/7/10,9278.447734,1527673,3993373,1236,186892,253
2020/7/9,9240.366176,1184225,3998438,1492,6625944,4118
2020/7/8,9420.350155,1265180,3992972,1746,2652568,10258
2020/7/7,9252.35518,1202415,3993408,2389,2957775,3164
2020/7/6,9342.540316,1536162,3998697,1092,86326043,5246
2020/7/5,9072.772592,467408,1445189,1015,1424272,5445
2020/7/4,9127.518467,1106892,3128934,2026,126490,225
2020/7/3,9065.577985,1544278,3993535,487,51151944,382
2020/7/2,9084.054479,1699805,3992759,939,56313,282
2020/7/1,9225.668161,1373344,3993652,2744,26583161,500
2020/6/30,9145.560607,1268157,3993255,2837,5817225,54530
2020/6/29,9180.159026,1735838,3993287,596,192902821,5928
2020/6/28,9118.117533,1281759,3993252,2692,4482354,2454
2020/6/27,9014.224272,1269768,3758022,2292,105391357,669
2020/6/26,9165.503578,676609,1987150,1320,205829,5920
2020/6/25,9254.748296,1282390,3998677,2486,40713938,2034
2020/6/24,9289.303605,1415692,3993637,2518,24958594,1122
2020/6/23,9614.943606,1353577,3993364,2497,110761344,678
2020/6/22,9685.845287,1303098,3993360,2473,2000000,4484
2020/6/21,9289.8938,1267262,3966596,2863,1834313,4431
2020/6/20,9348.977142,11919,35925,34,12233994,13551
2020/6/19,9305.901805,1255567,3993085,2659,21129942,1149
2020/6/18,9401.552893,1426857,3993642,2790,500000000,11172
2020/6/17,9463.405493,1305072,3998751,3206,55315601,6004
2020/6/16,9520.484681,1106685,3993258,3109,841851,22400
2020/6/15,9421.65218,1142620,3993175,1426,500279470,157040
2020/6/14,9352.845602,502774,1550719,857,13016,654
2020/6/13,9463.820529,278873,884696,656,3138209,4834
2020/6/12,9460.375485,1884476,3998573,727,168127,678
2020/6/11,9314.37816,1203089,3988967,2664,47243,211
2020/6/10,9864.561413,1450770,3998739,2501,3181490,5764
2020/6/9,9769.869088,1455178,3993355,2941,504433,4433
2020/6/8,9773.301577,1456938,3993120,1652,163486044,16819
2020/6/7,9742.573822,1160973,3513873,2622,24251008,76400
2020/6/6,9662.323105,821624,2484140,1926,73911987,2170
2020/6/5,9641.917175,914227,3101164,2002,5002900,681
2020/6/4,9803.990306,1381523,3993398,2311,686718,675
2020/6/3,9652.629014,1306411,3993562,1489,984211403,1350
2020/6/2,9538.727853,1352035,3993169,2827,43508907,17925
2020/6/1,10177.77035,1456844,3885245,1544,13646,253
2020/5/31,9449.860914,623112,1940676,1507,13695123,678
2020/5/30,9693.552427,537219,1606941,1025,2343380,2430
2020/5/29,9418.13384,1341700,3993343,2895,2540830,5876
2020/5/28,9536.159369,1479629,3993182,801,16077061,44472
2020/5/27,9165.144674,1563900,3993327,1905,14230038,11247
2020/5/26,8850.3542,1650603,3993216,570,1308341,672
2020/5/25,8897.213209,1356056,3992795,2117,48383845,40018
2020/5/24,8791.793685,1198975,3993328,843,1812238,32598
2020/5/23,9180.527997,1508455,3993025,1756,949132,900
2020/5/22,9160.70542,1431307,3998428,3004,2712924,33628
2020/5/21,9073.693079,1301403,3993081,2379,4478531,36461
2020/5/20,9524.434064,1146273,3993120,3150,657178237,23730
2020/5/19,9761.178765,1206553,3993199,2832,287908,22600
2020/5/18,9733.739137,1488432,3993351,2489,111839746,34528
2020/5/17,9667.578397,1360912,3993238,3314,1226280,34731
2020/5/16,9380.484219,1300077,3993072,2093,3130959,26016
2020/5/15,9293.972171,1139383,3993130,2538,960300,9534
2020/5/14,9772.561576,1465888,3993292,1855,936820,26112
2020/5/13,9302.896541,1417571,3993233,2503,90900,26550
2020/5/12,8792.063768,1343467,3998596,2225,12198932,9776
2020/5/11,8593.856494,1195675,3998758,1947,49166721,16472
2020/5/10,8745.152545,1329963,3993321,2926,3952036,17539
2020/5/9,9570.005988,1119041,3998642,848,292068541,11882
2020/5/8,9822.885629,1448647,3993553,2363,6600284,53108
2020/5/7,9968.105282,1271540,3993527,2610,2628000,8000
2020/5/6,9198.252701,1151043,3998715,1726,442046,10406
2020/5/5,8967.997704,1024605,3993360,301,32047136,29596
2020/5/4,8883.306781,1015712,3993113,671,359553,1110
2020/5/3,8894.362675,825090,2538129,2277,1973,253
2020/5/2,8974.922892,1010858,3993428,1077,2154641,567
2020/5/1,8832.981251,1181539,3993103,2006,835427,11904
2020/4/30,8607.329832,1142805,3993075,2128,437707,10000
2020/4/29,8759.78919,1316288,3998642,3030,74029285,29285
2020/4/28,7754.222426,1331926,3993565,2838,229569,5890
2020/4/27,7766.689761,1367267,3993251,2987,3069567,5456
2020/4/26,7665.828318,1298464,3993049,2822,196716137,10393
2020/4/25,7535.263897,1077468,3993351,769,370613,7854
2020/4/24,7497.353393,1239206,3992780,2636,26535,745
2020/4/23,7464.891127,1281174,3992988,3123,1809748,4980
2020/4/22,7106.551177,1242706,3998611,2952,19531026,4746
2020/4/21,6851.005362,383413,1084537,768,60196753,2859
2020/4/20,6856.785953,433721,1226324,882,9294669,2022
2020/4/19,7133.148679,286612,883636,741,790832230,4543
2020/4/18,7233.157423,1264544,3993524,3128,480069,3632
2020/4/17,7034.540358,1046038,3993313,1585,433013,2618
2020/4/16,7088.799492,1341131,3993404,3057,145554,5239
2020/4/15,6637.791816,1191583,3628996,2020,183376,253
2020/4/14,6856.179094,1154579,3993470,2112,38000,18366
2020/4/13,6837.42254,497821,1543933,1192,1585133,678
2020/4/12,6977.230636,1192498,3993325,3216,353791978,1764
2020/4/11,6869.586552,59147,186113,130,1506400,456
2020/4/10,6859.833737,627341,1891949,1449,11789767,1130
2020/4/9,7293.58436,535415,1697813,1061,234700,210
2020/4/8,7352.328771,1066471,3275131,2558,1559697,3780
2020/4/7,7198.770192,649337,2029199,1674,39538219,1648
2020/4/6,7279.161792,1302374,3993545,2627,823693,1737
2020/4/5,6789.732165,196864,659527,540,7225732,796
2020/4/4,6847.730055,1240409,3900074,2870,2389260,678
2020/4/3,6733.747735,1316692,3998608,2910,150000,3990
2020/4/2,6807.465142,1022588,3993014,293,641900,300
2020/4/1,6598.287015,1589830,3993403,396,2323239,579
2020/3/31,6431.262413,1235178,3993516,2844,431599,2220
2020/3/30,6424.078447,1327231,3993361,2301,25000002,7163
2020/3/29,5917.297073,592441,1899817,922,135264,204
2020/3/28,6239.838832,1314712,3993346,3017,14466,253
2020/3/27,6377.749564,1032537,3215547,2237,51657,253
2020/3/26,6736.291779,1260679,3998635,2122,467970,23562
2020/3/25,6681.336594,1193899,3993508,2890,21119872,12033
2020/3/24,6736.044984,1145422,3610258,2773,1426676,573
2020/3/23,6467.459038,1233528,3998421,2763,1801320,1014
2020/3/22,5843.158786,1336815,3993357,3186,51400737,13316
2020/3/21,6149.798351,75519,187497,150,16000000,4203
2020/3/20,6192.309975,1127985,3992883,1974,67353392,98311
2020/3/19,6160.004718,1383277,3993301,2923,69483081,17472
2020/3/18,5365.581534,1429625,3993359,2795,92957439,20160
2020/3/17,5362.320407,1044656,3993143,649,1100181,17765
2020/3/16,5022.578106,1112480,3998699,1547,436432,10066
2020/3/15,5381.745247,1311803,3993404,2729,50697404,3360
2020/3/14,5212.979298,1453092,3998547,2373,17030503,12663
2020/3/13,5518.647281,1231429,3993214,3007,9611300,3500
2020/3/12,4724.392684,1263865,3993337,2312,187949073,34285
2020/3/11,7931.347543,1325699,3993530,3432,70401082,16081
2020/3/10,7900.821326,1319962,3993322,3148,175597,1430
2020/3/9,7915.672115,1251463,3993241,2675,937738,8128
2020/3/8,8042.736084,1122036,3362703,2923,258555,4888
2020/3/7,8898.942078,67427,205400,198,168555,678
2020/3/6,9129.266628,41504,123197,102,582900,3969
2020/3/5,9051.139212,1355546,3993098,2469,1188192,232
2020/3/4,8749.500222,1222610,3790784,1516,93170,210
2020/3/3,8772.476037,1674342,3993198,1157,30451328,111923
2020/3/2,8900.06855,1350738,3993261,2073,1393801,2793
2020/3/1,8557.504358,448449,1393083,1220,2755686,1000
2020/2/29,8569.467785,1337126,3992795,3542,20612212,1000
2020/2/28,8731.610771,1197533,3403388,3137,9849,253
2020/2/27,8775.595016,618699,1945833,1652,108939,253
2020/2/26,8829.543593,504259,1619632,1344,880329,142
2020/2/25,9358.38862,1440639,3993252,3241,5887685,678
2020/2/24,9664.370232,1059668,3164249,2789,1006528,210
2020/2/23,9923.65932,92016,281517,263,847392,2657
2020/2/22,9667.521623,617859,1803729,1797,2689342,4583
2020/2/21,9683.453206,1365123,3993354,3416,140352175,2897
2020/2/20,9612.392632,1638151,3998665,1321,69188536,10692
2020/2/19,9621.766806,464515,1387855,1386,2653495,4584
2020/2/18,10144.8965,1346064,3998760,2971,10128198,38784
2020/2/17,9711.996028,1332520,3993337,3321,5885446,3873
2020/2/16,9969.23568,116637,380016,313,519523,4017
2020/2/15,9903.077897,1305167,3993437,2826,111548,6094
2020/2/14,10327.51233,1238238,3993453,3179,264311,9408
2020/2/13,10225.41526,1482017,3993197,3234,1493750,10345
2020/2/12,10327.55459,1319259,3993351,2878,14253969,13246
2020/2/11,10229.7009,1380967,3992929,3211,53306,374
2020/2/10,9869.436912,1327328,3993521,3478,3738923,27556
2020/2/9,10128.75028,41116,133009,133,2215767,4440
2020/2/8,9899.911944,1311351,3993252,3652,305126297,6197
2020/2/7,9820.295542,1180112,3993548,2688,711887395,4907
2020/2/6,9754.078412,1439727,3992649,2901,3871800,27440
2020/2/5,9602.309743,1408110,3993441,3617,59124,204
2020/2/4,9187.070016,1410824,3998414,2849,2280129,3085
2020/2/3,9302.362658,1387598,3993500,3532,962376,1851
2020/2/2,9339.574889,1297161,3998628,3173,60131826,2246
2020/2/1,9386.105652,1782561,3993576,643,5143333,3051
2020/1/31,9336.132885,1012393,3079045,2420,10148652,3698
2020/1/30,9503.268,252664,832312,679,10562431,5399
2020/1/29,9304.918064,1447719,3993525,3000,7342034,6700
2020/1/28,9334.836393,1194239,3993056,1875,303898,681
2020/1/27,8895.603628,1417361,3992996,3008,147916463,3372
2020/1/26,8591.002876,1041620,3188264,2909,4731451,678
2020/1/25,8366.208771,1748449,3993229,493,41947,745
2020/1/24,8440.287026,1340046,3993306,3209,55118,1586
2020/1/23,8391.607957,638334,1899480,1764,9300779,4500
2020/1/22,8672.801079,873672,2792034,1883,119643,202
2020/1/21,8747.38185,1183467,3993372,1741,3418460,4572
2020/1/20,8639.19622,617180,1754309,1711,25087,226
2020/1/19,8697.342225,1000561,2869555,2217,195444220,15120
2020/1/18,8929.544857,1327420,3993436,3109,310777,4520
2020/1/17,8921.648281,1355674,3998353,3287,2157116,1315
2020/1/16,8722.037088,714698,2248643,1442,24692,204
2020/1/15,8807.632434,1374730,3993217,3164,1336373,4980
2020/1/14,8838.564862,1380591,3993192,2489,388680,4068
2020/1/13,8116.96951,1190572,3993244,1651,42552,2168
2020/1/12,8164.590608,1206150,3673704,3237,165895,210
2020/1/11,8024.791559,761773,2240344,2063,84201,204
2020/1/10,8160.413567,1330551,3998682,3245,606801,1042
2020/1/9,7829.06324,1156439,3993092,2027,13291632,3878
2020/1/8,8055.759827,1152677,3993536,2326,571258,3366
2020/1/7,8155.216395,1326349,3993346,3247,1547121,2574
2020/1/6,7764.21795,1378209,3998580,1549,5152088,13700
2020/1/5,7352.362745,941702,2784962,2494,1163680,11804
2020/1/4,7358.491964,208652,662111,533,3238341,670
2020/1/3,7317.184074,46418,144371,141,1162595,1728
2020/1/2,6968.274896,76344,228420,223,494305,202
2020/1/1,7213.918462,423984,1253058,1234,30000000,168
2019/12/31,7202.624251,283571,816206,744,1766164,168
2019/12/30,7245.988923,1104633,3464214,2956,2099632,1290
2019/12/29,7386.37606,1189422,3993366,1868,298998,567
2019/12/28,7312.04457,1315145,3993068,3681,327455,219
2019/12/27,7246.422425,446876,1294565,1216,405315,1022
2019/12/26,7211.341194,758494,2289502,1943,37372194,1739
2019/12/25,7205.380688,1408682,3993041,2969,2878294,1410
2019/12/24,7240.620333,402244,1264837,1133,49666,573
2019/12/23,7329.609334,1312332,3993279,2556,11119801,6100
2019/12/22,7482.961456,108398,344342,303,382125,205
2019/12/21,7138.888884,1281345,3998598,3438,179073,3209
2019/12/20,7185.155244,1396631,3998600,3422,2625823,4294
2019/12/19,7150.376098,80738,247550,276,209670,4842
2019/12/18,7275.754884,1274503,3992956,3230,54269505,573
2019/12/17,6624.129258,1358059,3998224,2254,1006663,6663
2019/12/16,6902.888388,927727,2580295,1931,422687370,3332
2019/12/15,7120.922418,1594323,3993207,1638,31376167,11948
2019/12/14,7078.955219,1314416,3993425,3449,998856,567
2019/12/13,7255.126877,137679,416814,396,1175092,4781
2019/12/12,7202.460793,835053,2369784,2016,416463,3005
2019/12/11,7199.716155,1377019,3993166,2296,30979355,3567
2019/12/10,7233.814525,188419,566023,609,27784,204
2019/12/9,7350.418118,1171983,3993189,2929,986881,3323
2019/12/8,7516.676668,552255,1624611,1226,3621543,936
2019/12/7,7496.125958,843891,2536380,2479,139217533,120000
2019/12/6,7532.610987,1225526,3569072,2391,989489,681
2019/12/5,7386.510063,1272773,3993371,2765,642053,5433
2019/12/4,7216.456163,407600,1036538,552,90560,204
2019/12/3,7300.208311,556573,1743490,1409,691510,210
2019/12/2,7315.108657,1396974,3993294,3339,584000,3053
2019/12/1,7417.184162,1151646,3245694,2068,277278,1181
2019/11/30,7548.613483,1382088,3993285,2987,13885797,1134
2019/11/29,7740.415549,1215412,3993109,2371,4169978,4118
2019/11/28,7442.795358,1316290,3993520,2987,276040,3175
2019/11/27,7502.033156,101711,335042,329,462172,185
2019/11/26,7169.264738,1435488,3993174,3259,1469336636,4433
2019/11/25,7133.946458,1296435,3998739,2341,383181,6623
2019/11/24,6932.313157,273648,830667,900,182865,205
2019/11/23,7316.797515,390757,1161979,1212,148432,204
2019/11/22,7290.351828,524561,1402823,764,602154,202
2019/11/21,7631.016803,1227960,3993219,2908,157404,4444
2019/11/20,8097.187492,728422,2304967,2093,196099,202
2019/11/19,8134.76958,1121738,3993563,2673,412250,756
2019/11/18,8211.789693,1378119,3993393,3053,623661,5364
2019/11/17,8503.049435,1308841,3993109,2648,893843700,1976
2019/11/16,8497.411045,1204838,3993569,2439,5356710,15195
2019/11/15,8474.539002,1256308,3993439,2633,35486833,3174
2019/11/14,8662.422431,1179649,3593668,3274,29307917,33124
2019/11/13,8785.801623,1121435,3692687,3058,307345,202
2019/11/12,8801.603779,1321190,3993050,3279,156646456,5700
2019/11/11,8732.154123,879028,2499907,1983,147291,202
2019/11/10,9043.004449,1365582,3992700,2906,1500000,5225
2019/11/9,8818.432264,1135613,3752510,1899,26145095,4832
2019/11/8,8791.640946,1370410,3992923,3206,366481482,3164
2019/11/7,9219.011987,1328195,3993218,2562,668273521,9360
2019/11/6,9329.520807,953444,2829137,2493,184319,1985
2019/11/5,9311.283797,1056396,3998586,731,15643483,7274
2019/11/4,9389.905541,1419564,3992982,1257,793506755,1131
2019/11/3,9205.743201,543112,1744621,1288,9606385,4294
2019/11/2,9290.257019,1331900,3993167,3301,1625000,2584
2019/11/1,9225.753942,1331064,3993291,2612,274005,202
2019/10/31,9154.923648,1217458,3998458,3029,1937571406,15159
2019/10/30,9162.391745,1030652,3110552,2481,152489614,15255
2019/10/29,9411.885318,1281478,3992989,3376,500000,7432
2019/10/28,9234.267439,1230116,3993353,3480,757922,202
2019/10/27,9544.094411,1364242,3993298,3308,1378604,8976
2019/10/26,9235.929531,729281,2094602,1616,236813,206
2019/10/25,8651.13445,1361483,3998468,2748,128770,46368
2019/10/24,7440.037915,1129709,3998687,2267,17595700,10000
2019/10/23,7469.521063,1741382,3993440,802,179723,2847
2019/10/22,8040.006229,483374,1370621,1227,518724,202
2019/10/21,8212.771665,47454,143196,152,414257,202
2019/10/20,8202.005473,230917,700294,655,257568,204
2019/10/19,7950.124308,733012,1993120,1690,396515,205
2019/10/18,7955.464771,976355,2919737,2844,7020673,24310
2019/10/17,8075.178241,448998,1325514,1289,1899000,992
2019/10/16,8008.809279,172975,462484,328,6287082,678
2019/10/15,8174.781558,1121000,3992855,2622,604933,1566
2019/10/14,8347.201506,1200808,3998467,2257,29774180,18370
2019/10/13,8294.599727,1363664,3993089,3416,2393518,1609
2019/10/12,8314.921537,1378790,3992810,3056,604287621,5865
2019/10/11,8272.024051,825290,2314109,1757,1018854327,3152
2019/10/10,8556.950238,1149701,3343286,2806,1003578467,3153
2019/10/9,8572.837276,522836,1560959,1471,267208,4725
2019/10/8,8189.796865,594705,2181867,606,1400000,1875
2019/10/7,8196.15196,653756,1981787,1931,660442062,1876
2019/10/6,7876.455218,506015,1516175,1548,3499384,434
2019/10/5,8130.134393,489057,1397601,1580,676401,678
2019/10/4,8155.655359,147304,440890,451,5321000,3360
2019/10/3,8232.129998,666414,2001129,2137,290732,5100
2019/10/2,8361.919233,1262027,3993167,3442,213541,681
2019/10/1,8294.743597,520248,1513452,1576,503343,202
2019/9/30,8269.028682,1268457,3993282,2663,6757272,1128
2019/9/29,8068.668738,470171,1395875,1449,22332655,3399
2019/9/28,8208.595988,1376802,3993249,3530,1058442,2742
2019/9/27,8183.569872,1206480,3993339,2285,82689,3843
2019/9/26,8077.936354,747945,2265810,2178,15484,204
2019/9/25,8439.84619,1385973,3998703,3266,1195667,5763
2019/9/24,8588.424906,1430460,3993252,1981,18967568,6750
2019/9/23,9719.397019,1143257,3993347,3134,161103,1552
2019/9/22,10050.18754,2881,9451,12,3854293,10000
2019/9/21,10006.06533,440928,1256496,1323,244617803,100000
2019/9/20,10179.86223,1044062,3277856,3048,394344,202
2019/9/19,10241.6088,1306372,3993349,3056,9716346,4380
2019/9/18,10164.1019,564945,1718133,1678,5246425,4734
2019/9/17,10208.16582,815277,2502462,2028,385344,209
2019/9/16,10268.65798,1175984,3879029,2430,28997436,681
2019/9/15,10313.44353,189508,612820,467,55022,211
2019/9/14,10353.5498,701881,2316199,1507,1293192,2280
2019/9/13,10346.59919,1296928,3993445,2988,671898,18180
2019/9/12,10387.51484,655780,1976884,1704,883827,579
2019/9/11,10159.72047,457971,1429812,1233,476320,210
2019/9/10,10132.5448,1434258,3993105,2454,497213,209
2019/9/9,10322.05761,1400540,3993176,1823,253066,210
2019/9/8,10410.18764,222367,657454,580,12903626,2867
2019/9/7,10477.09484,917902,2767633,2233,441567,217
2019/9/6,10339.45563,397302,1273701,1093,3865832,3857
2019/9/5,10574.49954,1432109,3998429,3249,29553122,8319
2019/9/4,10578.32021,379,1408,1,15732839,0
2019/9/3,10603.09546,1339035,3993318,3309,1912556,3066
2019/9/2,10329.85905,503863,1722391,1514,1834014,2635
2019/9/1,9716.72191,322346,1083434,806,1500000000,35000
2019/8/31,9609.787647,298872,984963,921,2246609,678
2019/8/30,9582.255358,1011797,3453377,2621,5856578,4980
2019/8/29,9493.755389,1083724,3588532,2533,803792,3792
2019/8/28,9759.791528,943385,3182474,2596,218468,286
2019/8/27,10219.41337,785799,2572461,2020,34185,287
2019/8/26,10374.87662,1105746,3993558,2857,404031,678
2019/8/25,10118.39958,524798,1745714,1533,70018,286
2019/8/24,10142.8394,802073,2245919,1224,43812659,6143
2019/8/23,10385.50755,1220414,3993314,3125,152203,4909
2019/8/22,10123.99448,273642,968562,604,53725789,8362
2019/8/21,10136.96462,1173941,3993233,2712,407527,1987
2019/8/20,10751.85732,1122520,3993121,786,207870,286
2019/8/19,10890.2538,1243293,3993348,2427,654433,8623
2019/8/18,10331.46711,639925,2209120,1927,165066,286
2019/8/17,10220.07017,297911,1065146,892,147900,690
2019/8/16,10344.50799,954007,3253723,2693,313168,1014
2019/8/15,10296.60027,67586,205622,203,77100,286
2019/8/14,10010.24994,1204580,3993008,3229,884431,313
2019/8/13,10920.98031,1234234,3998656,2621,35773685,14728
2019/8/12,11398.76219,1160384,3993200,3008,602507,30600
2019/8/11,11555.7759,31445,90317,79,55683122,16640
2019/8/10,11342.4686,827624,2805863,2467,59936,286
2019/8/9,11857.84447,254658,806748,662,263300,678
2019/8/8,12019.25536,499646,1576667,1123,332532,655
2019/8/7,11976.65483,1135882,3993175,3335,3113877,12939
2019/8/6,11497.06268,1136172,3993012,2326,1132670,337
2019/8/5,11782.65214,1279721,3992867,2348,25166394,2533
2019/8/4,10948.18762,574395,1930899,1621,4800552,681
2019/8/3,10806.81707,264095,988889,816,257738,286
2019/8/2,10523.94638,1165352,3993284,3271,573100,7049
2019/8/1,10365.98473,1291381,3993061,1427,410048153,10996
2019/7/31,10080.08612,409643,1385882,1026,522971,12177
2019/7/30,9581.211678,722191,2545360,2183,632730,305
2019/7/29,9533.58041,866275,2788048,2054,157521272,6900
2019/7/28,9545.094701,388400,1408535,927,468186,192
2019/7/27,9464.997729,1193059,3993112,3287,10157320,1808
2019/7/26,9845.987422,910867,3055504,2486,1193368,12757
2019/7/25,9904.696184,891266,2959925,2327,14799155,16480
2019/7/24,9807.414231,1427773,3993388,3356,254800,28350
2019/7/23,9916.381214,612612,1955883,1412,1097000,8125
2019/7/22,10338.58841,1385858,3993128,3215,4267612,32400
2019/7/21,10596.3557,1258548,3992823,2857,2863100,678
2019/7/20,10764.70085,1138914,3993120,3221,6714666,14666
2019/7/19,10511.69548,1453849,3993058,3162,543969427,26837
2019/7/18,10629.02333,1204814,3993494,2656,14074493,4608
2019/7/17,9643.714736,1206086,3993401,2583,2745084,8650
2019/7/16,9499.558669,904193,3367466,1848,18336274,678
2019/7/15,10885.58845,1205818,3993283,2673,138725,287
2019/7/14,10288.85312,1190440,3993523,2806,27829262,3786
2019/7/13,11397.16143,1204484,3992900,3466,1228670150,6909
2019/7/12,11776.08244,1230136,3998473,2745,352036340,11628
2019/7/11,11376.67939,1249407,3993162,2908,37061186,13700
2019/7/10,12147.69776,1308138,3993489,1626,400000,4158
2019/7/9,12545.44522,1239326,3998534,3040,67835,7614
2019/7/8,12248.87413,1144661,3992831,2840,429625,940
2019/7/7,11441.6227,535134,1865514,1640,1043241,5755
2019/7/6,11266.40134,509082,1831713,1486,542091,305
2019/7/5,10980.08333,65514,204006,134,913818,286
2019/7/4,11221.25556,1157516,3992909,2849,129703905,18540
2019/7/3,11943.62984,1256036,3993356,3328,552942,10396
2019/7/2,10818.18812,1150353,3992985,1117,1824517,2034
2019/7/1,10638.00327,1245650,3993572,2543,54460340,26414
2019/6/30,10912.25593,1183093,3998545,3284,13026700,20325
2019/6/29,12097.56779,135934,460639,404,4241884,31594
2019/6/28,12482.40996,1100757,3998505,1564,1140772,9261
2019/6/27,11237.07665,1158236,3993062,2776,645474422,37492
2019/6/26,13112.78254,1204004,3993404,2508,49534540,28775
2019/6/25,11810.12783,1500169,3993502,1296,768484595,21216
2019/6/24,11013.9636,1052304,3993231,2953,612014,2055
2019/6/23,10880.05131,758105,2741495,2169,9861200,9363
2019/6/22,10719.8078,1295494,3993094,1765,1797463,5220
2019/6/21,10162.2037,1186730,3998732,2600,2055661,25382
2019/6/20,9589.390555,1084489,3993157,2332,30000,6900
2019/6/19,9311.883212,626744,1974614,1532,71431,307
2019/6/18,9125.090764,1213348,3992953,2871,676071,2109
2019/6/17,9328.082236,1089881,3993194,2168,20739601,16766
2019/6/16,9025.723642,1195860,3992925,1675,181939,1582
2019/6/15,8859.597054,1145847,3992805,2487,53498,855
2019/6/14,8696.970843,1773224,3993017,538,3698708,2688
2019/6/13,8286.913174,1369419,3993087,1142,1859224,452
2019/6/12,8159.590369,1351580,3992933,3715,116592,60000
2019/6/11,7962.75633,1197202,3993322,3114,891416,19436
2019/6/10,8000.570019,1287046,3993304,3400,13273238,16448
2019/6/9,7750.808728,1354066,3993133,2995,727484,10320
2019/6/8,7974.683977,1102192,3998524,3310,724637,286
2019/6/7,8070.900978,662546,2280260,1673,1873030,1122
2019/6/6,7846.273224,1208971,3993022,3188,110114,22033
2019/6/5,7860.506171,1179789,3992916,2539,20739766,33807
2019/6/4,7760.011058,1382334,3992892,2816,130000,31200
2019/6/3,8362.955081,1396831,3993229,2703,11020681,50262
2019/6/2,8781.231373,1111774,3993049,2961,166890,27098
2019/6/1,8596.109824,1102094,3993059,2439,18562737,4873
2019/5/31,8606.278615,1277925,3992967,2715,50000,48600
2019/5/30,8380.8684,1269647,3993056,2526,545075,24739
2019/5/29,8672.985373,899457,2984496,2131,502558,27420
2019/5/28,8721.615742,1078101,3993129,2803,561153,1770
2019/5/27,8857.096556,1207940,3993116,2711,100201706,52318
2019/5/26,8736.628564,755074,2645944,2048,247188,307
2019/5/25,8104.732046,924690,3245283,2644,1591389,313
2019/5/24,8021.477876,1124924,3993407,2026,722656,1197
2019/5/23,7919.729554,1059750,3993165,3207,1280000,1455
2019/5/22,7744.861887,1140757,3993142,936,11456596,37474
2019/5/21,7984.314133,1346062,3993205,3137,226900,28200
2019/5/20,8004.459954,1155334,3993097,2115,54979050,11300
2019/5/19,8186.662732,345826,1153900,829,172432,2541
2019/5/18,7332.609911,1545193,3993289,1443,671100,759
2019/5/17,7382.337789,1203324,3993009,2515,250214,15876
2019/5/16,7918.875905,1157593,3992788,2635,5307930,31650
2019/5/15,8181.247379,1122932,3993104,2406,1495354,24926
2019/5/14,8028.236494,1178992,3993085,2219,21824607,21008
2019/5/13,7813.193116,1143513,3993060,2573,513942833,7232
2019/5/12,6992.035884,1117480,3993187,1772,216010483,22788
2019/5/11,7235.877636,1073357,3993365,2510,1978588,10718
2019/5/10,6386.69149,1289984,3992786,3118,3045593254,1201473
2019/5/9,6187.660821,1213681,3993229,2190,443698,286
2019/5/8,5973.935496,1186590,3993213,1905,825179,2457
2019/5/7,5855.204284,1243005,3993420,2840,845550,58883
2019/5/6,5742.76254,1097190,3993129,2403,1603548,870
2019/5/5,5779.333069,1900659,3993426,976,365064,1510
2019/5/4,5820.358392,1097775,3993324,2153,28368929,1500
2019/5/3,5734.732074,1071212,3993323,2344,101440218,12664
2019/5/2,5485.782605,1136566,3992884,3167,278264,433
2019/5/1,5388.818933,1353339,3993195,3224,32918676,15397
2019/4/30,5305.984482,1287557,3993119,2954,2796495,10701
2019/4/29,5258.677411,1217085,3993015,3521,77836503,12294
2019/4/28,5293.938256,195697,682486,460,442439,24669
2019/4/27,5274.514196,1393638,3992625,2437,2412898,31746
2019/4/26,5264.272698,1690727,3993170,1118,2404599,15082
2019/4/25,5241.366292,1238477,3992663,2773,89900439,3740
2019/4/24,5484.270138,1284840,3993144,3040,687600000,10000
2019/4/23,5591.933563,1276502,3993164,3081,6851800,23414
2019/4/22,5417.509437,1159237,3992983,2864,1394284,24759
2019/4/21,5349.866311,1131245,3993317,3293,454667,375
2019/4/20,5363.756655,1489957,3992839,2003,202089970,20020
2019/4/19,5317.96215,1186382,3998381,2955,1082968800,8790
2019/4/18,5309.256996,1093924,3998419,2140,121908090,10750
2019/4/17,5271.109695,1125209,3993332,2786,90840,1453
2019/4/16,5280.621478,1199669,3993287,3244,232967778,8492
2019/4/15,5114.800176,1088844,3998409,2999,9513898,678
2019/4/14,5187.562408,1175504,3992855,2723,68283578,3486
2019/4/13,5132.674495,1127694,3993087,3514,1245602,777
2019/4/12,5090.026913,1168373,3992954,1975,105220,573
2019/4/11,5055.483612,1065949,3992701,3183,266966,1311
2019/4/10,5334.165462,1324184,3998420,3459,160255630,7000
2019/4/9,5235.702336,1268881,3992890,2551,1368707,2580
2019/4/8,5303.985429,1326760,3993058,3458,13269121,26832
2019/4/7,5212.309923,1119922,3992926,3069,789536,51757
2019/4/6,5066.740036,1215018,3993003,958,12114,2430
2019/4/5,5029.810426,1303842,3998235,3164,41684422,20853
2019/4/4,4924.082434,1368408,3992793,2150,31067164,18630
2019/4/3,4981.380899,1344189,3993228,2963,3955207,36171
2019/4/2,4888.060145,1337182,3993217,3070,979800678,53897
2019/4/1,4202.12515,1185986,3993200,2880,4343641,21584
2019/3/31,4202.588398,1204241,3998258,2750,17467580,21150
2019/3/30,4164.62132,1257179,3993413,3365,47447950,10253
2019/3/29,4128.954216,1189422,3992991,2658,18552350,21600
2019/3/28,4061.003062,1387620,3993192,2371,1918882,15675
2019/3/27,4069.689197,1010166,3993222,834,2133293,2344
2019/3/26,3980.620043,1390292,3992993,2644,8715574,14973
2019/3/25,3969.701717,1340401,3993046,3199,712431951,1008
2019/3/24,4024.480056,1102272,3522828,1934,1431588,2331
2019/3/23,4034.593702,404633,1351280,890,2513011,1864
2019/3/22,4017.939706,1369092,3993168,1904,15250720,2490
2019/3/21,4024.283202,876464,2702549,2139,241999803,3985
2019/3/20,4075.319877,51854,158675,169,329613,3808
2019/3/19,4039.787114,94248,308997,225,477229,1379
2019/3/18,4020.470962,246662,686693,443,1497623,1769
2019/3/17,4007.16692,912716,2973728,2182,35629,1705
2019/3/16,4024.229285,80072,257633,242,791318,678
2019/3/15,3928.041329,1432622,3993068,3094,32770299,11795
2019/3/14,3900.376687,1346234,3993104,2692,7861038,15105
2019/3/13,3895.619863,1185589,3993067,1547,22539000,1146
2019/3/12,3901.113915,1340642,3993110,2786,1040441083,3711
2019/3/11,3879.103312,1239910,3992896,3204,3434947,4809
2019/3/10,3902.806463,1158707,3992639,1651,1432927,904
2019/3/9,3931.895283,2354,6368,7,10361164,7678
2019/3/8,3872.141156,304445,977816,578,362681,4775
2019/3/7,3888.248904,1341109,3993196,3192,7498488254,100000
2019/3/6,3873.668096,1320452,3993356,1573,269358,3460
2019/3/5,3855.002805,1187736,3992931,2740,1017083,678
2019/3/4,3755.244534,1321310,3993287,3047,100221009,5562
2019/3/3,3881.076222,1245559,3992776,2929,4640637,3402
2019/3/2,3848.655865,1112688,3993174,3489,17430395,4360
2019/3/1,3834.29029,1259557,3993169,2122,2153617,11050
2019/2/28,3845.258313,1139541,3993177,1639,7098973,11968
2019/2/27,3841.615656,365441,1167386,738,15417374,17417
2019/2/26,3842.992707,1074344,3857978,3389,13204347,11275
2019/2/25,3868.161644,1143293,3998444,2315,1415898,855
2019/2/24,3807.506664,1375549,3992887,3191,47626642,2164
2019/2/23,4123.668789,1254394,3993112,2796,197226140,4508
2019/2/22,3970.590294,478567,1643923,1406,1163700,1140
2019/2/21,3894.540736,1329918,3993351,3792,426954,7325
2019/2/20,3918.389586,1194621,3993198,1954,41021922,4574
2019/2/19,3893.270397,1228727,3993170,1854,50623531,5088
2019/2/18,3858.949361,1600348,3993127,2043,3532870,7854
2019/2/17,3630.269019,1234812,3998562,3601,16502515,3048
2019/2/16,3599.138222,565262,1964654,1739,67828,301
2019/2/15,3596.820722,1350232,3993163,2738,148723713,61391
2019/2/14,3577.37136,1230550,3993046,2932,168076,347
2019/2/13,3590.146721,1172405,3992762,3274,499765,299
2019/2/12,3608.145569,1335643,3992779,2723,70616436,50000
2019/2/11,3615.96957,1818143,3993419,318,69598706,89882
2019/2/10,3663.532767,1205701,3993022,3478,1011315714,1410
2019/2/9,3648.622398,1219239,3993255,3478,336600,999
2019/2/8,3632.621064,1208835,3993120,3422,9740,370
2019/2/7,3382.947414,1215886,3993130,3275,192593,655
2019/2/6,3405.558944,899192,3233183,1168,46310237,1247
2019/2/5,3463.442822,1211899,3972838,2765,195369582,11865
2019/2/4,3453.032184,1172332,3993031,2601,1449754,5000
2019/2/3,3451.480647,399250,1363210,1114,236080,342
2019/2/2,3502.072823,1355736,3993033,3222,1347248,12485
2019/2/1,3474.400614,1157374,3993376,3278,3381526,741
2019/1/31,3447.812769,595688,2181467,1481,870310,342
2019/1/30,3470.82826,1450462,3993241,2231,4746919,6762
2019/1/29,3438.806393,1259289,3992973,3406,4856776,5656
2019/1/28,3462.059067,1120770,3993327,3177,2258819,12000
2019/1/27,3575.695347,156967,492724,398,4700000,3059
2019/1/26,3595.147524,74162,213809,154,6143518,5063
2019/1/25,3590.982706,971594,3257750,2593,89816,605
2019/1/24,3601.873911,734699,2437802,2000,42585,5921
2019/1/23,3592.901431,1340354,3993230,1358,204111,678
2019/1/22,3608.383962,1135350,3992766,2686,2612620,3324
2019/1/21,3547.119997,193865,607277,483,3450874,1026
2019/1/20,3583.507436,1033583,3425837,2379,930519685,15285
2019/1/19,3735.953787,365008,1250695,1039,488356,1039
2019/1/18,3653.185376,1111590,3789654,3152,4959040,11760
2019/1/17,3684.253015,1116953,3862667,2814,1572500,855
2019/1/16,3658.24673,130142,418046,345,1381322,342
2019/1/15,3640.207439,1201371,3992721,3279,8806802,14372
2019/1/14,3705.942606,742535,2641022,1428,1140488,342
2019/1/13,3553.227143,1104503,3993110,3316,96919,354
2019/1/12,3668.24992,1167824,3907382,3282,992803,741
2019/1/11,3678.691684,1046088,3881232,1952,1819823,342
2019/1/10,3673.215707,30603,106671,98,11096466,1466
2019/1/9,4032.575391,981935,3311693,2661,847600,787
2019/1/8,4030.989306,957854,3258125,2527,40000,573
2019/1/7,4036.958448,1047187,3992920,190,22968448,15000
2019/1/6,4085.907582,1073975,3548078,1172,3664669,178
2019/1/5,3866.004564,1240323,3993120,2607,44583537,594
2019/1/4,3877.816632,838299,3197367,940,518802,342
2019/1/3,3843.99664,1188335,3992570,2762,199139798,212
2019/1/2,3938.625961,737600,2688059,772,1145505,855
2019/1/1,3851.181614,871487,3362900,987,676688,359
2018/12/31,3746.123953,860576,2469134,1331,150760,435
2018/12/30,3863.165984,1159210,3993046,2624,1863942601,30000
2018/12/29,3832.098961,1290263,3992783,3315,2430880,678
2018/12/28,3902.734263,286451,1049864,236,420000,22423
2018/12/27,3651.165346,90789,290613,235,2154340,741
2018/12/26,3833.455304,1145222,3993176,2572,16496861,6061
2018/12/25,3789.436638,1212053,3992771,2763,18644,678
2018/12/24,4049.134022,15190,39679,37,29886724,4962
2018/12/23,3980.147519,963449,3321449,2005,330620,342
2018/12/22,3985.947865,272533,864445,464,100000000,3033
2018/12/21,3872.495182,985182,3597636,1246,10916284,1500
2018/12/20,4103.258582,1316626,3993355,3351,10100000,6936
2018/12/19,3719.296166,1215895,3993142,2560,101003210,35987
2018/12/18,3671.041341,1329136,3993133,1443,1477017,516
2018/12/17,3520.00734,641990,2480291,635,475517,434
2018/12/16,3259.040242,1333859,3998573,1703,500000,3738
2018/12/15,3244.865925,1216729,3993220,2504,957028,741
2018/12/14,3236.70091,752905,2560159,1414,6492550,2079
2018/12/13,3314.351766,1143203,3789110,2320,1006491,3708
2018/12/12,3471.915387,1158211,3993142,3255,553800,1140
2018/12/11,3394.218703,1293996,3993192,3175,904587649,2277
2018/12/10,3464.835871,1049778,3992994,2261,1605224,678
2018/12/9,3586.572261,165921,568971,359,556209,2866
2018/12/8,3465.344049,1263928,3992599,2762,11216571,13700
2018/12/7,3424.127676,1181993,3993350,480,3500000,181
2018/12/6,3530.420581,1064068,3993151,869,54972,1523
2018/12/5,3778.6441,1260967,3993148,3163,2931829,5800
2018/12/4,3959.996646,1098155,3992756,2461,10345040,4793
2018/12/3,3905.390427,1313363,3993263,3346,1564935,7684
2018/12/2,4143.979048,860526,2984823,1828,3392081,18000
2018/12/1,4208.469723,1251858,3992931,2207,31106578,7581
2018/11/30,4030.044494,1299147,3993006,2622,54647,573
2018/11/29,4295.392323,1173673,3992743,2263,1699518,698
2018/11/28,4256.464556,1299431,3992969,2559,8849392,4584
2018/11/27,3835.01659,1034749,3998191,1618,90101,427
2018/11/26,3801.729367,1002853,3094816,1804,2792565,7449
2018/11/25,4008.329436,1207723,3992794,3441,282842524,6366
2018/11/24,3894.620254,1461604,3937252,1391,1661759,13618
2018/11/23,4374.323227,911870,3138071,1127,30032754,14138
2018/11/22,4377.54577,1176177,3992634,2782,23332951,7628
2018/11/21,4609.512684,1560533,3993011,1944,13912626,8798
2018/11/20,4470.864068,1199454,3992970,2500,78776183,8652
2018/11/19,4893.020433,1126698,3992985,2695,7660000,8852
2018/11/18,5647.479577,163528,559135,458,4443680,1140
2018/11/17,5631.540424,261948,937407,578,1317574,4693
2018/11/16,5627.478697,649048,2114728,976,618266,573
2018/11/15,5654.723204,1109391,3993144,1669,7151136,8136
2018/11/14,5747.076679,1239292,3993061,2850,61289035,7335
2018/11/13,6371.367486,1046519,3992942,1058,837740,40740
2018/11/12,6364.393922,235146,779016,432,450000000,672
2018/11/11,6407.676509,1281962,3992981,3475,747748,6000
2018/11/10,6399.518804,634994,2170655,1310,6072013,1026
2018/11/9,6397.943423,1310194,3993055,3457,34035144,1799
2018/11/8,6468.139286,1326466,3993364,3562,606179839,4360
2018/11/7,6526.820154,1144845,3993321,3062,304370,678
2018/11/6,6428.294585,1239210,3993024,3147,1482320,904
2018/11/5,6413.987438,79625,243965,230,25392064,618
2018/11/4,6456.241631,1167565,3998575,2534,732625,1329
2018/11/3,6387.91703,582656,1977194,1214,105802,816
2018/11/2,6407.751479,1131002,3867197,2117,461857,300
2018/11/1,6368.306136,1452118,3998308,2471,3201725,1000
2018/10/31,6298.837501,1079435,3611198,2032,1546,1000
2018/10/30,6284.585339,846854,2681552,1433,760909,10000
2018/10/29,6252.273571,1288833,3993273,2340,1065135,2368
2018/10/28,6406.221101,65446,261676,226,374500,1130
2018/10/27,6416.188305,1048684,3599701,1789,1328254,1356
2018/10/26,6416.405872,808341,2612667,1401,7023036,4417
2018/10/25,6420.365573,316171,966862,508,24570071,573
2018/10/24,6433.06548,1332369,3993204,279,81867150,10984
2018/10/23,6423.905004,1097100,3993162,1484,2394885,678
2018/10/22,6466.252678,1172709,3957144,1787,90968537,1449
2018/10/21,6475.861332,905881,3044815,1166,2046101,2603
2018/10/20,6461.901011,1111525,3993166,2038,4607240,1808
2018/10/19,6455.39574,1243404,3992766,2218,431308294,1747
2018/10/18,6479.295676,1238633,3992492,2835,1311867,3390
2018/10/17,6520.256441,668189,2186660,1091,3095941,1875
2018/10/16,6552.077685,1307146,3993172,2934,41919186410,4520
2018/10/15,6576.759501,1251331,3993202,2828,36300000,1464
2018/10/14,6321.811255,129493,401779,179,7098357,15101
2018/10/13,6325.159139,86268,275772,143,1768827,678
2018/10/12,6293.90483,1319748,3992988,1616,2031481,2324
2018/10/11,6252.437099,842033,2899091,1251,2034289,1130
2018/10/10,6599.428021,125510,414167,211,10006670,900
2018/10/9,6646.658367,187131,617160,475,3021771,2034
2018/10/8,6657.272478,393264,1321950,800,227332,2060
2018/10/7,6595.637642,1387896,3992619,3075,1861,1260
2018/10/6,6590.995726,83504,298286,122,3901039,405
2018/10/5,6626.550323,1376547,3993351,1077,668929,4480
2018/10/4,6574.045632,575,1865,2,155000,2153
2018/10/3,6505.256156,458652,1589046,717,9684862,2028
2018/10/2,6534.415121,32045,104645,91,25000000,2580
2018/10/1,6596.018098,1271739,3993267,1761,4900700,4610
2018/9/30,6619.480812,61857,201930,123,272900730,393
2018/9/29,6600.212125,665999,2272073,1317,22236,573
2018/9/28,6641.955563,712943,2143970,885,13861578,4754
2018/9/27,6676.851173,293927,986525,606,767576,678
2018/9/26,6479.083948,1290606,3993363,3240,6525761,2486
2018/9/25,6438.627759,636514,2064217,1562,923668,573
2018/9/24,6586.794102,561531,1744350,1216,608200,426
2018/9/23,6709.838127,434005,1372141,1138,11311872,524
2018/9/22,6707.238115,606543,1836705,1156,3189817,4173
2018/9/21,6744.696981,567939,1822731,1407,31253763,1011
2018/9/20,6497.019131,1213948,3993064,3004,7596845,678
2018/9/19,6397.127392,71167,226849,187,3837551,2040
2018/9/18,6363.858467,1149440,3993332,2943,596824,678
2018/9/17,6274.229074,887760,2660700,1762,15526927,1356
2018/9/16,6512.152478,87124,271960,231,519213371,1403
2018/9/15,6537.211073,577191,1812279,1472,3089467,1430
2018/9/14,6509.223086,1654692,3992850,438,2400000,4595
2018/9/13,6501.145617,254516,788033,572,9054000,2089
2018/9/12,6359.149645,253841,822587,521,40105779,16914
2018/9/11,6306.694006,1168549,3993001,1124,1644200,4635
2018/9/10,6330.669843,1228867,3993043,2535,9617764,8600
2018/9/9,6277.682277,386284,1249765,903,1654610,9030
2018/9/8,6214.51545,21028,66001,48,471682276,1961
2018/9/7,6436.841435,1216198,3993226,2034,50081325,12000
2018/9/6,6519.675095,841713,2816655,1707,498180,2898
2018/9/5,6714.906125,1070429,3916781,1086,1054862,378
2018/9/4,7360.989295,482130,1550583,870,7718185,6226
2018/9/3,7268.864743,996984,3285645,2411,4227964,678
2018/9/2,7277.239549,282419,926387,566,26599154,2457
2018/9/1,7193.248733,1372351,3992839,3164,20000,578
2018/8/31,7018.26405,151842,504495,449,419023,2021
2018/8/30,6973.880312,89668,277687,241,51198900,678
2018/8/29,7036.643094,238057,780055,528,5614996,567
2018/8/28,7082.637385,1134597,3993072,2073,2942550,1988
2018/8/27,6883.391277,203521,607432,453,250018,676
2018/8/26,6705.158423,1078589,3295115,1885,34999152,169
2018/8/25,6745.155573,878743,2809384,2044,884673883,5654
2018/8/24,6709.592961,110546,348572,305,7051430,123520
2018/8/23,6528.524415,249326,647189,332,1000000,678
2018/8/22,6376.530714,930411,2918595,1942,200000,2011
2018/8/21,6482.48094,247395,669144,335,1276981,777
2018/8/20,6291.971192,173174,541085,421,1066914,2891
2018/8/19,6509.311913,1185118,3993010,1636,1223337,518
2018/8/18,6420.016879,991743,3160041,2393,1949946,166
2018/8/17,6587.234439,1269338,3993356,2966,500000000,1344
2018/8/16,6329.69734,33507,114543,87,199374214,3149
2018/8/15,6306.298266,1293079,3992995,1664,4908856,1402
2018/8/14,6207.11752,921568,3020014,2277,1154884925,5000
2018/8/13,6284.928115,148235,546779,207,112117397,1344
2018/8/12,6342.511734,250533,817767,632,480451,596
2018/8/11,6293.915942,119665,429319,251,8761200770,5000
2018/8/10,6183.831056,160752,519798,296,665618,817
2018/8/9,6563.764604,528383,1795589,1246,466140213,1508
2018/8/8,6281.517374,604885,1978564,1324,2393250,2200
2018/8/7,6732.82669,21868,72499,67,3099309,1340
2018/8/6,6935.713092,1007245,3993040,158,29939150,1130
2018/8/5,7041.990104,306558,1069395,511,2129094,342
2018/8/4,7017.844894,185662,640252,387,72750465,8950
2018/8/3,7422.438043,75975,240369,196,951741130,1298
2018/8/2,7551.493153,147476,487628,412,17419674,43680
2018/8/1,7596.721803,1073683,3998224,509,1062320,20588
2018/7/31,7752.144492,1367635,3992593,2684,29000000,30000
2018/7/30,8181.184914,447876,1538856,824,364689,890
2018/7/29,8211.614335,139717,467839,367,1179900,518
2018/7/28,8195.281388,613345,2012968,1507,108677,1152
2018/7/27,8158.491094,591602,2050682,934,398856,261
2018/7/26,7933.673932,188378,637124,323,201984000,15800
2018/7/25,8179.363887,828958,2677321,1793,7794010,1158
2018/7/24,8338.94062,1086280,3993088,857,945243308,5756
2018/7/23,7712.930732,1179004,3993361,2030,1836000,2199
2018/7/22,7391.747574,760391,2593397,1701,683527,1130
2018/7/21,7400.986497,656989,2238967,1697,6002058,1130
2018/7/20,7329.843348,1020083,3465851,1959,2186414379,9184
2018/7/19,7443.660646,1145549,3992861,2477,465438,1870
2018/7/18,7353.883851,1058413,3951016,855,1275713,19685
2018/7/17,7317.330034,1137657,3992865,1037,82956,1264
2018/7/16,6705.492444,1136359,3998506,1929,236438489,2279
2018/7/15,6346.599551,462046,1319059,719,8400535,3317
2018/7/14,6250.050407,745897,2388250,1136,24541235,2610
2018/7/13,6215.784718,1022929,3992905,463,56000,16053
2018/7/12,6202.442176,1096416,3993273,1476,4810457,904
2018/7/11,6367.687185,998296,3993076,338,237205,1130
2018/7/10,6319.83561,1760727,3893601,291,957780,2508
2018/7/9,6669.99851,1007614,3993250,263,1300674,1036
2018/7/8,6711.7568,784343,2836940,971,1299260,2770
2018/7/7,6718.701013,568138,1778938,1233,3394360,27629
2018/7/6,6600.606901,474323,1502915,912,137267,374
2018/7/5,6532.499354,430382,1489715,952,2163500,1203
2018/7/4,6603.099909,1175842,3993007,3001,20264738,33900
2018/7/3,6534.644903,1226328,3993102,2885,6837724,4940
2018/7/2,6595.968717,671234,2407421,1262,2547803,27000
2018/7/1,6364.401842,491146,1850227,296,3432805,676
2018/6/30,6376.564855,1157494,3992938,2743,96679,1130
2018/6/29,6127.560923,1110406,3993355,1856,391952139,2422
2018/6/28,5912.435446,1118481,3697083,1528,100999695,4976
2018/6/27,6108.694146,1108600,3992974,1872,2193323,20287
2018/6/26,6103.03072,1126772,3993170,1891,13788053,780
2018/6/25,6238.074119,1086395,3977849,385,1233048,374
2018/6/24,6149.117943,526531,1721371,1484,1814988,224
2018/6/23,6156.300264,277086,925941,573,933438,1620
2018/6/22,6071.720089,324530,1137923,556,5235817,10000
2018/6/21,6711.941657,332179,1137484,791,27348437,2332
2018/6/20,6734.137828,1633359,3993186,1169,9827248,35831
2018/6/19,6722.636753,1026614,3993041,539,19243692,23328
2018/6/18,6700.596021,26243,89390,73,1036366,4887
2018/6/17,6461.213025,613219,2065897,1546,3334175,192
2018/6/16,6505.755311,209074,693334,591,1425309,777
2018/6/15,6473.773491,207160,699538,544,6094434,4665
2018/6/14,6649.438347,1112836,3998359,2697,1044994,1200
2018/6/13,6308.396028,1039975,3874840,647,357413303,167
2018/6/12,6558.514878,1069179,3993168,1052,2172962,1213
2018/6/11,6847.943671,235705,809026,538,202717798,2260
2018/6/10,6797.078904,36683,121511,102,462885243,892
2018/6/9,7559.667409,71687,244589,170,2801534,12375
2018/6/8,7622.637061,724157,2479157,1675,5832613,1130
2018/6/7,7654.789136,1046307,3993138,814,104838,3350
2018/6/6,7577.593405,1019236,3993163,408,3147000,1760
2018/6/5,7612.115176,1017937,3992845,416,71452,990
2018/6/4,7505.890508,1034977,3993364,633,3191178,20680
2018/6/3,7684.931799,1205237,3993167,2231,29872915,1130
2018/6/2,7588.637728,6331,21931,25,47441,1130
2018/6/1,7525.473797,242073,720648,512,193034,1870
2018/5/31,7504.038587,53495,195440,121,50034476,50429
2018/5/30,7411.621917,603294,2076531,1428,38296,1620
2018/5/29,7474.562016,120121,413440,312,7903089,11894
2018/5/28,7149.250597,375568,1389985,497,24797898,15860
2018/5/27,7363.93676,681079,2308159,1783,2641882,2654
2018/5/26,7349.788652,42381,148779,117,1894710,1130
2018/5/25,7488.637221,291636,999009,664,645976,1130
2018/5/24,7576.278752,647072,2217422,1440,2660647,4793
2018/5/23,7570.538188,152205,527364,369,40323779,5000
2018/5/22,8032.093711,1149023,3992777,2524,662991,5093
2018/5/21,8399.115042,61698,219609,168,2661307,1356
2018/5/20,8499.1229,1090770,3992790,2555,159003295,12855
2018/5/19,8225.333519,74736,242373,185,493130,1920
2018/5/18,8236.681884,99572,356558,174,5857070,4520
2018/5/17,8088.947899,1032577,3992986,586,22767408,22826
2018/5/16,8343.900226,49785,165777,130,9797229,7589
2018/5/15,8515.701134,431979,1533144,691,5000000,50000
2018/5/14,8740.312768,130212,425664,356,7500000,649
2018/5/13,8699.820503,37788,124152,103,21190000,4382
2018/5/12,8488.213129,546393,1860477,1358,388676,4477
2018/5/11,8422.66381,1216564,3992785,645,17739,1130
2018/5/10,9037.392112,1208646,3993051,2473,199950000,2146
2018/5/9,9327.374047,273,984,1,104022587.5,0
2018/5/8,9233.687914,347584,1279978,716,8095175,908
2018/5/7,9372.878004,560614,1802668,695,2710630,1130
2018/5/6,9666.853489,574085,2016236,1231,82693,4076
2018/5/5,9864.060649,83664,269127,195,539589,3666
2018/5/4,9718.724265,1109572,3992851,1644,296903926,4336
2018/5/3,9769.290293,535923,1871445,1208,11773757,12750
2018/5/2,9236.704389,928923,3062409,2159,17421169,1870
2018/5/1,9096.810022,66769,196633,106,3516564,19320
2018/4/30,9240.335679,819991,2917837,1581,66270809,26568
2018/4/29,9413.409305,695278,2369746,1588,84397,224
2018/4/28,9337.281363,319663,1150993,660,2492500,7024
2018/4/27,8974.089791,1042849,3941734,977,417900,2300
2018/4/26,9268.527837,37325,128198,112,12019338,1130
2018/4/25,8846.751895,1112974,3993160,1967,11396064,17482
2018/4/24,9715.110088,837313,3019591,1290,49731705,1562
2018/4/23,8924.023356,1116974,3993314,2453,3769687,5375
2018/4/22,8787.210206,1224707,3992573,2726,583084,13600
2018/4/21,8884.348604,345146,1190039,715,14272880,3610
2018/4/20,8813.044081,1299732,3992841,2090,491465630,1984
2018/4/19,8280.64311,962426,3469733,1418,9184600,3407
2018/4/18,8133.862763,125059,435223,256,42130700,1130
2018/4/17,7889.50363,385463,1356407,806,407391,10215
2018/4/16,8038.471105,243322,732481,504,62983748,6692
2018/4/15,8301.987534,239,956,1,32366074,0
2018/4/14,7910.243775,1118644,3993097,2148,1748400,4972
2018/4/13,7866.931623,240847,851212,675,4667900,6030
2018/4/12,7821.822517,96364,334825,283,4755597,3893
2018/4/11,6932.843296,368867,1341632,797,287456,1459
2018/4/10,6844.301557,465227,1580501,1243,141928629,36994
2018/4/9,6772.871609,59711,207659,171,27291663,8000
2018/4/8,7000.923355,468454,1678735,775,3202823,1130
2018/4/7,6894.151859,43798,137767,106,6754721,17060
2018/4/6,6637.296686,137865,317775,63,75157914,1705
2018/4/5,6819.726657,1169003,3993200,3164,66181908,1130
2018/4/4,6840.93611,374574,1324881,921,18829601,1670
2018/4/3,7454.69179,158415,543903,468,131231743,1350
2018/4/2,7061.622526,530607,1828224,1259,300039513,1129
2018/4/1,6830.630577,803996,2835923,1535,7864316,2288
2018/3/31,6955.124518,1016587,3010501,1876,162183667,727
2018/3/30,6880.453144,925547,3165524,2131,379043057,708
2018/3/29,7178.058623,868018,2950330,2068,12925747,1239
2018/3/28,7954.826953,192507,694341,424,1112353,2476
2018/3/27,7828.221732,204313,710074,523,13903104,860
2018/3/26,8187.383924,126693,429567,308,729390,5000
2018/3/25,8466.556129,72202,266038,126,566346,2481
2018/3/24,8661.018753,770371,2734528,1725,31520000,1566
2018/3/23,8865.051157,550887,1901307,1229,45775868,1659
2018/3/22,8721.57,15354,57594,47,118485786,22380
2018/3/21,8978.01899,286,1036,1,91717893,0
2018/3/20,8892.783654,798135,2829270,1547,64950000,4539
2018/3/19,8588.661986,760732,2657995,1721,184554990,8060
2018/3/18,8092.439642,375853,1268557,971,411704,717
2018/3/17,7906.38397,161881,527629,401,4298359,1130
2018/3/16,8315.139163,407786,1456514,981,4975200,22600
2018/3/15,8291.944666,203847,732042,443,123318553,38876
2018/3/14,8262.032897,1143319,3993076,2764,3192292,2244
2018/3/13,9208.440502,326033,1177181,824,19365567,1352
2018/3/12,9216.378706,103285,364081,221,2706954,1460
2018/3/11,9570.367448,131718,418839,183,436128916,149600
2018/3/10,8894.85712,1069946,3992921,181,67758722,1394
2018/3/9,9345.521676,1093003,3993157,1972,51276300,1130
2018/3/8,9433.592923,1021505,3993020,243,2604346,500
2018/3/7,9968.268316,1080918,3993318,1513,2205872,2181
2018/3/6,10697.57229,1058265,3992757,447,104051,1766
2018/3/5,11527.56879,1060954,3993127,989,6046899,5681
2018/3/4,11516.38357,1026031,3991558,612,650180,11220
2018/3/3,11494.89894,1038398,3992888,594,156473,6780
2018/3/2,11095.09196,1008966,3993372,234,3850016,1130
2018/3/1,10929.7655,1093559,3972134,1871,1129352,19320
2018/2/28,10412.02401,1076926,3993268,2087,60580836,22600
2018/2/27,10736.49053,1145101,3993061,2101,27442023,4081
2018/2/26,10371.77268,589012,2060890,479,1154647,1293
2018/2/25,9699.647408,195872,713498,358,5005492930,4492928
2018/2/24,9843.276427,1006402,3981229,471,82526,23197
2018/2/23,10348.06763,1027499,3962282,1105,440722,2411
2018/2/22,9987.171846,1046492,3993185,1670,453547,4520
2018/2/21,10680.36171,1078569,3993276,2793,1266216,1130
2018/2/20,11446.21506,1003927,3993205,203,117498897,1130
2018/2/19,11191.90266,1054055,3993152,829,220548,1130
2018/2/18,10576.17556,1021714,3992359,382,90024020,42350
2018/2/17,11095.6086,1001137,3992884,204,45018457,0
2018/2/16,10245.30885,1004868,3993003,194,12894,1977
2018/2/15,10117.07499,35993,132149,115,40091186,25287
2018/2/14,9505.15,1009630,3992752,467,100183,2486
2018/2/13,8577.572064,1024982,3992675,1197,228402565,2260
2018/2/12,8863.252806,1050421,3993019,946,249699699,12046
2018/2/11,8099.307366,1076342,3992705,1740,1206273,25250
2018/2/10,8624.238538,1046186,3997619,1715,1181561,26325
2018/2/9,8684.106762,1010479,3993181,382,530059,199568
2018/2/8,8256.155151,1039869,3992967,1458,4583218206,139860
2018/2/7,7587.933554,285,1140,1,2377522903,0
2018/2/6,7768.942755,1095572,3993119,2478,171827600,31705
2018/2/5,6905.959543,1034183,3993011,2163,13866901,341200
2018/2/4,8256.583798,50284,191794,83,2171876,64268
2018/2/3,9191.270888,1017237,3992850,646,516906,37294
2018/2/2,8768.328115,1151014,3993127,1363,6391495,14690
2018/2/1,9171.249369,1037018,3992789,1136,309861,7006
2018/1/31,10236.67507,1033179,3992751,3598,100000000,40303
2018/1/30,10084.49524,1021107,3993099,1598,29934600,40000
2018/1/29,11348.08379,1002871,3992740,248,1640517,4902
2018/1/28,11865.23189,1028648,3992633,390,202730,200000
2018/1/27,11446.46873,705406,2685130,1101,563070,81600
2018/1/26,11123.95015,1027997,3993224,511,7543527,110908
2018/1/25,11219.4367,1017268,3993112,1135,223182,49976
2018/1/24,10821.59111,1303000,3992935,969,117755,8180
2018/1/23,10800.47262,998234,3992828,468,13685122,54903
2018/1/22,10917.30641,1123917,3993255,721,4748045,10000
2018/1/21,11481.02513,1058734,3993247,1549,2966321835,86300
2018/1/20,12961.20566,1064269,3993127,2713,100573477,94250
2018/1/19,11517.12995,1000219,3992557,1385,36007731,22600
2018/1/18,11305.3074,1086103,3993073,2014,3294274,103924
2018/1/17,11139.59209,1041858,3998280,1771,8435024,114982
2018/1/16,11445.84964,1075673,3993041,2698,65501015,114211
2018/1/15,13769.21644,1001823,3993123,180,435404,94452
2018/1/14,13815.42967,1024150,3992899,841,3494863,93977
2018/1/13,14552.77603,999273,3895494,1633,483504,115415
2018/1/12,14089.11203,1020845,3992837,1303,29597558,115127
2018/1/11,13501.98144,1106249,3993227,2111,220544671,88776
2018/1/10,15065.00252,1046970,3992904,3040,9283312,114810
2018/1/9,14710.59636,1052071,3993094,2598,85257686,120348
2018/1/8,15218.63286,1048234,3993037,3035,48587979,119354
2018/1/7,16515.28737,1122542,3992699,1916,21804136,83148
2018/1/6,17162.01641,1069647,3992829,2008,8625000,69660
2018/1/5,16989.16148,1108837,3992731,2207,1524852,186352
2018/1/4,15163.89895,1076478,3993072,2937,191685933,71307
2018/1/3,15079.15218,1055791,3993136,3365,301214,103957
2018/1/2,14938.17668,1046362,3992416,2694,16985400,108848
2018/1/1,13577.18855,1050311,3993122,2598,90335152,103423
