Date,Close,SMA,EMA,MACD,MACD_signal,MACD_diff
2022/12/31,16538.3479,16834.87704,17139.776,-1497.315859,-1452.855333,-44.46052603
2022/12/30,16603.75195,16775.77436,17042.31708,-1447.648515,-1451.813969,4.165454531
2022/12/29,16641.44486,16732.86139,16969.43122,-1389.231092,-1439.297394,50.06630149
2022/12/28,16549.98327,16693.40576,16893.16796,-1334.926845,-1418.423284,83.49643891
2022/12/27,16706.45971,16668.65452,16859.221,-1264.68549,-1387.675725,122.9902355
2022/12/26,16908.94843,16676.66473,16868.26235,-1179.087772,-1345.958134,166.8703625
2022/12/25,16829.9184,16673.9283,16861.29073,-1104.891525,-1297.744813,192.8532876
2022/12/24,16833.8821,16689.7256,16856.30734,-1033.853013,-1244.966453,211.1134393
2022/12/23,16780.46368,16700.02698,16842.51758,-970.6755581,-1190.108274,219.4327157
2022/12/22,16822.06214,16721.52624,16838.79841,-906.7973257,-1133.446084,226.6487585
2022/12/21,16806.4165,16748.3331,16832.91079,-847.6644908,-1076.289765,228.6252747
2022/12/20,16902.54219,16778.21213,16845.57105,-784.0072058,-1017.833254,233.8260477
2022/12/19,16424.79671,16756.54731,16769.06662,-763.3094599,-966.9284948,203.6190349
2022/12/18,16750.76581,16776.62557,16765.7392,-712.3913612,-916.0210681,203.6297069
2022/12/17,16785.8923,16784.56883,16769.4034,-661.5777308,-865.1324006,203.5546699
2022/12/16,16608.4932,16754.5233,16740.147,-628.3786295,-817.7816464,189.4030169
2022/12/15,17339.45827,16805.47729,16849.11269,-536.8963237,-761.6045819,224.7082582
2022/12/14,17799.16897,16902.00598,17021.85019,-422.4315969,-693.7699849,271.338388
2022/12/13,17766.35055,17000.59466,17157.21389,-330.5552139,-621.1270307,290.5718168
2022/12/12,17220.81454,17040.4699,17168.77765,-298.3238244,-556.5663894,258.242565
2022/12/11,17091.91654,17069.01991,17154.8029,-279.9540711,-501.2439257,221.2898547
2022/12/10,17114.34059,17090.19975,17147.44612,-260.582641,-453.1116688,192.5290278
2022/12/9,17123.38673,17160.05875,17143.07168,-241.7143626,-410.8322076,169.1178449
2022/12/8,17254.8416,17210.46633,17163.39348,-213.6905156,-371.4038692,157.7133535
2022/12/7,16838.04747,17215.68185,17104.23966,-222.5478246,-341.6326603,119.0848357
2022/12/6,17088.37612,17263.67014,17101.35538,-206.9819176,-314.7025117,107.7205941
2022/12/5,16959.33606,17225.65792,17075.53369,-202.7214318,-292.3062957,89.58486392
2022/12/4,17130.16533,17158.75755,17085.46671,-183.4458225,-270.5342011,87.08837857
2022/12/3,16903.72363,17072.49486,17052.42252,-184.3170244,-253.2907658,68.97374133
2022/12/2,17088.4265,17059.25606,17058.96869,-168.1649787,-236.2656084,68.10062968
2022/12/1,16956.1893,17045.68333,17040.28153,-164.1426684,-221.8410204,57.69835195
2022/11/30,17188.63468,17053.11274,17067.25483,-140.5780626,-205.5884288,65.01036617
2022/11/29,16436.1924,16984.39331,16952.51621,-180.537621,-200.5782673,20.04064623
2022/11/28,16212.40325,16880.14947,16817.95021,-227.6396846,-205.9905507,-21.64913389
2022/11/27,16432.36462,16839.58119,16747.84374,-244.4020507,-213.6728507,-30.72919994
2022/11/26,16461.19452,16776.86303,16695.7257,-252.4499285,-221.4282663,-31.02166222
2022/11/25,16511.91128,16732.12055,16662.3049,-251.8325424,-227.5091215,-24.32342088
2022/11/24,16597.7313,16678.87715,16650.56424,-241.6329071,-230.3338786,-11.2990285
2022/11/23,16615.2292,16650.0277,16644.13969,-229.4922447,-230.1655518,0.673307169
2022/11/22,16174.9574,16558.68079,16558.83382,-252.4864305,-234.6297276,-17.85670297
2022/11/21,15779.9717,16441.05903,16417.22253,-299.1333107,-247.5304442,-51.60286653
2022/11/20,16291.4477,16351.34034,16394.35438,-291.469581,-256.3182716,-35.15130942
2022/11/19,16715.83859,16379.30496,16452.80605,-248.2890994,-254.7124371,6.423337687
2022/11/18,16711.14178,16429.17881,16499.77618,-212.0034066,-246.170631,34.1672244
2022/11/17,16690.88953,16455.0313,16534.52406,-182.7740165,-233.4913081,50.71729164
2022/11/16,16673.50771,16476.26262,16559.79382,-159.177186,-218.6284837,59.45129773
2022/11/15,16894.9265,16514.56414,16620.72703,-121.2126184,-199.1453106,77.93269224
2022/11/14,16630.63746,16517.85476,16622.52893,-111.1698447,-181.5502174,70.38037273
2022/11/13,16349.9976,16491.3316,16572.97778,-124.4219078,-170.1245555,45.70264771
2022/11/12,16802.1943,16554.05529,16614.65351,-97.31399339,-155.5624431,58.24844971
2022/11/11,17104.1984,16686.47796,16703.66167,-50.87511236,-134.6249769,83.74986458
2022/11/10,17590.41467,16816.37466,16864.88949,24.87488307,-102.7250049,127.599888
2022/11/9,15789.34242,16723.72504,16669.33548,-59.73558363,-94.12712068,34.39153705
2022/11/8,18528.52093,16905.46295,17007.3692,93.16487821,-56.6687209,149.8335991
2022/11/7,20591.7459,17295.54859,17659.07405,376.4847265,29.96196857,346.5227579
2022/11/6,20913.0539,17719.50321,18250.70675,619.7999497,147.9295648,471.8703849
2022/11/5,21281.5851,18158.16907,18801.77554,832.7667879,284.8970094,547.8697785
2022/11/4,21156.078,18610.71312,19229.83053,980.1189661,423.9414008,556.1775653
2022/11/3,20208.59651,18996.57301,19407.78798,1008.813813,540.9158832,467.8979299
2022/11/2,20151.52308,19331.50589,19543.01255,1015.246211,635.7819488,379.4642622
2022/11/1,20481.5549,19669.24154,19713.65661,1035.043407,715.6342403,319.4091662
2022/10/31,20504.46023,19960.6461,19857.43909,1040.585869,780.6245661,259.9613029
2022/10/30,20621.7479,20443.88664,19996.40433,1042.426007,832.9848543,209.4411529
2022/10/29,20811.98837,20672.23339,20144.69233,1047.16409,875.8207014,171.3433885
2022/10/28,20608.2579,20673.88459,20228.97698,1022.690766,905.1947144,117.4960517
2022/10/27,20283.97975,20610.97717,20238.97748,965.9935714,917.3544858,48.63908564
2022/10/26,20754.02397,20558.22106,20332.6223,948.0606239,923.4957134,24.56491052
2022/10/25,20110.87556,20453.70082,20292.30471,871.9011978,913.1768103,-41.27561249
2022/10/24,19335.3937,20366.38054,20118.32089,740.4341348,878.6282752,-138.1941404
2022/10/23,19548.7249,20306.10072,20014.75798,646.0127524,832.1051706,-186.0924183
2022/10/22,19202.85297,20178.23052,19867.13889,537.0829936,773.1007352,-236.0177416
2022/10/21,19166.3286,20044.41736,19739.71884,442.7049369,707.0215756,-264.3166387
2022/10/20,19042.9309,19886.53566,19613.03012,353.8732533,636.3919111,-282.5186578
2022/10/19,19124.9892,19717.83575,19524.29541,286.788998,566.4713285,-279.6823305
2022/10/18,19351.0697,19592.11693,19492.79982,248.9967696,502.9764167,-253.9796471
2022/10/17,19558.1117,19519.53012,19504.67471,233.0660747,448.9943483,-215.9282736
2022/10/16,19259.62065,19370.08979,19460.11943,194.1174852,398.0189757,-203.9014905
2022/10/15,19054.8847,19264.4907,19386.44039,145.0578313,347.4267468,-202.3689155
2022/10/14,19191.0274,19250.05407,19350.91075,115.8280861,301.1070147,-185.2789286
2022/10/13,19380.6893,19233.25051,19356.32503,106.7370345,262.2330186,-155.4959841
2022/10/12,19157.97735,19228.76295,19320.26182,80.63184382,225.9127837,-145.2809398
2022/10/11,19045.5416,19216.68425,19270.31269,50.29094419,190.7884158,-140.4974716
2022/10/10,19135.37402,19225.92856,19245.77838,33.11258702,159.25325,-126.140663
2022/10/9,19436.3351,19257.06315,19280.42506,43.2846999,136.05954,-92.7748401
2022/10/8,19401.0105,19262.05723,19302.34969,47.94311426,118.4362549,-70.49314059
2022/10/7,19533.02825,19259.54889,19344.29124,61.57783925,107.0645717,-45.48673248
2022/10/6,19948.2219,19328.40901,19454.09682,104.6794356,106.5875445,-1.9081089
2022/10/5,20168.6041,19439.78095,19584.00723,154.8359107,116.2372178,38.59869299
2022/10/4,20339.726,19554.65081,19721.41064,206.0185324,134.1934807,71.82505175
2022/10/3,19610.3879,19577.62067,19701.22469,185.5902704,144.4728386,41.11743181
2022/10/2,19035.34988,19565.35793,19580.15654,121.5982545,139.8979218,-18.29966733
2022/10/1,19305.1719,19591.32096,19530.15934,91.600588,130.238455,-38.63786705
2022/9/30,19449.60774,19622.74433,19515.51359,78.57620846,119.9060057,-41.32979727
2022/9/29,19593.33746,19638.44456,19529.66339,78.9420863,111.7132218,-32.77113555
2022/9/28,19399.48878,19638.29239,19505.99528,62.86540518,101.9436585,-39.07825333
2022/9/27,19098.47982,19594.83755,19431.90156,25.5411893,86.66316467,-61.12197537
2022/9/26,19238.7536,19523.89072,19396.78375,7.197433488,70.77001843,-63.57258495
2022/9/25,18814.0516,19388.43547,19290.83245,-41.13583883,48.38884698,-89.52468581
2022/9/24,18931.73411,19247.63628,19225.54184,-69.14722403,24.88163278,-94.02885681
2022/9/23,19245.96942,19211.19443,19229.25595,-65.23825954,6.857654315,-72.09591386
2022/9/22,19429.13269,19250.57271,19265.59717,-46.82090911,-3.878058369,-42.94285074
2022/9/21,18501.82049,19170.23757,19126.72869,-105.8314122,-24.26872913,-81.56268304
2022/9/20,18873.2005,19112.59685,19080.63265,-121.2329009,-43.66156348,-77.5713374
2022/9/19,19576.6372,19110.92682,19170.8153,-75.8034143,-50.08993364,-25.71348066
2022/9/18,19393.59391,19110.33733,19211.3205,-53.94839921,-50.86162676,-3.086772451
2022/9/17,20123.64055,19212.85341,19377.19687,22.02661157,-36.28397909,58.31059066
2022/9/16,19756.26819,19264.60487,19446.11893,51.99411947,-18.62835938,70.62247885
2022/9/15,19662.3883,19349.43854,19485.44063,67.39141688,-1.424404128,68.81582101
2022/9/14,20251.71983,19481.43711,19624.76412,125.6990354,24.00028378,101.6987516
2022/9/13,20172.39246,19574.07941,19724.33291,163.6210649,51.92443999,111.6966249
2022/9/12,22387.93863,19869.96001,20208.62486,368.206155,115.180783,253.025372
2022/9/11,21789.45241,20198.7232,20496.04805,476.555047,187.4556358,289.0994112
2022/9/10,21661.704,20477.57355,20707.9855,545.8221969,259.128948,286.6932489
2022/9/9,21370.64087,20656.97391,20828.46829,570.6524244,321.4336433,249.2187811
2022/9/8,19318.4204,20649.45656,20553.91413,419.8932496,341.1255646,78.76768506
2022/9/7,19275.30356,20564.62286,20321.43948,293.5524585,331.6109433,-38.05848489
2022/9/6,18812.06104,20470.20215,20047.00704,154.2683618,296.142427,-141.8740652
2022/9/5,19808.09596,20484.77292,20003.56866,122.8403783,261.4820173,-138.6416389
2022/9/4,19975.3081,20457.13174,19998.43037,110.1562842,231.2168707,-121.0605865
2022/9/3,19834.79562,20423.37206,19968.6786,87.75428881,202.5243543,-114.7700655
2022/9/2,19927.5466,20177.33286,19961.20006,76.6017574,177.3398349,-100.7380775
2022/9/1,20145.5884,20012.94645,19994.72521,84.38471248,158.7488104,-74.36409796
2022/8/31,20046.9471,19851.47076,20004.2201,81.6519985,143.329448,-61.67744955
2022/8/30,19768.0653,19691.21321,19961.28286,56.33349498,125.9302574,-69.59676245
2022/8/29,20280.87118,19787.45829,20019.38983,76.76267468,116.0967409,-39.33406621
2022/8/28,19606.7351,19820.60144,19944.3617,38.11641712,100.5006761,-62.38425901
2022/8/27,20050.5705,19944.45239,19963.67239,42.80930801,88.96240251,-46.1530945
2022/8/26,20215.51485,19985.19428,20009.46193,59.15617325,83.00115665,-23.84498341
2022/8/25,21591.28483,20146.79195,20297.06609,181.0374341,102.6084121,78.42902195
2022/8/24,21378.10481,20301.12287,20493.61859,257.459532,133.5786361,123.8808959
2022/8/23,21516.13082,20459.98129,20679.5299,325.4110055,171.94511,153.4658955
2022/8/22,21418.635,20587.28595,20813.91265,367.1635074,210.9887895,156.1747179
2022/8/21,21515.70635,20734.16187,20941.5115,403.4349655,249.4780247,153.9569408
2022/8/20,21163.4085,20873.69619,20981.85641,399.1516931,279.4127584,119.7389348
2022/8/19,20840.72427,20929.6815,20956.19602,365.5059234,296.6313914,68.87453204
2022/8/18,23206.1852,21289.62651,21365.28496,523.6777059,342.0406543,181.6370516
2022/8/17,23311.75915,21615.74538,21719.18936,650.0554833,403.6436201,246.4118632
2022/8/16,23889.74606,21983.1685,22113.83603,787.7685899,480.4686141,307.2999759
2022/8/15,24146.6057,22238.70059,22483.43052,907.1762819,565.8101476,341.3661343
2022/8/14,24323.00217,22533.19032,22817.89809,1004.462639,653.5406459,350.921993
2022/8/13,24427.97318,22824.37456,23110.63902,1077.611032,738.3547231,339.256309
2022/8/12,24395.938,23122.10486,23344.32974,1120.085046,814.7007877,305.3842583
2022/8/11,23928.9778,23363.432,23450.62939,1103.347519,872.430134,230.917385
2022/8/10,23940.2045,23641.1116,23539.64304,1078.555888,913.6552848,164.9006034
2022/8/9,23158.6991,23872.90909,23470.38051,984.4986992,927.8239677,56.67473152
2022/8/8,23792.955,23931.58607,23529.03042,950.1837236,932.2959189,17.88780471
2022/8/7,23170.70242,23917.48039,23463.87987,862.832084,918.4031519,-55.57106791
2022/8/6,22938.3603,23822.34182,23368.33086,766.0269315,887.9279078,-121.9009763
2022/8/5,23225.78975,23730.26022,23342.41429,704.381632,851.2186527,-146.8370206
2022/8/4,22635.52,23561.512,23213.88806,600.9698465,801.1688914,-200.1990449
2022/8/3,22812.3048,23399.94517,23140.87292,527.2030485,746.3757229,-219.1726743
2022/8/2,22963.82554,23256.73392,23108.68249,475.487661,692.1981105,-216.7104494
2022/8/1,23311.59284,23194.99542,23145.57528,457.2933651,645.2171614,-187.9237963
2022/7/31,23314.4296,23132.41793,23176.27606,438.0535491,603.784439,-165.7308898
2022/7/30,23642.24323,23180.77235,23260.99737,444.1379313,571.8551374,-127.7172061
2022/7/29,23746.2734,23176.10419,23349.22937,452.1421992,547.9125498,-95.77035059
2022/7/28,23847.01344,23243.73529,23439.73557,461.2969743,530.5894347,-69.29246038
2022/7/27,22943.12042,23244.2113,23349.44191,391.1071473,502.6929772,-111.5858299
2022/7/26,21206.71524,23042.30385,22959.85524,193.1414036,440.7826625,-247.6412589
2022/7/25,21340.4673,22912.79858,22665.42107,46.50867547,361.9278651,-315.4191896
2022/7/24,22600.78471,22891.64657,22653.669,31.63361183,295.8690144,-264.2354026
2022/7/23,22471.3157,22842.39559,22620.51386,9.29085042,238.5533816,-229.2625312
2022/7/22,22701.085,22781.34481,22635.16316,10.00913396,192.8445321,-182.8353981
2022/7/21,23180.0875,22767.9106,22734.24031,48.66885316,164.0093963,-115.3405431
2022/7/20,23244.5742,22728.14369,22827.02829,83.54741432,147.9169999,-64.36958559
2022/7/19,23407.3451,22694.25086,22932.54044,122.9063883,142.9148776,-20.0084893
2022/7/18,22440.03658,22553.55318,22842.99428,75.17833656,129.3675694,-54.18923282
2022/7/17,20769.40226,22336.18136,22465.97755,-96.34214414,84.22562668,-180.5677708
2022/7/16,21192.11367,22334.7212,22234.36594,-195.9058022,28.1993409,-224.1051431
2022/7/15,20831.31137,22283.80561,21979.26511,-300.4609224,-37.53271175,-262.9282106
2022/7/14,20587.5358,22082.48072,21726.22341,-398.3997553,-109.7061205,-288.6936349
2022/7/13,20187.1528,21854.06443,21446.39239,-502.5316757,-188.2712315,-314.2604442
2022/7/12,19313.26076,21515.282,21058.55028,-648.1018422,-280.2373536,-367.8644885
2022/7/11,19992.29457,21196.50271,20864.6856,-700.5988274,-364.3096484,-336.289179
2022/7/10,20857.65584,20957.81088,20863.40747,-664.7132438,-424.3903675,-240.3228763
2022/7/9,21592.74175,20776.35054,20996.0137,-570.3833464,-453.5889633,-116.7943831
2022/7/8,21801.08221,20712.4551,21142.38979,-473.3583094,-457.5428325,-15.81547695
2022/7/7,21647.16593,20800.23147,21234.16727,-404.2253675,-446.8793395,42.65397203
2022/7/6,20557.53555,20736.77366,21111.14332,-432.3769062,-443.9788528,11.60194663
2022/7/5,20185.96233,20672.23875,20942.92859,-479.1467515,-451.0124326,-28.13431897
2022/7/4,20255.6454,20639.04971,20817.96801,-504.7706674,-461.7640795,-43.00658784
2022/7/3,19310.0755,20551.34198,20543.80574,-594.5240901,-488.3160816,-106.2080085
2022/7/2,19246.50949,20544.66686,20307.93369,-663.139313,-523.2807279,-139.858585
2022/7/1,19336.10444,20479.04784,20131.23747,-702.1933596,-559.0632543,-143.1301054
2022/6/30,19816.74636,20374.95689,20074.05726,-686.4472504,-584.5400535,-101.9071969
2022/6/29,20101.12,20225.79472,20078.97776,-643.6027177,-596.3525863,-47.25013135
2022/6/28,20293.4508,20075.03158,20117.97286,-587.357932,-594.5536555,7.195723437
2022/6/27,20732.9834,19983.61333,20229.79296,-501.5355372,-575.9500318,74.4144946
2022/6/26,21029.2163,20030.7814,20375.14266,-404.94915,-541.7498554,136.8007055
2022/6/25,21499.97104,20162.18227,20579.65691,-287.108165,-490.8215173,203.7133524
2022/6/24,21279.53233,20264.57097,20706.90698,-209.0955732,-434.4763285,225.3807553
2022/6/23,21075.1688,20441.0803,20773.86368,-161.894245,-379.9599118,218.0656668
2022/6/22,19976.05359,20514.03471,20628.8073,-210.7469048,-346.1173104,135.3704056
2022/6/21,20739.94339,20654.4186,20649.01386,-185.683029,-314.0304541,128.3474251
2022/6/20,20672.8011,20740.02407,20653.33881,-169.2861231,-285.0815879,115.7954648
2022/6/19,20554.9027,20785.40234,20635.44134,-163.9153584,-260.848342,96.93298362
2022/6/18,19007.5031,20656.80757,20339.45257,-281.2787973,-264.9344331,-16.34436427
2022/6/17,20468.2145,20630.33068,20362.86383,-253.5007669,-262.6476998,9.146932917
2022/6/16,20383.6889,20565.77794,20366.6502,-235.5912381,-257.2364075,21.64516943
2022/6/15,22490.59073,20664.83991,20752.82121,-50.80281482,-215.9496889,165.1468741
2022/6/14,22209.515,20757.83818,21017.67463,72.13139397,-158.3334724,230.4648663
2022/6/13,22509.0994,20901.23124,21288.84277,191.52383,-88.36201189,279.8858419
2022/6/12,26704.72936,21574.09882,22273.54942,617.5764322,52.82567693,564.7507553
2022/6/11,28399.9749,22340.10197,23387.44496,1079.573683,258.1752782,821.398405
2022/6/10,29082.53195,23181.07505,24422.91532,1483.683503,503.2769231,980.4065797
2022/6/9,30111.70675,24136.75546,25457.24104,1865.4851,775.7185586,1089.766542
2022/6/8,30204.54858,25256.46001,26320.38786,2150.764503,1050.727747,1100.036755
2022/6/7,31193.0692,26328.94548,27206.32992,2428.620215,1326.306241,1102.313974
2022/6/6,31367.4226,27427.31885,27962.89223,2632.545386,1587.55407,1044.991316
2022/6/5,29909.21037,28169.18081,28316.76826,2645.990681,1799.241392,846.7492884
2022/6/4,29840.07522,28932.23683,28593.73316,2620.855948,1963.564303,657.2916444
2022/6/3,29717.55805,29653.0827,28798.06496,2561.52274,2083.155991,478.366749
2022/6/2,30441.46505,30026.75627,29096.86497,2543.593033,2175.243399,368.3496337
2022/6/1,29789.42113,30165.70089,29222.78427,2448.543827,2229.903485,218.6403425
2022/5/31,31852.83438,30442.73113,29700.9752,2510.774209,2286.077629,224.6965797
2022/5/30,31720.0295,30603.56341,30068.07598,2520.323273,2332.926758,187.3965151
2022/5/29,29445.7241,30527.68096,29954.9211,2317.657029,2329.872812,-12.21578312
2022/5/28,29047.06027,30313.08007,29789.85549,2100.658646,2284.029979,-183.371333
2022/5/27,28606.47447,30036.98525,29574.69531,1871.560093,2201.536002,-329.9759092
2022/5/26,29353.61926,29981.42614,29534.49966,1730.339898,2107.296781,-376.9568833
2022/5/25,29557.53374,29953.172,29538.68768,1616.245003,2009.086426,-392.8414222
2022/5/24,29674.1123,29948.82742,29563.31033,1517.735385,1910.816217,-393.0808328
2022/5/23,29114.08113,29816.08903,29481.6323,1378.584503,1804.369874,-425.7853715
2022/5/22,30366.04222,29873.75114,29642.4341,1353.724332,1714.240766,-360.5164338
2022/5/21,29449.98556,29633.46626,29607.44346,1245.744187,1620.54145,-374.7972628
2022/5/20,29234.03291,29384.8666,29539.55063,1129.720852,1522.377331,-392.6564786
2022/5/19,30376.33148,29477.92733,29691.6926,1117.068599,1441.315584,-324.2469852
2022/5/18,28760.1539,29449.2367,29522.32193,965.4998923,1346.152446,-380.6525536
2022/5/17,30452.62433,29633.85168,29691.46782,970.7585192,1271.073661,-300.3151414
2022/5/16,29880.54816,29686.54457,29725.84606,918.1800454,1200.494938,-282.3148921
2022/5/15,31333.76562,29864.16776,30018.19507,982.4486728,1156.885685,-174.4370118
2022/5/14,30123.7756,29909.13409,30037.39153,925.0821696,1110.524982,-185.442812
2022/5/13,29250.004,29922.72638,29894.23016,799.8920788,1048.398401,-248.5063222
2022/5/12,29130.0386,29799.12602,29755.28624,683.1232056,975.343362,-292.2201563
2022/5/11,28984.5358,29752.58104,29615.1498,572.2456804,894.7238257,-322.4781452
2022/5/10,31024.7033,29931.64808,29871.43225,641.6029108,844.0996427,-202.4967319
2022/5/9,30363.86562,29930.40149,29960.96559,635.9145107,802.4626163,-166.5481056
2022/5/8,33933.54281,30447.74038,30683.25236,908.9714718,823.7643874,85.2070844
2022/5/7,35552.564,30957.73435,31568.58175,1241.699027,907.3513152,334.3477114
2022/5/6,36033.0634,31572.98587,32380.30569,1526.563028,1031.193658,495.3693706
2022/5/5,36568.7596,32096.48527,33141.84276,1775.083946,1179.971715,595.1122304
2022/5/4,39699.03396,33054.01111,34334.05934,2199.273685,1383.832109,815.441576
2022/5/3,37732.29975,33902.24068,34951.92123,2349.662648,1576.998217,772.6644306
2022/5/2,38503.90959,34839.62778,35597.7373,2502.264897,1762.051553,740.213344
2022/5/1,38467.094,35787.8836,36119.43852,2590.372369,1927.715716,662.6566524
2022/4/30,37660.45292,36451.45856,36399.62295,2565.535089,2055.279591,510.2554985
2022/4/29,38592.00442,37274.27245,36798.23777,2591.150616,2162.453796,428.69682
2022/4/28,39749.9386,37855.91202,37334.91065,2674.061796,2264.775396,409.2864004
2022/4/27,39248.43928,38225.49955,37682.82494,2668.541416,2345.5286,323.0128162
2022/4/26,38026.74626,38424.86784,37745.35609,2536.34861,2383.692602,152.656008
2022/4/25,40475.27521,38815.5194,38241.70502,2599.198737,2426.793829,172.4049082
2022/4/24,39479.99697,38793.6157,38466.84901,2539.424376,2449.319938,90.10443769
2022/4/23,39419.5301,38962.33874,38640.06376,2458.829735,2451.221898,7.607836959
2022/4/22,39757.5541,39087.70319,38843.24382,2394.629811,2439.90348,-45.27366969
2022/4/21,40528.7777,39293.87156,39149.70452,2378.563607,2427.635506,-49.07189885
2022/4/20,41363.50366,39664.17663,39552.21346,2405.457813,2423.199967,-17.74215387
2022/4/19,41504.4185,39955.41804,39907.15983,2410.357218,2420.631417,-10.27419954
2022/4/18,40826.6711,40063.09129,40074.3437,2332.662004,2403.037535,-70.37553023
2022/4/17,39678.0001,40106.04737,40002.28122,2153.574769,2353.144982,-199.5702126
2022/4/16,40386.5108,40342.02382,40072.14115,2045.241466,2291.564278,-246.3228122
2022/4/15,40558.127,40350.309,40160.50221,1950.747533,2223.400929,-272.6533962
2022/4/14,39909.71687,40393.28099,40114.90488,1802.758059,2139.272355,-336.5142964
2022/4/13,41160.0481,40567.33279,40304.93092,1766.009161,2064.619716,-298.6105553
2022/4/12,40169.21512,40608.4989,40280.25532,1638.051022,1979.305978,-341.2549557
2022/4/11,39456.93304,40501.31443,40130.56036,1462.311447,1875.907072,-413.5956242
2022/4/10,42242.7841,40589.24247,40514.60104,1530.192361,1806.76413,-276.5717681
2022/4/9,42788.71116,40717.67174,40928.07561,1609.487062,1767.308716,-157.8216544
2022/4/8,42283.4292,40863.34755,41174.50353,1612.963413,1736.439655,-123.4762425
2022/4/7,43480.17472,41243.56501,41593.71648,1692.77258,1727.70624,-34.93366063
2022/4/6,43138.51947,41518.76588,41874.58975,1708.755723,1723.916137,-15.16041349
2022/4/5,45573.53741,42020.30692,42547.12569,1896.051575,1758.343224,137.7083509
2022/4/4,46605.60297,42689.89553,43285.03065,2103.51593,1827.377766,276.1381647
2022/4/3,46430.69671,43216.96039,43856.96993,2228.134901,1907.529193,320.6057084
2022/4/2,45845.95756,43784.63464,44218.60405,2253.733138,1976.769982,276.9631561
2022/4/1,46231.00476,44462.04181,44584.49509,2278.821184,2037.180222,241.6409616
2022/3/31,45540.82639,44791.84604,44758.3735,2217.450624,2073.234302,144.2163213
2022/3/30,47100.45937,45223.02086,45184.2073,2268.51335,2112.290112,156.2232384
2022/3/29,47498.66565,45744.5445,45605.01791,2314.433499,2152.71879,161.7147099
2022/3/28,46888.22115,46085.34914,45838.32759,2275.339086,2177.242849,98.09623729
2022/3/27,46842.71955,46455.76915,46020.94431,2215.150013,2184.824282,30.32573114
2022/3/26,44533.21742,46351.73715,45750.44851,1958.515668,2139.562559,-181.0468907
2022/3/25,44365.18255,46127.69511,45498.58197,1721.725116,2055.99507,-334.2699542
2022/3/24,43948.89113,45879.51455,45216.82,1483.376221,1941.471301,-458.0950795
2022/3/23,42925.97798,45587.51659,44800.30327,1198.131152,1792.803271,-594.6721185
2022/3/22,42376.74422,45202.09054,44359.65617,917.1811131,1617.678839,-700.4977263
2022/3/21,41051.83346,44753.19125,43758.23386,580.9204676,1410.327165,-829.4066974
2022/3/20,41252.05199,44168.35051,43302.56443,326.8200672,1193.625745,-866.8056782
2022/3/19,42166.22954,43635.1069,43095.95808,196.9399565,994.2885877,-797.3486312
2022/3/18,41767.09817,43122.9946,42854.34719,61.09816497,807.6505031,-746.5523382
2022/3/17,40958.22516,42534.54516,42509.59773,-110.5523464,624.0099332,-734.5622796
2022/3/16,41147.27989,42195.95141,42261.90358,-228.6952207,453.4689024,-682.1641232
2022/3/15,39302.01679,41689.63483,41723.74234,-465.8515637,269.6048092,-735.4563729
2022/3/14,39599.02437,41254.64815,41337.42998,-622.6560532,91.15263673,-713.80869
2022/3/13,37824.35153,40744.48551,40698.68845,-879.9821208,-103.0743148,-776.907806
2022/3/12,38875.98605,40394.40969,40367.28801,-987.6715047,-279.9937528,-707.6777519
2022/3/11,38770.04591,40166.23094,40076.88036,-1069.239078,-437.8428178,-631.3962603
2022/3/10,39461.35102,39987.16084,39964.96593,-1065.81339,-563.4369323,-502.3764578
2022/3/9,41955.06532,39966.04442,40326.80218,-852.0546488,-621.1604756,-230.8941732
2022/3/8,38724.82009,39661.81661,40035.53271,-932.5532069,-683.4390218,-249.1141851
2022/3/7,37991.87947,39365.18204,39663.9594,-1043.462688,-755.4437551,-288.018933
2022/3/6,38385.18525,39088.97258,39431.455,-1087.091448,-821.7732938,-265.3181547
2022/3/5,39409.21247,39099.69215,39427.41091,-1027.196238,-862.8578826,-164.3383554
2022/3/4,39120.0424,39051.79395,39371.52572,-991.6315489,-888.6126159,-103.018933
2022/3/3,42450.88343,39514.44714,39931.40894,-686.7587153,-848.2418357,161.4831205
2022/3/2,43938.47684,40020.69622,40659.96674,-321.4035026,-742.8741691,421.4706665
2022/3/1,44359.8712,40579.67875,41332.67664,2.121681055,-593.8749991,595.9966801
2022/2/28,43181.1437,40951.65802,41668.76156,161.542105,-442.7915783,604.3336832
2022/2/27,37714.48389,40527.59987,40949.80199,-151.4836118,-384.529985,233.0463732
2022/2/26,39033.5353,40558.4714,40601.38986,-289.781897,-365.5803674,75.79847034
2022/2/25,39219.47676,40681.23112,40350.13293,-379.9999599,-368.4642859,-11.53567401
2022/2/24,38296.16593,40672.32919,39976.68439,-520.0075687,-398.7729425,-121.2346262
2022/2/23,37287.48634,40460.15658,39487.73929,-704.238596,-459.8660732,-244.3725228
2022/2/22,38302.8439,40378.43673,39272.30376,-759.5564491,-519.8041483,-239.7523007
2022/2/21,37003.15356,39833.66374,38859.731,-897.9197351,-595.4272657,-302.4924694
2022/2/20,38464.8528,39286.30134,38787.93496,-879.4885271,-652.239518,-227.2490091
2022/2/19,40112.55953,38861.57017,39028.77579,-723.5844679,-666.508508,-57.07595995
2022/2/18,39976.23595,38541.07939,39201.04128,-604.0662516,-654.0200567,49.95380513
2022/2/17,40491.0412,38818.73513,39435.58672,-462.475592,-615.7111637,153.2355718
2022/2/16,43997.7116,39315.15276,40265.06397,-66.53797106,-505.8765252,439.3385542
2022/2/15,44602.5315,39853.45823,41053.69443,292.6755755,-346.1661051,638.8416806
2022/2/14,42594.9419,40283.33583,41333.92124,410.6257586,-194.8077323,605.4334909
2022/2/13,42235.5136,40778.13855,41497.84712,469.6850317,-61.90917953,531.5942112
2022/2/12,42126.3511,41160.48927,41612.12057,501.8958863,50.85183364,451.0440527
2022/2/11,42377.6527,41697.93919,41751.30823,541.4595509,148.9733771,392.4861738
2022/2/10,43524.37792,42203.8917,42073.68454,657.7629005,250.7312818,407.0316188
2022/2/9,44283.9142,42621.02717,42475.54448,801.9776737,360.9805602,440.9971135
2022/2/8,44082.39258,43031.64283,42767.69868,889.7513107,466.7347103,423.0166005
2022/2/7,43905.99798,43373.13851,42974.66219,934.3088493,560.2495381,374.0593112
2022/2/6,42388.07234,43212.17458,42868.00949,837.4831226,615.696255,221.7868676
2022/2/5,41360.0538,42887.92681,42593.83573,670.0713662,626.5712772,43.50008894
2022/2/4,41653.56036,42793.78866,42422.87657,554.6857968,612.1941811,-57.50838435
2022/2/3,37027.78,42273.0153,41441.94992,88.95467199,507.5462793,-418.5916073
2022/2/2,36835.9015,41743.97034,40604.48657,-292.2546614,347.5860912,-639.8407526
2022/2/1,38761.9683,41382.4019,40269.48325,-433.9460506,191.2796628,-625.2257134
2022/1/31,38472.00624,40877.16473,39942.66925,-563.1434456,40.39504113,-603.5384867
2022/1/30,37937.339,40242.50721,39578.06375,-700.6004041,-107.8040479,-592.7963562
2022/1/29,38131.8236,39647.45031,39315.11099,-784.7961112,-243.2024606,-541.5936506
2022/1/28,37784.7229,39035.3228,39036.85861,-869.5068081,-368.4633301,-501.043478
2022/1/27,37201.84235,38516.6998,38703.21929,-972.4642721,-489.2635185,-483.2007537
2022/1/26,36775.5295,38058.24737,38352.73024,-1076.0546,-606.6217348,-469.4328654
2022/1/25,36948.63103,37587.75444,38097.43947,-1131.143715,-711.5261308,-419.6175838
2022/1/24,36705.9179,37555.56823,37844.43555,-1180.775906,-805.3760858,-375.3998201
2022/1/23,36231.1426,37495.09234,37551.10956,-1244.079203,-893.1167093,-350.962494
2022/1/22,35015.93463,37120.48897,37090.16866,-1376.43793,-989.7809535,-386.6569766
2022/1/21,36400.668,36913.35515,36964.80491,-1353.988824,-1062.622528,-291.3662965
2022/1/20,40673.94412,37187.01566,37639.19385,-980.082298,-1046.114482,66.03218364
2022/1/19,41676.49878,37541.48318,38373.24929,-595.9906901,-956.0897234,360.0990333
2022/1/18,42352.1359,37998.22448,39096.68322,-234.3753215,-811.746843,577.3715215
2022/1/17,42199.00911,38497.94116,39660.74247,39.39726411,-641.5180216,680.9152857
2022/1/16,43104.67713,39130.85592,40286.91241,325.6895046,-448.0765163,773.766021
2022/1/15,43145.30763,39750.52358,40806.62063,549.5221606,-248.5567809,798.0789415
2022/1/14,43068.72658,40386.80445,41217.91262,712.5182356,-56.34177763,768.8600133
2022/1/13,42580.3303,41021.72322,41465.62493,793.1414603,113.55487,679.5865903
2022/1/12,43900.027,41910.13245,41908.24349,952.5441057,281.3527171,671.1913886
2022/1/11,42674.2972,42537.49537,42047.52598,968.7979994,418.8417736,549.9562258
2022/1/10,41786.2184,42648.7228,42000.01551,899.6482055,515.0030599,384.6451455
2022/1/9,41880.90095,42669.16302,41978.35832,842.7716395,580.5567759,262.2148636
2022/1/8,41752.93,42609.24243,41937.37135,778.3974832,620.1249173,158.2725658
2022/1/7,41512.9242,42540.63394,41860.19914,699.9455022,636.0890343,63.85646788
2022/1/6,43119.06386,42542.07261,42089.08364,758.628789,660.5969852,98.03180376
2022/1/5,43529.7281,42580.51466,42351.01899,828.7199214,694.2215724,134.4983489
2022/1/4,45884.45966,42862.08797,42993.46275,1062.032358,767.7837296,294.2486288
2022/1/3,46424.346,43246.48954,43617.25971,1275.791926,869.3853689,406.4065572
2022/1/2,47313.6322,43587.85006,44289.32743,1499.668641,995.4420234,504.2266179
2022/1/1,47544.4994,44074.87028,44881.17688,1676.397142,1131.633047,544.7640948
2021/12/31,46304.94959,44526.7434,45140.04465,1696.873935,1244.681225,452.1927104
2021/12/30,47161.0092,45054.75422,45507.49275,1761.869067,1348.118793,413.7502742
2021/12/29,46408.30267,45520.29149,45671.27637,1732.667934,1425.028621,307.639313
2021/12/28,47637.8884,46132.78791,46028.84219,1788.130661,1497.649029,290.4816318
2021/12/27,50650.17144,46885.89867,46869.08388,2051.502891,1608.419802,443.0830889
2021/12/26,50799.97886,47612.92374,47583.79205,2246.420153,1736.019872,510.4002811
2021/12/25,50629.98124,48087.4759,48137.64463,2359.971815,1860.81026,499.1615541
2021/12/24,50771.9277,48522.23407,48616.60519,2433.36589,1975.321386,458.0445038
2021/12/23,50795.70373,48870.44122,49012.80493,2465.034369,2073.263983,391.7703862
2021/12/22,48648.50605,48980.84189,48946.56877,2290.467871,2116.704761,173.7631102
2021/12/21,48938.9095,49244.23788,48945.17617,2150.763136,2123.516436,27.24670049
2021/12/20,46878.42809,49215.97977,48569.40379,1852.428851,2069.298919,-216.8700676
2021/12/19,46686.4963,49243.79913,48227.05698,1582.270065,1971.893148,-389.6230829
2021/12/18,46871.01844,49167.11214,47980.50452,1367.295346,1850.973588,-483.6782416
2021/12/17,46305.32715,48732.62771,47675.92681,1138.159775,1708.410825,-570.2510499
2021/12/16,47709.1644,48423.54626,47681.97001,1057.65414,1578.259488,-520.6053484
2021/12/15,48787.2417,48239.27231,47882.9285,1068.527353,1476.313061,-407.7857076
2021/12/14,48395.29567,48001.6091,47976.08617,1033.602953,1387.77104,-354.1680862
2021/12/13,46745.6254,47596.60127,47752.36603,862.8639522,1282.789622,-419.9256699
2021/12/12,50116.99176,47743.44984,48182.29798,988.2017785,1223.872053,-235.6702749
2021/12/11,49286.36663,47778.19555,48383.03773,1008.878677,1180.873378,-171.9947011
2021/12/10,47092.3307,47799.58582,48148.36373,838.5585242,1112.410407,-273.8518831
2021/12/9,47834.99429,47914.43562,48091.38747,754.804406,1040.889207,-286.0848011
2021/12/8,50471.21696,48274.45547,48524.08374,890.8802876,1010.887423,-120.0071356
2021/12/7,50559.94761,48699.91751,48894.24081,994.4181926,1007.593577,-13.17538442
2021/12/6,50453.04698,48974.30577,49177.66011,1055.677547,1017.210371,38.46717601
2021/12/5,49217.9124,49017.37284,49184.97871,993.1130001,1012.390897,-19.27789678
2021/12/4,49014.11288,49079.25456,49153.91219,916.5201536,993.2167482,-76.69659459
2021/12/3,53708.6772,49775.55974,49982.05129,1220.561999,1038.685798,181.8762006
2021/12/2,56405.66892,50404.42746,51149.98176,1660.006522,1162.949943,497.056579
2021/12/1,57173.0795,51193.09874,52245.09044,2046.601149,1339.680184,706.9209646
2021/11/30,57030.12565,52186.87824,53115.09685,2314.761861,1534.69652,780.0653416
2021/11/29,57876.49424,53191.02823,53980.80546,2565.996815,1740.956579,825.0402365
2021/11/28,57158.66834,53859.77337,54558.59871,2676.328724,1928.031008,748.2977162
2021/11/27,54487.45022,54252.52363,54545.66262,2519.183005,2046.261407,472.9215978
2021/11/26,53663.60159,54573.57909,54385.28789,2301.634383,2097.336002,204.2983807
2021/11/25,58907.05076,55542.49293,55207.42659,2523.241699,2182.517142,340.7245576
2021/11/24,57103.4606,56351.4277,55552.16005,2524.234636,2250.860641,273.3739954
2021/11/23,57672.52894,56747.81288,55937.68167,2541.642137,2309.01694,232.6251967
2021/11/22,56369.5245,56744.19843,56016.19855,2422.372534,2331.688059,90.68447567
2021/11/21,58681.09231,56894.99972,56500.72468,2485.720876,2362.494622,123.226254
2021/11/20,59815.37361,57173.52451,57103.38813,2597.509443,2409.497586,188.0118565
2021/11/19,58046.88915,57190.564,57274.93377,2514.416147,2430.481298,83.93484832
2021/11/18,56749.2716,57149.62433,57179.35883,2317.146596,2407.814358,-90.66776194
2021/11/17,60338.9249,57734.7718,57753.82539,2422.538561,2410.759199,11.77936209
2021/11/16,60189.9985,58387.41149,58196.76595,2465.623167,2421.731992,43.89117471
2021/11/15,63715.76978,58868.28339,59200.22119,2752.53875,2487.893344,264.6454065
2021/11/14,65255.04686,59683.44201,60301.09859,3068.753533,2604.065382,464.6881516
2021/11/13,64471.04362,60363.29348,61059.27041,3218.987039,2727.049713,491.9373256
2021/11/12,64315.36364,61157.8774,61651.28736,3287.588823,2839.157535,448.431288
2021/11/11,64800.36102,61769.80427,62223.84621,3342.56051,2939.83813,402.7223798
2021/11/10,64871.25216,62275.39212,62705.19274,3353.192772,3022.509058,330.6837133
2021/11/9,66913.3364,63162.03685,63470.30977,3486.211175,3115.249482,370.9616934
2021/11/8,67500.02474,64237.11216,64202.98522,3597.50032,3211.699649,385.8006704
2021/11/7,63180.13308,64521.23298,64017.0121,3299.088773,3229.177474,69.91129874
2021/11/6,61416.30848,64643.86398,63544.1569,2886.990142,3160.740008,-273.7498653
2021/11/5,61026.01799,64374.8888,63086.31346,2500.086388,3028.609284,-528.5228954
2021/11/4,61367.93383,63986.1775,62773.8808,2195.740991,2862.035625,-666.2946341
2021/11/3,62941.48199,63833.22133,62804.35375,2057.796263,2701.187753,-643.3914901
2021/11/2,63175.51239,63719.23621,62871.83713,1944.93833,2549.937868,-604.9995381
2021/11/1,61065.03107,63345.70321,62543.32694,1665.99485,2373.149265,-707.1544148
2021/10/31,61339.97564,62992.57556,62324.5358,1450.396592,2188.59873,-738.2021382
2021/10/30,61661.28735,62467.37066,62203.94517,1290.583545,2008.995693,-718.4121478
2021/10/29,62220.29366,61939.39755,62206.91762,1195.259485,1846.248451,-650.9889668
2021/10/28,60438.74647,61665.25889,61885.43196,964.836476,1669.966056,-705.1295803
2021/10/27,58681.0152,61391.72956,61302.81073,633.0924622,1462.591337,-829.4988753
2021/10/26,60396.4959,61328.77735,61138.02622,502.8117954,1270.635429,-767.8236337
2021/10/25,62989.5447,61490.93844,61474.66594,601.8628946,1136.880922,-535.0180275
2021/10/24,60849.6164,61281.75188,61361.02057,501.9016647,1009.885071,-507.983406
2021/10/23,61238.6222,61088.06286,61338.76632,448.8965864,897.6873738,-448.7907874
2021/10/22,60694.00001,61050.95975,61221.53608,358.8071156,789.9113222,-431.1042066
2021/10/21,62298.09301,61146.77149,61417.2737,412.0970617,714.3484701,-302.2514084
2021/10/20,65986.30294,61579.27305,62248.00629,743.3683578,720.1524476,23.21591022
2021/10/19,64217.0839,61778.95207,62606.0204,853.3056797,746.783094,106.5225857
2021/10/18,61953.2331,61930.40073,62487.3318,749.1225412,747.2509835,1.871557749
2021/10/17,61582.25155,62220.52437,62322.77176,629.3665966,723.6741061,-94.30750953
2021/10/16,60860.89184,62266.96396,62056.97541,470.8240803,673.1041009,-202.2800206
2021/10/15,61526.33413,62120.64291,61960.49518,394.3280575,617.3488922,-223.0208347
2021/10/14,57351.73842,61770.85511,61122.5394,-3.114673147,493.2561792,-496.3708523
2021/10/13,57357.6067,61382.75356,60438.00618,-313.9978082,331.8053817,-645.8031899
2021/10/12,56035.85825,60916.93938,59637.61565,-659.4275158,133.5588022,-792.986318
2021/10/11,57399.22647,60427.05273,59230.6358,-813.7897651,-55.91091126,-757.8788538
2021/10/10,54689.5713,59297.37957,58404.98771,-1141.60972,-273.0506731,-868.5590472
2021/10/9,55102.17221,58385.8884,57804.4758,-1352.524886,-488.9455157,-863.5793704
2021/10/8,53892.9323,57579.85832,57093.28607,-1598.822005,-710.9208135,-887.9011912
2021/10/7,53809.13817,56802.54698,56496.16827,-1780.254071,-924.7874649,-855.4666059
2021/10/6,55385.44519,56255.00232,56294.21862,-1776.368616,-1095.103695,-681.2649208
2021/10/5,51545.04937,55256.87384,55430.7333,-2059.437301,-1287.970416,-771.4668848
2021/10/4,49176.7613,54439.37613,54293.64748,-2446.668655,-1519.710064,-926.9585907
2021/10/3,48144.1454,53518.03,53175.5562,-2804.546697,-1776.677391,-1027.869306
2021/10/2,47710.5155,52685.49572,52181.91243,-3087.566389,-2038.85519,-1048.711199
2021/10/1,48080.37284,51753.61036,51436.17796,-3244.615234,-2280.007199,-964.6080347
2021/9/30,43797.5922,50664.41245,50047.34419,-3672.329847,-2558.471729,-1113.858118
2021/9/29,41543.6399,49308.55922,48501.21613,-4145.386438,-2875.85467,-1269.531768
2021/9/28,40909.3105,48010.19704,47120.86966,-4519.375726,-3204.558882,-1314.816844
2021/9/27,42278.30996,46857.11422,46240.40426,-4651.676485,-3493.982402,-1157.694083
2021/9/26,43209.8655,45639.55625,45689.39721,-4628.008245,-3720.787571,-907.2206739
2021/9/25,42718.93784,44756.94509,45149.31369,-4595.886237,-3895.807304,-700.0789332
2021/9/24,42748.0353,44114.07249,44712.71762,-4516.023486,-4019.85054,-496.1729452
2021/9/23,44844.228,43784.08075,44736.6286,-4234.770647,-4062.834562,-171.9360855
2021/9/22,43579.97298,43371.0265,44526.32757,-4067.008617,-4063.669373,-3.339244563
2021/9/21,40538.4344,42616.83266,43801.25609,-4131.853311,-4077.30616,-54.54715058
2021/9/20,42966.0101,42533.67445,43649.39318,-3941.918148,-4050.228558,108.3104097
2021/9/19,47201.5018,43099.46064,44295.23111,-3410.312422,-3922.245331,511.9329087
2021/9/18,48210.7774,43829.60733,45007.14862,-2874.436236,-3712.683512,838.2472756
2021/9/17,47197.5518,44321.53151,45405.40374,-2502.660227,-3470.678855,968.0186279
2021/9/16,47816.2504,44782.17,45843.7395,-2133.507508,-3203.244586,1069.737077
2021/9/15,48092.9703,45319.57325,46252.69055,-1797.897295,-2922.175128,1124.277832
2021/9/14,47012.9104,45746.06076,46390.91234,-1600.624587,-2657.865019,1057.240433
2021/9/13,44990.02141,45760.6401,46136.2049,-1589.195523,-2444.13112,854.9355973
2021/9/12,46058.0015,46008.44295,46121.9861,-1476.935645,-2250.692025,773.7563802
2021/9/11,45096.0509,46464.2046,45935.45243,-1448.888374,-2090.331295,641.4429212
2021/9/10,44833.0831,46650.9119,45735.02164,-1431.379956,-1958.541027,527.1610713
2021/9/9,46319.9526,46562.75698,45841.37272,-1282.739839,-1823.380789,540.64095
2021/9/8,45972.9463,46338.97387,45865.29519,-1179.347204,-1694.574072,515.226868
2021/9/7,46881.9971,46307.4184,46050.15009,-1012.384852,-1558.136228,545.7513767
2021/9/6,52639.2443,46789.71779,47248.16722,-410.7691592,-1328.662814,917.8936553
2021/9/5,51698.7267,47150.29343,48057.35985,-9.763748229,-1064.883001,1055.119253
2021/9/4,49974.09728,47446.41212,48405.85756,166.948272,-818.5167466,985.4650186
2021/9/3,49987.63657,47946.17363,48693.45375,304.5753737,-593.8983225,898.4736962
2021/9/2,49318.558,48272.22928,48807.10906,355.5581417,-404.0070297,759.5651714
2021/9/1,48744.6322,48637.08741,48795.74963,345.6667064,-254.0722825,599.7389889
2021/8/31,47225.2696,48876.30606,48510.20781,212.7750702,-160.7028119,373.4778821
2021/8/30,47020.6765,48946.37845,48239.38394,89.91208716,-110.5798321,200.4919193
2021/8/29,48876.7643,49236.76025,48355.27127,140.6912601,-60.32561366,201.0168738
2021/8/28,48864.0249,49434.96303,48447.77193,177.8559448,-12.68930196,190.5452468
2021/8/27,49005.9495,49071.63355,48549.25876,216.2683474,33.10222792,183.1661195
2021/8/26,47130.6185,48614.82273,48291.32417,94.29988398,45.34175913,48.95812484
2021/8/25,48939.9658,48511.40959,48409.25901,142.0013011,64.67366753,77.32763358
2021/8/24,47734.0314,48286.04907,48286.49036,81.55606266,68.05014655,13.50591611
2021/8/23,49486.4032,48302.83359,48504.65633,173.0596113,89.05203951,84.00757181
2021/8/22,49223.94712,48350.76508,48635.43647,221.8415691,115.6099454,106.2316237
2021/8/21,49000.4242,48528.28054,48701.79788,239.7020545,140.4283672,99.27368725
2021/8/20,49270.61315,48753.27421,48805.21883,272.5171992,166.8461336,105.6710656
2021/8/19,46666.8683,48532.28461,48416.42783,87.41531963,150.9599708,-63.54465121
2021/8/18,44856.0324,48131.48536,47769.08321,-203.0578524,80.1564062,-283.2142586
2021/8/17,44569.5598,47687.84639,47187.35168,-451.1750139,-26.10987781,-425.065136
2021/8/16,45906.7425,47565.45879,46954.51364,-533.7573607,-127.6393744,-406.1179863
2021/8/15,47057.4919,47377.2114,46973.23696,-500.5782518,-202.2271499,-298.3511019
2021/8/14,47053.5097,47309.15923,46987.83201,-469.1962963,-255.6209792,-213.5753171
2021/8/13,47799.97212,47140.51612,47135.49385,-379.7154681,-280.4398769,-99.27559114
2021/8/12,44434.3365,46661.55506,46644.37433,-573.7659175,-339.105085,-234.6608324
2021/8/11,45670.172,46328.52984,46467.24663,-620.6759343,-395.4192549,-225.2566794
2021/8/10,45543.91666,45955.86019,46299.36846,-660.4272172,-448.4208473,-212.0063698
2021/8/9,46265.47428,45915.72079,46293.20588,-626.4849972,-484.0336773,-142.4513199
2021/8/8,43780.2388,45808.14143,45836.30277,-791.0050621,-545.4279543,-245.5771078
2021/8/7,44665.77153,45817.7626,45623.47891,-840.2474584,-604.3918551,-235.8556033
2021/8/6,42792.7879,45506.36714,45108.80782,-1018.664013,-687.2462868,-331.4177267
2021/8/5,40849.95098,44885.61305,44334.47021,-1301.824499,-810.1619292,-491.6625696
2021/8/4,39772.4717,44157.50925,43505.01594,-1594.791039,-967.087751,-627.7032875
2021/8/3,38255.05,43203.01704,42550.47668,-1927.196856,-1159.109572,-768.0872837
2021/8/2,39153.01029,42674.88442,41932.75552,-2094.034246,-1346.094507,-747.9397393
2021/8/1,40120.70072,42119.93729,41603.29101,-2123.688986,-1501.613403,-622.0755831
2021/7/31,41700.99674,41735.6453,41621.05569,-1996.657672,-1600.622256,-396.0354152
2021/7/30,42094.78,41318.57587,41707.18738,-1842.96487,-1649.090779,-193.8740909
2021/7/29,39993.53,40939.90499,41395.61331,-1869.168916,-1693.106406,-176.0625095
2021/7/28,39999.97,40473.32483,41141.85998,-1867.884349,-1728.061995,-139.8223539
2021/7/27,39184.61,40112.50704,40785.99635,-1910.634453,-1764.576487,-146.0579667
2021/7/26,37211.42,39748.65395,40136.07338,-2079.759983,-1827.613186,-252.1467971
2021/7/25,35227.35,39294.14178,39243.57822,-2346.838162,-1931.458181,-415.3799806
2021/7/24,34211.77,38889.81378,38328.704,-2610.357781,-2067.238101,-543.1196802
2021/7/23,33506.09382,38325.12213,37451.86578,-2843.364612,-2222.463403,-620.9012085
2021/7/22,32338.55,37546.90706,36522.172,-3086.654204,-2395.301563,-691.3526402
2021/7/21,32142.94,36591.10138,35725.948,-3257.694377,-2567.780126,-689.914251
2021/7/20,29759.93,35357.61638,34641.21746,-3544.673153,-2763.158731,-781.5144213
2021/7/19,30851.95,34443.45838,33952.25974,-3642.006232,-2938.928231,-703.0780001
2021/7/18,31813,33624.76138,33563.30342,-3600.09504,-3071.161593,-528.9334468
2021/7/17,31570.17,32863.31738,33200.91553,-3545.602966,-3166.049868,-379.5530986
2021/7/16,31385.55,32280.73038,32870.84907,-3477.231536,-3228.286201,-248.9453344
2021/7/15,31641.44705,31922.14009,32647.32143,-3363.624166,-3255.353794,-108.2703717
2021/7/14,32776.13963,31778.57705,32670.74292,-3145.766856,-3233.436407,87.6695505
2021/7/13,32567.57251,31684.72492,32651.98466,-2955.869568,-3177.923039,222.0534712
2021/7/12,33219.352,31772.80512,32755.14236,-2721.410712,-3086.620574,365.2098615
2021/7/11,34249.77404,31983.48852,33026.89357,-2424.50574,-2954.197607,529.6918669
2021/7/10,33548.81733,32362.37726,33121.7888,-2220.174964,-2807.393078,587.2181143
2021/7/9,33866.19638,32663.80189,33257.13563,-2009.467623,-2647.807987,638.3403645
2021/7/8,32837.96027,32766.29792,33180.92193,-1903.50814,-2498.948018,595.4398774
2021/7/7,33867.46512,32996.02743,33305.74797,-1716.673309,-2342.493076,625.8197673
2021/7/6,34106.80638,33268.15307,33451.39495,-1531.636764,-2180.321814,648.6850497
2021/7/5,33866.54475,33490.66284,33526.87673,-1388.376732,-2021.932797,633.5560653
2021/7/4,35312.38754,33744.28763,33851.51506,-1144.976122,-1846.541462,701.5653399
2021/7/3,34698.30313,33957.36069,34005.47653,-990.216269,-1675.276424,685.0601546
2021/7/2,33846.00709,34020.0262,33976.48209,-925.6705834,-1525.355256,599.6846721
2021/7/1,33628.67,33957.9158,33913.24352,-881.889081,-1396.662021,514.7729396
2021/6/30,35060.42897,34109.07696,34121.8227,-723.3229256,-1261.994202,538.671276
2021/6/29,35840.38647,34306.49597,34434.28884,-528.6283544,-1115.321032,586.6926778
2021/6/28,34439.12,34466.61194,34435.16723,-481.8475584,-988.6263374,506.778779
2021/6/27,34579.03,34537.76843,34461.3241,-428.5438857,-876.6098471,448.0659614
2021/6/26,31858.58,34312.94579,33988.0979,-598.9140124,-821.0706801,222.1566678
2021/6/25,31708.50893,34097.14221,33573.62718,-737.5411315,-804.3647704,66.82363894
2021/6/24,34580.35118,34023.93858,33756.6679,-608.6542661,-765.2226695,156.5684035
2021/6/23,33646.15,33918.72326,33736.57374,-575.2614681,-727.2304293,151.9689611
2021/6/22,32366.97,33770.81955,33487.55488,-644.5861823,-710.7015799,66.11539755
2021/6/21,31606.39,33568.59155,33145.5249,-752.227754,-719.0068147,-33.22093934
2021/6/20,35648.51716,33627.40037,33600.6144,-505.5410322,-676.3136582,170.772626
2021/6/19,35635.38,33606.89973,33970.57178,-307.554787,-602.561884,295.007097
2021/6/18,35577.47,33720.73473,34262.7351,-153.5520617,-512.7599195,359.2078578
2021/6/17,38082.08,34071.03973,34957.16144,168.6531739,-376.4773008,545.1304747
2021/6/16,38290.04332,34714.18606,35563.13996,435.7608661,-214.0296674,649.7905336
2021/6/15,40204.51,35563.78617,36407.02543,792.7883277,-12.66606841,805.4543961
2021/6/14,40499.97,36155.74805,37151.19717,1087.045532,207.2762516,879.7692802
2021/6/13,38990,36690.13305,37485.52495,1184.747495,402.7705003,781.9769945
2021/6/12,35538.3,37007.26605,37131.48405,972.443933,516.7051868,455.7387462
2021/6/11,37200.35,37566.66205,37144.00513,927.6124367,598.8866368,328.7257999
2021/6/10,36870.06,37688.81633,37094.19693,855.5690428,650.223118,205.3459249
2021/6/9,37345.04492,37859.78282,37139.80565,827.2652489,685.6315442,141.6337047
2021/6/8,33369.13806,37638.94963,36454.22973,478.4960282,644.204441,-165.7084127
2021/6/7,33550.00408,37185.74204,35926.1887,214.2189022,558.2073332,-343.988431
2021/6/6,35781.01,36934.83871,35899.79257,182.694915,483.1048496,-300.4099346
2021/6/5,35510.26,36465.41371,35828.96847,134.3163505,413.3471498,-279.0307992
2021/6/4,36908.14,36106.23071,36025.18148,206.394041,371.956528,-165.562487
2021/6/3,39152.71,36122.50171,36593.82303,439.5671143,385.4786453,54.08846901
2021/6/2,37622.43,36330.91471,36780.84248,495.1696405,407.4168443,87.75279616
2021/6/1,36606.39,36271.51871,36749.12384,452.0382905,416.3411336,35.6971569
2021/5/31,37303.75009,36314.88772,36849.96498,468.7243533,426.8177775,41.90657581
2021/5/30,35618.15758,36142.19898,36626,341.9926716,409.8527563,-67.86008473
2021/5/29,34523.41,36257.62618,36243.71091,151.4738241,358.1769699,-206.7031458
2021/5/28,35670.7,36469.69577,36139.52711,92.00243269,304.9420624,-212.9396297
2021/5/27,38479.69228,36739.564,36565.01168,268.4387336,297.6413967,-29.20266308
2021/5/26,39184.76165,37107.01416,37041.32986,459.8580218,330.0847217,129.7733001
2021/5/25,38165.78818,37232.77898,37245.77683,523.3042177,368.7286209,154.5755968
2021/5/24,38619.3971,37179.44769,37495.52597,603.2345223,415.6298012,187.6047211
2021/5/23,34834.68224,36900.67291,37011.7362,357.0689372,403.9176284,-46.84869117
2021/5/22,37555,36995.53391,37110.51144,377.1404061,398.5621839,-21.42177785
2021/5/21,37242.9427,36989.45317,37134.58985,363.67456,391.5846591,-27.9100991
2021/5/20,40389.77811,37466.61523,37726.44226,600.0095611,433.2696395,166.7399216
2021/5/19,36974.61474,37711.7357,37589.74635,505.8999109,447.7956938,58.10421706
2021/5/18,43019.7743,38446.64313,38577.02416,908.6369884,539.9639527,368.6730357
2021/5/17,43590.92217,38957.76612,39488.64198,1259.378552,683.8468725,575.5316792
2021/5/16,46395.05,39678.79495,40744.35253,1743.51529,895.7805559,847.7347336
2021/5/15,46786.61,40540.87714,41842.94479,2134.191135,1143.462672,990.7284632
2021/5/14,49884.92,41667.42943,43305.1221,2663.113565,1447.39285,1215.720715
2021/5/13,49655.62103,43149.52331,44459.75827,3028.870952,1763.688471,1265.182481
2021/5/12,50482.43448,44442.26675,45554.79031,3346.872588,2080.325294,1266.547294
2021/5/11,56721.83384,46390.15587,47585.16186,4055.608034,2475.381842,1580.226192
2021/5/10,55772.28125,47928.40618,49073.72902,4488.919553,2878.089384,1610.830168
2021/5/9,58169.72762,50047.91747,50727.54695,4968.502139,3296.171935,1672.330204
2021/5/8,58711.17203,51617.05724,52179.11515,5330.814521,3703.100452,1627.714069
2021/5/7,57339.55,52991.92003,53117.37603,5444.510334,4051.382429,1393.127905
2021/5/6,56484.49,54000.86402,53729.57857,5403.332633,4321.772469,1081.560164
2021/5/5,57338.36,55056.03903,54385.72065,5377.609447,4532.939865,844.6695822
2021/5/4,53329.38764,55400.48579,54193.6601,4976.368593,4621.625611,354.7429822
2021/5/3,57211.40864,56156.06455,54742.34165,4914.972236,4680.294936,234.6773
2021/5/2,56563.76,56764.1971,55073.50863,4759.194318,4696.074812,63.11950587
2021/5/1,57793.51887,56871.36561,55568.05594,4681.010682,4693.061986,-12.05130415
2021/4/30,57758.64693,57070.00217,55966.34521,4563.629038,4667.175396,-103.5463583
2021/4/29,53610.42906,56614.07232,55537.99682,4088.744227,4551.489163,-462.7449352
2021/4/28,54766.5393,56219.60904,55397.73182,3762.313421,4393.654014,-631.3405935
2021/4/27,54924.0147,55978.05551,55311.60143,3476.249562,4210.173124,-733.9235615
2021/4/26,53954.40657,55725.04717,55064.83873,3135.16242,3995.170983,-860.0085631
2021/4/25,48987.68164,54889.97934,53959.90108,2435.99458,3683.335702,-1247.341123
2021/4/24,50007.71595,54557.81217,53241.32196,1941.823145,3335.033191,-1393.210046
2021/4/23,51020.04115,53938.67542,52837.45272,1613.278041,2990.682161,-1377.40412
2021/4/22,51843.6798,53466.6674,52656.76674,1403.189341,2673.183597,-1269.994256
2021/4/21,53889.33,53076.24851,52880.86915,1385.784942,2415.703866,-1029.918924
2021/4/20,56363.62,52936.74582,53514.09658,1553.735854,2243.310264,-689.5744092
2021/4/19,55653.24487,53141.0274,53903.03263,1610.946834,2116.837578,-505.8907434
2021/4/18,56037.12872,53268.08634,54291.0501,1668.035096,2027.077081,-359.0419852
2021/4/17,60078.27,53783.51187,55343.2719,2016.123665,2024.886398,-8.762733457
2021/4/16,61504.76862,54538.54808,56463.54403,2379.661622,2095.841443,283.820179
2021/4/15,63183.14,55958.09391,57685.28875,2771.253332,2230.923821,540.3295117
2021/4/14,62628.97594,57220.21991,58584.14097,3002.2679,2385.192637,617.0752638
2021/4/13,63528.48,58471.0638,59483.1117,3220.803651,2552.314839,668.4888111
2021/4/12,59940.53,59280.74882,59566.27867,3069.09857,2655.671586,413.4269844
2021/4/11,60018.28649,59893.64446,59648.46191,2921.468628,2708.830994,212.6376337
2021/4/10,59747.4368,60232.02614,59666.45734,2750.90481,2717.245757,33.65905288
2021/4/9,58159.44,60482.64566,59392.45419,2459.24504,2665.645614,-206.4005742
2021/4/8,58019.88,60680.92078,59142.89525,2191.578096,2570.83211,-379.2540139
2021/4/7,56073.47156,60280.44094,58584.81821,1801.62323,2416.990334,-615.3671042
2021/4/6,58093.23833,59939.28791,58495.44005,1636.692713,2260.93081,-624.2380973
2021/4/5,58777.73936,59498.74785,58546.7672,1543.425948,2117.429838,-574.0038893
2021/4/4,58215.19,59057.36925,58486.48043,1407.889065,1975.521683,-567.6326182
2021/4/3,57139.13796,58418.43505,58241.50908,1199.81597,1820.38054,-620.5645705
2021/4/2,58963.3276,58320.71481,58372.74881,1168.642024,1690.032837,-521.3908132
2021/4/1,58755.61518,58194.44768,58442.36088,1114.330483,1574.892366,-460.5618836
2021/3/31,58719.45437,58091.64944,58492.74151,1056.195159,1471.152925,-414.9577656
2021/3/30,58693.94856,58145.10029,58529.32461,996.5764776,1376.237635,-379.6611577
2021/3/29,57664.85097,58109.59739,58372.14758,856.4164324,1272.273395,-415.8569623
2021/3/28,55861.95,58088.44523,57915.74802,593.0235398,1136.423424,-543.399884
2021/3/27,55917.88011,57870.90941,57552.49931,384.3651451,986.011768,-601.646623
2021/3/26,55002.76979,57493.41245,57088.91213,143.5058627,817.510587,-674.0047242
2021/3/25,51412.19201,56813.11265,56056.7812,-333.2648037,587.3555088,-920.6203126
2021/3/24,52584.7854,56357.6774,55425.50923,-609.4649722,347.9914126,-957.4563848
2021/3/23,54599.96181,55921.34082,55275.4097,-658.1608325,146.7609636,-804.9217961
2021/3/22,54249.99078,55470.77838,55088.9699,-716.7303684,-25.93730281,-690.7930656
2021/3/21,57392.2057,55338.05351,55507.74004,-503.7892947,-121.5077012,-382.2815935
2021/3/20,58219.82,55290.64066,56000.84549,-265.1934177,-150.2448445,-114.9485732
2021/3/19,58091.62367,55333.31793,56380.98698,-85.46366662,-137.2886089,51.8249423
2021/3/18,57687.52056,55515.87498,56618.53854,24.08804029,-105.0132791,129.1013194
2021/3/17,58711.97874,55795.28485,56999.16403,191.3678018,-45.7370629,237.1048647
2021/3/16,56455.99844,55940.60771,56900.40665,140.2823739,-8.533175554,148.8155494
2021/3/15,55723.94916,56371.78343,56686.50529,40.2624251,1.225944576,39.03648052
2021/3/14,59380.01894,57051.30678,57176.23504,253.0926765,51.59929095,201.4933855
2021/3/13,61297.99739,57721.11034,57925.64638,569.9569073,155.2708142,414.6860931
2021/3/12,57278.15502,58023.92676,57807.92068,491.0459372,222.4258388,268.6200984
2021/3/11,57633.69981,58048.07617,57776.24416,451.9876853,268.3382081,183.6494772
2021/3/10,55998.73927,57825.9681,57453.06145,285.8114314,271.8328528,13.97857861
2021/3/9,54759.46169,57492.7519,56963.31604,53.49950033,228.1661823,-174.6666819
2021/3/8,52326.86244,56956.68609,56120.32448,-323.1744542,117.898055,-441.0725092
2021/3/7,51409.22675,56226.41089,55263.76125,-687.8081835,-43.24319272,-644.5649908
2021/3/6,48884.80043,55469.29109,54103.95019,-1167.030348,-268.0006238,-899.0297244
2021/3/5,48901.91568,54787.08774,53158.12574,-1527.824499,-519.9653988,-1007.8591
2021/3/4,48523.77958,53701.46381,52315.51734,-1823.251576,-780.6226344,-1042.628942
2021/3/3,50593.57978,52631.02205,52002.43779,-1868.821475,-998.2624025,-870.5590726
2021/3/2,48245.59608,51727.76615,51319.37566,-2070.530819,-1212.716086,-857.8147335
2021/3/1,49557.93686,50920.18986,50999.11406,-2100.28126,-1390.229121,-710.0521391
2021/2/28,44986.74483,49818.99041,49905.95602,-2464.308675,-1605.045032,-859.2636438
2021/2/27,46202.31375,48963.27562,49232.56651,-2624.463589,-1808.928743,-815.5348463
2021/2/26,46205.25772,48351.11515,48682.14673,-2719.797823,-1991.102559,-728.6952636
2021/2/25,47372.37799,47947.43027,48444.00696,-2670.391427,-2126.960333,-543.4310947
2021/2/24,49577.66705,48016.71693,48650.12698,-2425.330407,-2186.634348,-238.6960596
2021/2/23,48514.38215,47977.96358,48625.4461,-2290.512387,-2207.409956,-83.10243182
2021/2/22,54153.65519,48540.95114,49630.57503,-1708.92649,-2107.713262,398.7867728
2021/2/21,57367.94614,49218.38778,51037.36977,-977.3824028,-1881.64709,904.2646877
2021/2/20,56008.78744,49994.70691,51941.26389,-501.5199815,-1605.621669,1104.101687
2021/2/19,55795.15505,50618.42873,52641.97138,-140.0198708,-1312.501309,1172.481438
2021/2/18,51656.84687,51285.43894,52462.85783,-185.3190706,-1087.064861,901.7457908
2021/2/17,52127.62093,51877.96965,52401.90567,-181.1433725,-905.8805636,724.7371912
2021/2/16,49261.05077,52183.54896,51830.84114,-404.4797657,-805.600404,401.1206384
2021/2/15,47981.97749,52244.50891,51131.04775,-676.883301,-779.8569834,102.9736824
2021/2/14,48673.32971,52154.07517,50684.18992,-827.4405,-789.3736868,-38.06681329
2021/2/13,47056.76956,52008.31392,50024.65895,-1064.925263,-844.4840021,-220.4412613
2021/2/12,47622.56892,51355.20529,49587.91531,-1193.717932,-914.3307881,-279.3871442
2021/2/11,47680.42444,50386.45312,49241.09879,-1276.404991,-986.7456287,-289.6593624
2021/2/10,44866.50228,49272.2246,48445.7176,-1551.114797,-1099.619462,-451.4953343
2021/2/9,46511.52058,48343.86116,48094.04542,-1617.440224,-1203.183615,-414.2566091
2021/2/8,46225.49641,47800.72611,47754.30923,-1673.788965,-1297.304685,-376.4842806
2021/2/7,38888.63824,46476.82784,46142.36905,-2284.138757,-1494.671499,-789.4672577
2021/2/6,39191.50755,45469.87352,44878.57605,-2712.142452,-1738.16569,-973.9767622
2021/2/5,37945.96447,44466.27222,43618.10122,-3115.924938,-2013.717539,-1102.207399
2021/2/4,36938.03487,43292.74273,42403.5437,-3477.174262,-2306.408884,-1170.765378
2021/2/3,37551.93435,42342.25921,41521.43291,-3671.606403,-2579.448388,-1092.158015
2021/2/2,35507.12771,41130.71509,40427.92287,-3945.216087,-2852.601928,-1092.61416
2021/2/1,33513.4412,39714.01677,39170.74439,-4273.663441,-3136.81423,-1136.849211
2021/1/31,33136.13947,38540.98049,38073.54349,-4512.389415,-3411.929267,-1100.460148
2021/1/30,34333.10794,37323.13922,37393.4643,-4552.517529,-3640.04692,-912.4706095
2021/1/29,34241.18685,36124.70827,36820.32295,-4539.40913,-3819.919362,-719.489768
2021/1/28,33117.57284,35547.60173,36147.09565,-4567.040884,-3969.343666,-597.6972182
2021/1/27,30305.34378,34658.98535,35084.95895,-4760.981006,-4127.671134,-633.3098718
2021/1/26,32577.7687,34122.16577,34629.10618,-4677.396139,-4237.616135,-439.7800038
2021/1/25,32272.78384,33655.64067,34200.68393,-4582.935037,-4306.679915,-276.2551212
2021/1/24,32261.74435,33126.62167,33848.14946,-4457.580514,-4336.860035,-120.7204786
2021/1/23,32045.83959,32780.49286,33520.45676,-4325.792814,-4334.646591,8.853776903
2021/1/22,32836.13558,32712.76229,33396.03473,-4110.200004,-4289.757273,179.5572697
2021/1/21,30892.80236,32488.42858,32940.90157,-4049.472104,-4241.70024,192.2281352
2021/1/20,35636.11099,32618.72889,33430.93965,-3577.361841,-4108.83256,531.4707187
2021/1/19,36177.48749,32812.35895,33930.31198,-3123.520497,-3911.770147,788.2496502
2021/1/18,36714.8432,33172.08599,34436.59038,-2689.485137,-3667.313145,977.8280084
2021/1/17,35786.41703,33720.19331,34682.01341,-2392.842026,-3412.418921,1019.576895
2021/1/16,36178.18021,34080.23446,34954.04374,-2101.908714,-3150.31688,1048.408166
2021/1/15,36678.9504,34520.85112,35267.66313,-1810.068654,-2882.267235,1072.198581
2021/1/14,39304.68621,35225.14531,36001.66733,-1351.331065,-2576.080001,1224.748936
2021/1/13,37359.33216,35756.49456,36248.51548,-1131.706427,-2287.205286,1155.498859
2021/1/12,33949.39683,35867.82069,35830.49391,-1218.756536,-2073.515536,854.7590003
2021/1/11,35569.7227,36335.51272,35783.08096,-1143.81246,-1887.574921,743.7624609
2021/1/10,38299.0196,36601.80358,36240.52435,-854.3390014,-1680.927737,826.5887354
2021/1/9,40129.0005,36996.95488,36947.52001,-471.8261174,-1439.107413,967.2812955
2021/1/8,40703.29054,37395.79962,37630.38738,-120.9472893,-1175.475388,1054.528099
2021/1/7,39493.12851,37766.47077,37969.06759,58.79895018,-928.6205205,987.4194707
2021/1/6,36904.21825,37839.07457,37775.45862,-7.567053316,-744.4098271,736.8427738
2021/1/5,33965.16042,37567.69557,37082.67713,-293.9317313,-654.3142079,360.3824766
2021/1/4,31973.83215,36834.61017,36153.79622,-673.7942701,-658.2102204,-15.58404971
2021/1/3,32877.60728,36386.43768,35558.1255,-891.6327813,-704.8947325,-186.7380487
2021/1/2,32093.26496,36200.82449,34928.15086,-1114.71154,-786.8580941,-327.8534462
2021/1/1,29300.19094,35573.87132,33904.88542,-1499.594404,-929.405356,-570.1890478
2020/12/31,28977.96182,34641.76554,33009.08113,-1809.756299,-1105.475545,-704.2807545
2020/12/30,28810.02049,33509.86754,32245.61556,-2045.533659,-1293.487167,-752.0464913
2020/12/29,27392.54055,32178.79254,31363.23828,-2320.023908,-1498.794516,-821.2293927
2020/12/28,27147.36675,30944.21636,30596.71619,-2528.199377,-1704.675488,-823.5238888
2020/12/27,26326.48184,29886.44272,29820.30994,-2727.972122,-1909.334815,-818.6373077
2020/12/26,26446.97357,29134.62403,29206.97606,-2843.789354,-2096.225723,-747.5636311
2020/12/25,24652.03652,28402.44447,28378.80523,-3045.307355,-2286.042049,-759.2653062
2020/12/24,23733.03049,27487.98679,27534.11891,-3241.798495,-2477.193338,-764.6051564
2020/12/23,23261.7852,26604.83882,26757.33097,-3396.393188,-2661.033308,-735.3598799
2020/12/22,23801.64017,26054.98374,26219.93264,-3435.743698,-2815.975386,-619.7683115
2020/12/21,22882.15792,25445.40335,25613.06451,-3500.769106,-2952.93413,-547.8349758
2020/12/20,23516.40283,24916.04158,25231.85329,-3461.225098,-3054.592324,-406.6327746
2020/12/19,23844.56807,24561.24434,24979.61962,-3364.620742,-3116.598007,-248.0227344
2020/12/18,23113.99259,24157.90692,24640.4147,-3308.869837,-3155.052373,-153.8174637
2020/12/17,22823.45909,23807.60465,24310.05914,-3250.658896,-3174.173678,-76.48521839
2020/12/16,21367.09631,23299.61692,23774.97499,-3284.184576,-3196.175857,-88.00871846
2020/12/15,19434.07031,22777.8203,22985.71959,-3427.226033,-3242.385893,-184.8401408
2020/12/14,19270.74681,22331.59193,22310.26999,-3513.2675,-3296.562214,-216.7052858
2020/12/13,19169.33845,21922.34726,21739.19153,-3548.731224,-3346.996016,-201.7352083
2020/12/12,18804.79471,21422.66271,21205.66484,-3565.155225,-3390.627858,-174.5273668
2020/12/11,18062.11899,20940.65882,20634.11105,-3596.639268,-3431.83014,-164.8091284
2020/12/10,18261.87845,20415.20638,20202.79603,-3564.383684,-3458.340849,-106.0428356
2020/12/9,18569.9877,19887.74834,19905.92179,-3473.913943,-3461.455468,-12.45847521
2020/12/8,18325.0542,19408.8545,19618.49132,-3382.983183,-3445.761011,62.77782773
2020/12/7,19190.03778,19045.51237,19540.59067,-3204.187081,-3397.446225,193.2591441
2020/12/6,19336.69255,18842.472,19503.51829,-3015.890756,-3321.135131,305.2443752
2020/12/5,19127.65682,18811.83065,19435.17984,-2850.671235,-3227.042352,376.3711171
2020/12/4,18737.19266,18758.47523,19308.27308,-2719.887597,-3125.611401,405.7238037
2020/12/3,19427.95496,18784.33688,19330.03342,-2531.322369,-3006.753594,475.4312256
2020/12/2,19201.27613,18823.98502,19306.623,-2372.821742,-2879.967224,507.1454819
2020/12/1,18855.04374,18903.2775,19224.51768,-2249.219313,-2753.817642,504.5983283
2020/11/30,19721.87473,19049.27713,19314.94624,-2057.598764,-2614.573866,556.9751021
2020/11/29,18162.12347,19008.4907,19105.3421,-2008.444887,-2493.34807,484.9031833
2020/11/28,17707.71579,18946.75686,18851.22822,-1983.2948,-2391.337416,408.0426166
2020/11/27,17076.84202,18735.43729,18528.61255,-1991.314778,-2311.332889,320.0181108
2020/11/26,17072.81034,18509.04907,18263.92124,-1975.226806,-2244.111672,268.8848661
2020/11/25,18770.2021,18473.30359,18355.97231,-1804.708092,-2156.230956,351.5228644
2020/11/24,19121.51141,18511.73547,18495.16123,-1622.51966,-2049.488697,426.9690368
2020/11/23,18374.45258,18406.38523,18473.21421,-1520.88362,-1943.767681,422.8840616
2020/11/22,18413.52697,18327.61031,18462.36198,-1420.805191,-1839.175183,418.3699921
2020/11/21,18709.05738,18313.01168,18507.21569,-1302.629578,-1731.866062,429.236484
2020/11/20,18641.28503,18204.95271,18531.59193,-1200.603407,-1625.613531,425.0101241
2020/11/19,17806.27692,18169.36805,18399.71648,-1173.596616,-1535.210148,361.6135319
2020/11/18,17827.83915,18181.38039,18295.73878,-1137.343065,-1455.636732,318.2936663
2020/11/17,17683.75928,18242.07212,18184.46978,-1107.471662,-1386.003718,278.5320554
2020/11/16,16725.11073,18207.30216,17919.13177,-1147.920771,-1338.387128,190.4663578
2020/11/15,15961.34579,17926.41652,17563.17068,-1227.457067,-1316.201116,88.74404929
2020/11/14,16083.58805,17622.62419,17294.15566,-1266.032195,-1306.167332,40.13513707
2020/11/13,16316.13726,17416.79266,17116.33413,-1263.276222,-1297.58911,34.31288794
2020/11/12,16279.27054,17203.36701,16964.14075,-1249.661609,-1288.00361,38.34200098
2020/11/11,15687.48025,16901.2093,16732.02066,-1271.962073,-1284.795302,12.8332292
2020/11/10,15280.16349,16565.09715,16468.04663,-1307.431158,-1289.322473,-18.10868438
2020/11/9,15326.15685,16317.08514,16260.43031,-1316.65184,-1294.788347,-21.86349354
2020/11/8,15499.08129,16084.20935,16122.00321,-1295.0769,-1294.846057,-0.230842737
2020/11/7,14821.98325,15798.03175,15885.63595,-1317.428265,-1299.362499,-18.0657659
2020/11/6,15547.05255,15680.22593,15824.07533,-1262.086304,-1291.90726,29.82095579
2020/11/5,15558.52541,15639.94389,15775.79353,-1203.429254,-1274.211659,70.78240446
2020/11/4,14132.96094,15444.88118,15477.09669,-1257.478825,-1270.865092,13.38626669
2020/11/3,13973.24888,15210.59235,15203.66982,-1298.235676,-1276.339209,-21.89646682
2020/11/2,13576.96848,14940.36214,14907.90594,-1346.985084,-1290.468384,-56.51670009
2020/11/1,13735.00686,14745.1148,14694.65156,-1357.221757,-1303.819059,-53.40269865
2020/10/31,13795.52655,14596.65111,14531.17429,-1344.947247,-1312.044696,-32.90255046
2020/10/30,13568.83725,14420.91915,14356.20392,-1338.086908,-1317.253138,-20.83376916
2020/10/29,13443.53152,14215.36417,14190.26348,-1327.459043,-1319.294319,-8.16472377
2020/10/28,13275.48126,14060.71397,14023.93944,-1317.410349,-1318.917525,1.507176232
2020/10/27,13651.54051,13871.16277,13956.23054,-1264.525189,-1308.039058,43.51386922
2020/10/26,13065.53603,13621.86383,13794.28609,-1255.427199,-1297.516686,42.08948716
2020/10/25,13020.81172,13510.64891,13653.65438,-1237.560033,-1285.525356,47.96532259
2020/10/24,13117.17473,13425.04149,13556.11263,-1201.771215,-1268.774528,67.00331239
2020/10/23,12929.02218,13360.24686,13442.09618,-1175.045465,-1250.028715,74.98325022
2020/10/22,12958.53719,13282.59989,13354.17637,-1138.361181,-1227.695208,89.33402694
2020/10/21,12808.79595,13183.92683,13255.01629,-1108.592327,-1203.874632,95.28230521
2020/10/20,11910.24211,13018.06732,13010.51189,-1144.315128,-1191.962731,47.64760325
2020/10/19,11748.37678,12848.55185,12781.03278,-1172.174783,-1188.005142,15.83035828
2020/10/18,11490.01581,12670.0053,12546.30242,-1201.254023,-1190.654918,-10.59910543
2020/10/17,11368.48474,12441.69972,12332.15375,-1220.042185,-1196.532371,-23.50981399
2020/10/16,11312.66278,12266.4124,12146.79176,-1225.311675,-1202.288232,-23.02344255
2020/10/15,11492.6159,12113.59282,12027.85069,-1201.121291,-1202.054844,0.933552586
2020/10/14,11426.36748,11944.51209,11918.49011,-1173.765494,-1196.396974,22.63147981
2020/10/13,11423.48002,11793.95788,11828.48827,-1139.186983,-1184.954976,45.76799255
2020/10/12,11544.13764,11652.51792,11776.78816,-1089.48826,-1165.861633,76.37337247
2020/10/11,11376.43511,11509.28184,11703.9967,-1051.512673,-1142.991841,91.47916757
2020/10/10,11294.99419,11447.75705,11629.6326,-1016.273382,-1117.648149,101.3747673
2020/10/9,11066.19087,11379.53845,11527.18865,-995.3349037,-1093.1855,97.85059624
2020/10/8,10898.55184,11320.39206,11412.89105,-980.9601794,-1070.740436,89.78025639
2020/10/7,10665.25226,11250.06881,11276.95672,-977.1296904,-1052.018287,74.88859633
2020/10/6,10604.44685,11179.24722,11154.6822,-967.8437879,-1035.183387,67.33959902
2020/10/5,10784.67082,11108.45271,11087.40741,-935.1621085,-1015.179131,80.01702278
2020/10/4,10665.69855,11032.38582,11010.73307,-908.3903515,-993.8213753,85.43102386
2020/10/3,10541.32189,10944.17,10925.38558,-886.9850862,-972.4541175,85.46903131
2020/10/2,10566.49438,10846.40568,10860.13264,-858.0984252,-949.582979,91.48455386
2020/10/1,10614.30333,10770.1925,10815.4364,-821.873707,-924.0411246,102.1674176
2020/9/30,10766.81409,10717.37449,10806.59598,-771.9603349,-893.6249667,121.6646318
2020/9/29,10839.96268,10694.75167,10812.66265,-718.2219326,-858.5443599,140.3224272
2020/9/28,10702.47283,10675.14377,10792.62814,-678.9021818,-822.6159242,143.7137425
2020/9/27,10766.52245,10685.27079,10787.88165,-635.2499608,-785.1427316,149.8927708
2020/9/26,10739.74258,10698.80036,10779.12909,-595.9464729,-747.3034798,151.3570069
2020/9/25,10683.39523,10688.6728,10761.72293,-562.8566744,-710.4141187,147.5574443
2020/9/24,10731.5324,10695.25619,10756.23375,-526.6772954,-673.6667541,146.9894587
2020/9/23,10231.05131,10664.22913,10660.74603,-532.254025,-645.3842083,113.1301832
2020/9/22,10531.35154,10660.71484,10637.21976,-506.6021108,-617.6277888,111.025678
2020/9/21,10427.87773,10642.07228,10599.15757,-488.9855348,-591.899338,102.9138032
2020/9/20,10914.68741,10656.85962,10656.52663,-430.7770688,-559.6748841,128.8978153
2020/9/19,11076.85089,10680.54844,10732.94923,-367.3268868,-521.2052847,153.8783979
2020/9/18,10916.97092,10701.99825,10766.40772,-326.1831021,-482.2008482,156.017746
2020/9/17,10934.41967,10718.78797,10796.95534,-288.8388337,-443.5284453,154.6896115
2020/9/16,10946.92123,10739.50583,10824.22187,-255.2916177,-405.8810798,150.589462
2020/9/15,10782.9998,10749.46629,10816.72695,-239.1752336,-372.5399105,133.3646769
2020/9/14,10665.11372,10742.82442,10789.16091,-233.226811,-344.6772906,111.4504796
2020/9/13,10315.66641,10751.28593,10703.071,-253.7846492,-326.4987623,72.71411312
2020/9/12,10438.37739,10741.98852,10654.94489,-257.2101748,-312.6410448,55.43087003
2020/9/11,10374.77815,10736.67856,10604.00548,-262.0362647,-302.5200888,40.48382411
2020/9/10,10334.63865,10678.67368,10555.02969,-266.0332324,-295.2227175,29.18948512
2020/9/9,10214.15437,10592.40403,10493.05236,-275.7443236,-291.3270387,15.5827151
2020/9/8,10112.20637,10511.92758,10423.80764,-288.342947,-290.7302204,2.387273392
2020/9/7,10356.44438,10454.13005,10411.55977,-275.4443298,-287.6730423,12.22871249
2020/9/6,10257.22974,10385.1609,10383.49977,-270.114167,-284.1612672,14.04710021
2020/9/5,10129.78665,10319.83958,10337.37011,-273.0262898,-281.9342717,8.907981964
2020/9/4,10473.51945,10300.68016,10362.12453,-244.7761764,-274.5026527,29.72647628
2020/9/3,10215.66996,10290.68051,10335.49643,-240.4226146,-267.6866451,27.26403041
2020/9/2,11399.14897,10386.75767,10528.8878,-139.8632636,-242.1219688,102.2587052
2020/9/1,11921.75492,10541.45535,10782.13637,-17.79420038,-197.2564151,179.4622147
2020/8/31,11655.9987,10673.59135,10941.02043,56.84681109,-146.4357699,203.2825809
2020/8/30,11697.79437,10821.95535,11078.61569,118.0125366,-93.54610855,211.5586452
2020/8/29,11485.10157,10959.24487,11152.52221,147.6225822,-45.31237041,192.9349526
2020/8/28,11496.83022,11073.28346,11215.12367,170.074646,-2.234967131,172.3096131
2020/8/27,11311.2402,11178.6845,11232.5994,170.9222198,32.39647025,138.5257495
2020/8/26,11463.56797,11312.06263,11274.59369,181.7899448,62.27516515,119.5147796
2020/8/25,11361.55482,11400.86617,11290.4048,180.0950627,85.83914466,94.25591803
2020/8/24,11763.76171,11555.67535,11376.46969,208.7996784,110.4312514,98.36842696
2020/8/23,11653.40729,11581.10118,11426.82198,220.1063645,132.366274,87.74009049
2020/8/22,11681.15793,11557.04148,11473.06488,228.6702709,151.6270734,77.04319752
2020/8/21,11530.91923,11544.53353,11483.58386,220.7891016,165.459479,55.32962259
2020/8/20,11866.59519,11561.41361,11553.22228,238.8758507,180.1427534,58.73309732
2020/8/19,11732.40557,11586.14401,11585.80106,239.6195636,192.0381154,47.58144817
2020/8/18,11961.9946,11632.66045,11654.19989,255.7863318,204.7877587,50.99857309
2020/8/17,12285.93663,11730.13009,11769.06111,291.3791887,222.1060447,69.27314397
2020/8/16,11892.68092,11773.04139,11791.53744,284.5739437,234.5996245,49.97431918
2020/8/15,11865.38305,11823.42421,11804.96392,273.8215832,242.4440162,31.37756701
2020/8/14,11742.87637,11821.33568,11793.67527,252.5042827,244.4560695,8.048213175
2020/8/13,11763.00914,11832.29586,11788.09961,234.5311852,242.4710927,-7.939907452
2020/8/12,11576.81427,11821.8615,11749.68409,202.9238265,234.5616394,-31.63781294
2020/8/11,11395.40582,11808.31016,11685.26986,161.3763748,219.9245865,-58.54821173
2020/8/10,11867.86649,11808.43729,11718.46925,164.6750757,208.8746843,-44.19960861
2020/8/9,11648.08317,11800.00505,11705.67178,147.8503165,196.6698108,-48.81949429
2020/8/8,11728.58523,11776.66411,11709.83786,139.4054379,185.2169362,-45.8114983
2020/8/7,11583.15927,11706.38637,11686.80539,119.5994828,172.0934455,-52.49396272
2020/8/6,11780.28537,11695.14682,11703.80175,118.4441985,161.3635961,-42.9193976
2020/8/5,11732.92795,11681.90131,11709.09742,112.4114699,151.5731709,-39.16170095
2020/8/4,11194.55461,11627.06913,11615.54418,63.45676976,133.9498907,-70.4931209
2020/8/3,11246.25548,11575.39377,11548.40078,28.50307955,112.8605284,-84.35744889
2020/8/2,11073.60766,11525.07311,11462.07476,-12.97958737,87.69250527,-100.6720926
2020/8/1,11800.38987,11565.57151,11523.5866,12.64459163,72.68292254,-60.03833092
2020/7/31,11334.58547,11512.24341,11489.22276,-4.581768325,57.22998437,-61.8117527
2020/7/30,11109.23106,11458.3582,11420.13336,-36.00298027,38.58339144,-74.58637171
2020/7/29,11073.29788,11392.82946,11357.07236,-63.07691305,18.25133054,-81.32824359
2020/7/28,10895.73396,11324.08693,11273.19265,-97.73450171,-4.945835907,-92.7886658
2020/7/27,10996.5366,11245.71205,11222.89155,-115.7328634,-27.10324141,-88.629622
2020/7/26,9917.359474,11064.15521,10985.52208,-214.6034547,-64.60328406,-150.0001706
2020/7/25,9686.120716,10913.31182,10749.26729,-308.0669419,-113.2960156,-194.7709263
2020/7/24,9545.046629,10743.19093,10530.31808,-389.0363597,-168.4440844,-220.5922753
2020/7/23,9592.963304,10595.1265,10359.88994,-444.2180621,-223.59888,-220.6191822
2020/7/22,9518.901022,10366.97761,10206.98286,-488.2973779,-276.5385796,-211.7587983
2020/7/21,9385.174346,10172.0365,10057.56313,-527.9354669,-326.817957,-201.1175099
2020/7/20,9164.069789,9977.520372,9895.109797,-570.6125615,-375.5768779,-195.0356836
2020/7/19,9207.816996,9790.972284,9770.147469,-594.0565187,-419.2728061,-174.7837126
2020/7/18,9170.802681,9618.479156,9661.17569,-608.6071254,-457.1396699,-151.4674555
2020/7/17,9155.773355,9434.402831,9569.284356,-614.2704003,-488.565816,-125.7045843
2020/7/16,9137.239203,9356.390804,9490.730692,-613.1857144,-513.4897957,-99.69591872
2020/7/15,9206.764838,9308.455216,9439.100537,-599.8018134,-530.7521992,-69.04961415
2020/7/14,9254.204474,9279.371001,9405.483071,-578.6961443,-540.3409882,-38.35515606
2020/7/13,9247.107825,9244.785453,9376.687571,-556.1316503,-543.4991207,-12.63252964
2020/7/12,9286.726085,9221.567959,9360.330938,-528.954802,-540.5902569,11.63545489
2020/7/11,9231.3201,9206.182535,9336.874422,-506.0542753,-533.6830606,27.62878533
2020/7/10,9278.447734,9217.620329,9326.251388,-478.5857974,-522.663608,44.07781052
2020/7/9,9240.366176,9220.875247,9310.635895,-454.6487861,-509.0606436,54.41185746
2020/7/8,9420.350155,9245.829995,9330.583942,-416.3558384,-490.5196826,74.16384418
2020/7/7,9252.35518,9255.488177,9316.360531,-395.0107538,-471.4178968,76.40714301
2020/7/6,9342.540316,9276.018288,9321.120492,-366.591594,-450.4526363,83.86104223
2020/7/5,9072.772592,9262.619064,9275.966328,-361.668121,-432.6957332,71.02761223
2020/7/4,9127.518467,9249.950463,9248.975808,-349.3219327,-416.0209731,66.69904038
2020/7/3,9065.577985,9231.797479,9215.630749,-340.6092375,-400.938626,60.32938844
2020/7/2,9084.054479,9211.530318,9191.707791,-328.4275568,-386.4364121,58.00885537
2020/7/1,9225.668161,9210.965125,9197.882404,-303.8439228,-369.9179143,66.0739915
2020/6/30,9145.560607,9197.676412,9188.36935,-287.5109782,-353.4365271,65.92554883
2020/6/29,9180.159026,9191.655697,9186.876564,-268.6780455,-336.4848307,67.80678526
2020/6/28,9118.117533,9161.432435,9174.374922,-255.8102196,-320.3499085,64.5396889
2020/6/27,9014.224272,9137.619344,9145.256622,-251.101155,-306.5001578,55.39900283
2020/6/26,9165.503578,9119.91567,9148.937887,-232.4823004,-291.6965863,59.21428593
2020/6/25,9254.748296,9138.11324,9168.176143,-208.126271,-274.9825233,66.85625227
2020/6/24,9289.303605,9154.291754,9190.199318,-183.9155536,-256.7691293,72.85357576
2020/6/23,9614.943606,9209.228316,9267.425552,-136.8741589,-232.7901352,95.91597636
2020/6/22,9685.845287,9269.407397,9343.501867,-92.80257128,-204.7926224,111.9900512
2020/6/21,9289.8938,9275.829961,9333.754946,-88.80184411,-181.5944668,92.79262266
2020/6/20,9348.977142,9296.171615,9336.522618,-79.94218336,-161.2640101,81.32182673
2020/6/19,9305.901805,9308.745892,9330.955198,-75.5260409,-144.1164163,68.59037536
2020/6/18,9401.552893,9337.089428,9343.791142,-63.57511838,-128.0081567,64.4330383
2020/6/17,9463.405493,9382.007551,9365.539206,-48.55324668,-112.1171747,63.563928
2020/6/16,9520.484681,9417.505661,9393.71111,-31.67733509,-96.02920676,64.35187167
2020/6/15,9421.65218,9434.196049,9398.791305,-25.97854592,-82.01907459,56.04052868
2020/6/14,9352.845602,9440.550249,9390.437541,-26.70647463,-70.9565546,44.25007997
2020/6/13,9463.820529,9425.437941,9403.779902,-18.11974113,-60.3891919,42.26945078
2020/6/12,9460.375485,9402.890961,9414.070008,-11.46056892,-50.60346731,39.14289839
2020/6/11,9314.37816,9405.339397,9395.944218,-17.75917424,-44.03460869,26.27543446
2020/6/10,9864.561413,9456.897824,9481.147344,21.39766713,-30.94815353,52.34582066
2020/6/9,9769.869088,9503.294552,9533.642207,44.27845233,-15.90283236,60.18128469
2020/6/8,9773.301577,9540.469421,9577.216638,61.97421248,-0.32742339,62.30163587
2020/6/7,9742.573822,9568.386254,9607.28158,72.68093628,14.27424854,58.40668773
2020/6/6,9662.323105,9582.570096,9617.28913,73.83935571,26.18726998,47.65208574
2020/6/5,9641.917175,9604.596596,9621.766956,72.27765167,35.40534632,36.87230536
2020/6/4,9803.990306,9649.711066,9654.898475,83.15932817,44.95614269,38.20318548
2020/6/3,9652.629014,9668.591915,9654.485845,78.66276848,51.69746785,26.96530063
2020/6/2,9538.727853,9676.427151,9633.438938,65.15724854,54.38942399,10.76782456
2020/6/1,10177.77035,9762.76637,9732.408285,104.811217,64.4737826,40.33743444
2020/5/31,9449.860914,9721.29632,9681.036036,76.61786164,66.90259841,9.715263239
2020/5/30,9693.552427,9713.664654,9683.311743,73.09569123,68.14121697,4.954474262
2020/5/29,9418.13384,9678.147881,9635.097579,47.53244319,64.01946221,-16.48701903
2020/5/28,9536.159369,9657.506435,9617.108814,36.37771905,58.49111358,-22.11339453
2020/5/27,9165.144674,9607.788592,9534.933516,-2.372911937,46.31830848,-48.69122041
2020/5/26,8850.3542,9528.632295,9410.464549,-57.81754198,25.49113839,-83.30868036
2020/5/25,8897.213209,9437.954585,9317.146124,-96.86013697,1.020883315,-97.88102028
2020/5/24,8791.793685,9351.871052,9221.627498,-134.7547801,-26.13424937,-108.6205307
2020/5/23,9180.527997,9316.051067,9214.154862,-131.8985038,-47.28710026,-84.61140354
2020/5/22,9160.70542,9214.344574,9204.436781,-129.7388518,-63.77745057,-65.96140124
2020/5/21,9073.693079,9176.72779,9180.665199,-133.5094667,-77.7238538,-55.78561294
2020/5/20,9524.434064,9159.815954,9243.168629,-98.98563102,-81.97620925,-17.00942178
2020/5/19,9761.178765,9194.120446,9337.35229,-51.92338323,-75.96564404,24.04226081
2020/5/18,9733.739137,9213.878423,9409.422626,-16.64844849,-64.10220493,47.45375644
2020/5/17,9667.578397,9264.121795,9456.360039,5.900554716,-50.101653,56.00220772
2020/5/16,9380.484219,9317.134797,9442.564435,0.597810213,-39.96176036,40.55957057
2020/5/15,9293.972171,9356.810693,9415.54766,-10.46482034,-34.06237236,23.59755202
2020/5/14,9772.561576,9454.887482,9480.459281,19.16520593,-23.4168567,42.58206263
2020/5/13,9302.896541,9467.124337,9448.175147,4.695050433,-17.79447527,22.4895257
2020/5/12,8792.063768,9430.260172,9328.882169,-47.44566355,-23.72471293,-23.72095062
2020/5/11,8593.856494,9382.276513,9195.241137,-103.5673654,-39.69324343,-63.87412201
2020/5/10,8745.152545,9304.348361,9113.406847,-134.2879043,-58.6121756,-75.67572867
2020/5/9,9570.005988,9285.231084,9196.424873,-91.02608136,-65.09495675,-25.93112461
2020/5/8,9822.885629,9294.145733,9310.326829,-35.9214216,-59.26024972,23.33882812
2020/5/7,9968.105282,9324.198421,9429.922911,19.24557955,-43.55908387,62.80466342
2020/5/6,9198.252701,9305.97527,9387.801055,0.83552465,-34.68016216,35.51568681
2020/5/5,8967.997704,9273.377823,9311.473173,-31.96574917,-34.13727956,2.17153039
2020/5/4,8883.306781,9184.452343,9233.624738,-64.05644191,-40.12111203,-23.93532987
2020/5/3,8894.362675,9143.598957,9171.940726,-87.58678294,-49.61424621,-37.97253672
2020/5/2,8974.922892,9161.884869,9136.119302,-98.59763928,-59.41092483,-39.18671445
2020/5/1,8832.981251,9185.797345,9081.003293,-117.4237387,-71.01348759,-46.41025107
2020/4/30,8607.329832,9172.015074,8994.880845,-148.8360524,-86.57800055,-62.25805182
2020/4/29,8759.78919,9090.993394,8952.136908,-159.588702,-101.1801408,-58.40856119
2020/4/28,7754.222426,8884.127073,8734.334275,-246.4106201,-130.2262367,-116.1843834
2020/4/27,7766.689761,8663.985521,8558.398909,-310.6308469,-166.3071587,-144.3236882
2020/4/26,7665.828318,8510.743083,8396.113347,-365.4518138,-206.1360898,-159.3157241
2020/4/25,7535.263897,8367.469702,8239.595265,-414.6534162,-247.839555,-166.8138612
2020/4/24,7497.353393,8228.874364,8104.642197,-451.5004849,-288.571741,-162.9287439
2020/4/23,7464.891127,8085.927209,7988.323821,-477.8135487,-326.4201025,-151.3934461
2020/4/22,7106.551177,7899.090037,7828.001522,-521.5695514,-365.4499923,-156.1195591
2020/4/21,6851.005362,7700.892448,7650.365857,-570.2929285,-406.4185795,-163.8743489
2020/4/20,6856.785953,7525.83806,7506.078601,-601.50632,-445.4361276,-156.0701924
2020/4/19,7133.148679,7363.174009,7438.273161,-597.0604541,-475.7609929,-121.2994612
2020/4/18,7233.157423,7311.067509,7400.97939,-578.7952126,-496.3678369,-82.42737574
2020/4/17,7034.540358,7237.852569,7334.354112,-573.7329777,-511.840865,-61.89211268
2020/4/16,7088.799492,7180.149686,7289.707817,-558.9002078,-521.2527336,-37.64747418
2020/4/15,6637.791816,7090.402478,7171.177635,-576.8876789,-532.3797226,-44.50795622
2020/4/14,6856.179094,7026.285048,7113.905173,-566.985001,-539.3007783,-27.68422265
2020/4/13,6837.42254,6963.538189,7063.635604,-554.2613744,-542.2928975,-11.96847689
2020/4/12,6977.230636,6950.606135,7047.925609,-526.8235696,-539.1990319,12.37546233
2020/4/11,6869.586552,6952.464254,7015.500326,-507.910019,-532.9412294,25.03121031
2020/4/10,6859.833737,6952.769033,6987.19731,-488.0815642,-523.9692963,35.88773215
2020/4/9,7293.58436,6968.812601,7042.904046,-432.3830776,-505.6520526,73.26897499
2020/4/8,7352.328771,6980.729736,7099.163087,-379.1310559,-480.3478532,101.2167974
2020/4/7,7198.770192,6997.152719,7117.27347,-345.3384918,-453.3459809,108.0074892
2020/4/6,7279.161792,7016.188949,7146.70771,-308.5143497,-424.3796547,115.865305
2020/4/5,6789.732165,7031.382984,7081.803066,-315.1905123,-402.5418262,87.35131394
2020/4/4,6847.730055,7030.53808,7039.244336,-312.202597,-384.4739804,72.27138336
2020/4/3,6733.747735,7020.170599,6983.6995,-315.3963801,-370.6584603,55.26208018
2020/4/2,6807.465142,7003.19405,6951.656889,-308.4237803,-358.2115243,49.78774405
2020/4/1,6598.287015,6976.064096,6887.407821,-316.1326904,-349.7957575,33.6630671
2020/3/31,6431.262413,6933.206964,6804.472292,-331.893683,-346.2153426,14.32165963
2020/3/30,6424.078447,6846.256373,6735.309775,-341.0328547,-345.178845,4.145990335
2020/3/29,5917.297073,6702.753203,6586.580193,-384.7337643,-353.0898289,-31.64393542
2020/3/28,6239.838832,6606.860067,6523.536309,-388.8581114,-360.2434854,-28.61462602
2020/3/27,6377.749564,6516.718844,6497.029628,-376.6565801,-363.5261043,-13.13047578
2020/3/26,6736.291779,6511.374806,6540.531837,-334.202935,-357.6614705,23.4585355
2020/3/25,6681.336594,6494.735459,6566.132702,-301.516841,-346.4325446,44.91570356
2020/3/24,6736.044984,6494.965184,6597.025844,-268.1077865,-330.767593,62.65980643
2020/3/23,6467.459038,6460.964574,6573.468243,-260.3029015,-316.6746547,56.37175315
2020/3/22,5843.158786,6385.451751,6440.684706,-301.0232778,-313.5443793,12.5211015
2020/3/21,6149.798351,6357.305345,6387.796277,-305.034966,-311.8424966,6.807530675
2020/3/20,6192.309975,6334.128498,6352.253313,-301.3106039,-309.7361181,8.425514209
2020/3/19,6160.004718,6358.399262,6317.299023,-297.5359748,-307.2960894,9.760114599
2020/3/18,5365.581534,6270.973532,6144.25948,-354.5607106,-316.7490137,-37.81169696
2020/3/17,5362.320407,6169.430617,6002.088739,-395.4577792,-332.4907668,-62.96701241
2020/3/16,5022.578106,5998.059249,5823.995897,-450.0949506,-356.0116035,-94.08334704
2020/3/15,5381.745247,5868.100115,5743.586688,-459.1210542,-376.6334937,-82.48756056
2020/3/14,5212.979298,5715.793546,5647.112617,-474.4234499,-396.1914849,-78.23196494
2020/3/13,5518.647281,5620.91237,5623.755283,-456.6222005,-408.277628,-48.34457246
2020/3/12,4724.392684,5509.03576,5460.234811,-500.831022,-426.7883068,-74.04271515
2020/3/11,7931.347543,5687.190679,5909.528035,-273.9346281,-396.2175711,122.2829429
2020/3/10,7900.821326,5858.041814,6271.58136,-95.48017588,-336.070092,240.5899162
2020/3/9,7915.672115,6033.608554,6570.506952,46.60733741,-259.5346061,306.1419436
2020/3/8,8042.736084,6301.324009,6838.184976,167.5344825,-174.1207884,341.6552709
2020/3/7,8898.942078,6654.986176,7212.868086,328.6700803,-73.56261468,402.232695
2020/3/6,9129.266628,7065.655028,7561.304184,469.5438594,35.05868013,434.4851792
2020/3/5,9051.139212,7432.594425,7832.18328,568.3317402,141.7132921,426.618448
2020/3/4,8749.500222,7786.246517,7998.968179,615.1905679,236.4087473,378.7818206
2020/3/3,8772.476037,8111.629393,8139.605971,646.7254345,318.4720847,328.2533498
2020/3/2,8900.06855,8529.19698,8277.871895,674.2404686,389.6257615,284.6147071
2020/3/1,8557.504358,8591.812661,8328.714161,660.7871213,443.8580335,216.9290878
2020/2/29,8569.467785,8658.677307,8372.487547,643.6707594,483.8205787,159.8501807
2020/2/28,8731.610771,8740.271173,8437.782679,635.8597082,514.2284046,121.6313037
2020/2/27,8775.595016,8813.557066,8499.203104,626.002389,536.5832015,89.41918758
2020/2/26,8829.543593,8806.617217,8559.265011,615.449078,552.3563768,63.09270122
2020/2/25,9358.38862,8829.529416,8704.560212,642.3542173,570.3559449,71.99827244
2020/2/24,9664.370232,8890.852518,8879.071125,680.522256,592.3892071,88.1330489
2020/2/23,9923.65932,9008.268428,9068.996251,723.3547805,618.5823218,104.7724587
2020/2/22,9667.521623,9097.772987,9177.819046,728.23703,640.5132634,87.72376657
2020/2/21,9683.453206,9176.111452,9269.75253,725.0340523,657.4174212,67.61663109
2020/2/20,9612.392632,9281.60028,9332.05073,708.5934507,667.6526271,40.94082362
2020/2/19,9621.766806,9386.830182,9384.72638,688.3852958,671.7991608,16.58613499
2020/2/18,10144.8965,9528.158755,9522.939129,706.4389929,678.7271272,27.71186562
2020/2/17,9711.996028,9621.798856,9557.313111,677.9996695,678.5816357,-0.581966206
2020/2/16,9969.23568,9735.768065,9632.208124,668.5121984,676.5677482,-8.05554983
2020/2/15,9903.077897,9790.236992,9681.457173,648.183078,670.8908142,-22.7077362
2020/2/14,10327.51233,9856.551202,9798.921747,658.7270202,668.4580554,-9.731035228
2020/2/13,10225.41526,9886.726796,9876.466022,651.3365873,665.0337618,-13.6971745
2020/2/12,10327.55459,9952.730093,9958.482125,646.2715897,661.2813273,-15.00973767
2020/2/11,10229.7009,10007.35486,10007.79463,627.1323759,654.4515371,-27.31916112
2020/2/10,9869.436912,10033.05929,9982.638681,576.2514502,638.8115197,-62.5600695
2020/2/9,10128.75028,10083.75764,10009.20443,550.5064756,621.1505109,-70.64403527
2020/2/8,9899.911944,10059.25918,9989.333066,505.8074234,598.0818934,-92.27446998
2020/2/7,9820.295542,10070.08913,9958.598971,458.6714453,570.1998038,-111.5283584
2020/2/6,9754.078412,10048.57341,9921.413415,411.2322448,538.406292,-127.1740472
2020/2/5,9602.309743,10018.49659,9863.394565,357.2714702,502.1793276,-144.9078574
2020/2/4,9187.070016,9904.45236,9740.426465,277.7985038,457.3031628,-179.5046591
2020/2/3,9302.362658,9812.1471,9660.7785,221.564698,410.1554699,-188.5907719
2020/2/2,9339.574889,9713.34913,9602.377844,177.9504162,363.7144591,-185.7640429
2020/2/1,9386.105652,9628.989605,9563.055627,145.4636134,320.06429,-174.6006766
2020/1/31,9336.132885,9575.659202,9521.796947,114.3668535,278.9248027,-164.5579492
2020/1/30,9503.268,9513.110974,9518.428047,102.032685,243.5463792,-141.5136942
2020/1/29,9304.918064,9453.611586,9479.60805,75.3836101,209.9138253,-134.5302152
2020/1/28,9334.836393,9405.065671,9453.285931,56.03228011,179.1375163,-123.1052362
2020/1/27,8895.603628,9319.218193,9351.889148,5.193926008,144.3487982,-139.1548722
2020/1/26,8591.002876,9218.087506,9213.54619,-58.99451883,103.6801348,-162.6746537
2020/1/25,8366.208771,9136.001382,9059.484841,-126.544602,57.63518746,-184.1797895
2020/1/24,8440.287026,9049.793818,8946.90342,-172.1169761,11.68475474,-183.8017309
2020/1/23,8391.607957,8954.997125,8845.940609,-209.7436112,-32.60091846,-177.1426928
2020/1/22,8672.801079,8883.666668,8814.460694,-214.4015679,-68.96104835,-145.4405196
2020/1/21,8747.38185,8824.791564,8802.264541,-209.6581782,-97.10047432,-112.5577039
2020/1/20,8639.19622,8738.384386,8772.615755,-212.182773,-120.1169341,-92.06583894
2020/1/19,8697.342225,8677.626802,8758.929659,-207.1042668,-137.5144006,-69.58986621
2020/1/18,8929.544857,8637.097649,8789.950604,-182.2419307,-146.4599066,-35.78202411
2020/1/17,8921.648281,8639.702114,8813.895636,-161.3159877,-149.4311228,-11.88486483
2020/1/16,8722.037088,8652.805535,8797.194082,-159.0060592,-151.3461101,-7.659949099
2020/1/15,8807.632434,8696.947902,8799.091964,-148.5561326,-150.7881146,2.231982035
2020/1/14,8838.564862,8736.775685,8806.268855,-136.2083766,-147.872167,11.66379039
2020/1/13,8116.96951,8709.311841,8680.941701,-182.5451386,-154.8067613,-27.73837728
2020/1/12,8164.590608,8658.490794,8587.059684,-212.969749,-166.4393589,-46.53039015
2020/1/11,8024.791559,8586.231764,8484.829116,-245.5317497,-182.257837,-63.27391266
2020/1/10,8160.413567,8538.353499,8425.844471,-257.4263564,-197.2915409,-60.13481551
2020/1/9,7829.06324,8451.525601,8317.338792,-290.2443638,-215.8821055,-74.36225829
2020/1/8,8055.759827,8364.147098,8269.77898,-294.5647915,-231.6186427,-62.94614881
2020/1/7,8155.216395,8287.503909,8248.949419,-286.659021,-242.6267184,-44.03230265
2020/1/6,7764.21795,8191.721995,8160.816425,-308.3890309,-255.7791809,-52.60985007
2020/1/5,7352.362745,8046.195026,8013.824847,-354.7541089,-275.5741665,-79.17994239
2020/1/4,7358.491964,7898.187737,7894.673414,-386.5483022,-297.7689936,-88.77930858
2020/1/3,7317.184074,7818.209193,7789.675352,-410.3483902,-320.2848729,-90.06351724
2020/1/2,6968.274896,7698.577622,7640.329814,-452.1520586,-346.6583101,-105.4937485
2020/1/1,7213.918462,7617.490312,7562.800478,-460.1559923,-369.3578465,-90.79814579
2019/12/31,7202.624251,7521.71138,7497.313891,-462.0839003,-387.9030573,-74.18084304
2019/12/30,7245.988923,7463.403949,7451.618442,-454.8691661,-401.296279,-53.57288704
2019/12/29,7386.37606,7396.465572,7439.756191,-432.8339284,-407.6038089,-25.23011952
2019/12/28,7312.04457,7312.14839,7416.535896,-416.5668505,-409.3964172,-7.170433285
2019/12/27,7246.422425,7260.368837,7385.606174,-404.3096033,-408.3790544,4.069451133
2019/12/26,7211.341194,7246.266682,7353.921632,-392.8973329,-405.2827101,12.38537726
2019/12/25,7205.380688,7230.955554,7326.914188,-379.9541148,-400.2169911,20.26287625
2019/12/24,7240.620333,7223.29918,7311.224396,-362.6723157,-392.708056,30.03574028
2019/12/23,7329.609334,7259.432624,7314.567112,-337.9005891,-381.7465626,43.84597351
2019/12/22,7482.961456,7286.336923,7345.184266,-302.4086045,-365.878971,63.47036648
2019/12/21,7138.888884,7279.963387,7307.676014,-298.6026268,-352.4237022,53.82107533
2019/12/20,7185.155244,7273.880019,7285.399511,-288.5270928,-339.6443803,51.1172875
2019/12/19,7150.376098,7250.280023,7260.849799,-280.1195026,-327.7394048,47.61990212
2019/12/18,7275.754884,7246.651054,7263.559815,-260.3383878,-314.2592014,53.92081358
2019/12/17,6624.129258,7184.421737,7147.299713,-293.8550755,-310.1783762,16.32330068
2019/12/16,6902.888388,7153.576457,7102.861291,-294.5286174,-307.0484244,12.51980707
2019/12/15,7120.922418,7145.13063,7106.145132,-274.3068416,-300.5001079,26.1932663
2019/12/14,7078.955219,7128.964118,7101.201511,-258.6853768,-292.1371616,33.45178486
2019/12/13,7255.126877,7121.515873,7129.187942,-229.4447764,-279.5986846,50.15390822
2019/12/12,7202.460793,7093.465806,7142.510278,-208.1220018,-265.303348,57.18134622
2019/12/11,7199.716155,7099.548533,7152.911347,-189.2633091,-250.0953402,60.83203115
2019/12/10,7233.814525,7104.414462,7167.621015,-169.6110353,-233.9984793,64.38744394
2019/12/9,7350.418118,7124.418664,7200.856852,-142.9793543,-215.7946543,72.81529996
2019/12/8,7516.676668,7148.510842,7258.278637,-107.2218925,-194.0801019,86.85820941
2019/12/7,7496.125958,7235.710512,7301.523604,-79.62425806,-171.1889331,91.56467508
2019/12/6,7532.610987,7298.682772,7343.539492,-54.18429421,-147.7880054,93.60371115
2019/12/5,7386.510063,7325.241536,7351.352323,-45.28998832,-127.2884019,81.99841363
2019/12/4,7216.456163,7338.991631,7326.825749,-51.3709431,-112.1049102,60.73396707
2019/12/3,7300.208311,7343.499774,7321.986215,-48.86871703,-99.45767155,50.58895452
2019/12/2,7315.108657,7354.764561,7320.73575,-45.16274345,-88.59868593,43.43594248
2019/12/1,7417.184162,7376.511361,7338.271825,-33.60175243,-77.59929923,43.9975468
2019/11/30,7548.613483,7407.991257,7376.515762,-13.6766797,-64.81477533,51.13809562
2019/11/29,7740.415549,7446.991,7442.67936,17.39044157,-48.37373195,65.76417352
2019/11/28,7442.795358,7439.602869,7442.700451,17.79081546,-35.14082246,52.93163793
2019/11/27,7502.033156,7440.193589,7453.488215,22.62727672,-23.58720263,46.21447935
2019/11/26,7169.264738,7403.858964,7401.811219,-0.38696249,-18.9471546,18.56019211
2019/11/25,7133.946458,7378.602604,7353.108535,-21.23106441,-19.40393656,-1.827127848
2019/11/24,6932.313157,7350.188303,7276.600285,-53.40467181,-26.20408361,-27.2005882
2019/11/23,7316.797515,7351.847223,7283.908872,-47.33219695,-30.42970628,-16.90249067
2019/11/22,7290.351828,7349.37154,7285.080319,-44.14478915,-33.17272285,-10.9720663
2019/11/21,7631.016803,7370.754805,7347.977861,-13.96890425,-29.33195913,15.36305489
2019/11/20,8097.187492,7425.612205,7484.197794,47.019766,-14.06161411,61.08138011
2019/11/19,8134.76958,7465.047609,7602.483573,97.26507574,8.203723864,89.06135188
2019/11/18,8211.789693,7541.947042,7713.266504,141.6666798,34.89631506,106.7703648
2019/11/17,8503.049435,7642.04867,7856.863401,198.0742217,67.53189638,130.5423253
2019/11/16,8497.411045,7774.863301,7973.326609,239.5611225,101.9377416,137.6233809
2019/11/15,8474.539002,7908.922555,8064.456135,267.510513,135.0522959,132.4582171
2019/11/14,8662.422431,8081.933482,8173.17728,301.3474826,168.3113332,133.0361493
2019/11/13,8785.801623,8228.833893,8284.563524,334.2659842,201.5022634,132.7637208
2019/11/12,8801.603779,8379.959088,8378.570843,357.508105,232.7034317,124.8046733
2019/11/11,8732.154123,8490.07282,8442.858712,366.1034338,259.3834321,106.7200017
2019/11/10,9043.004449,8584.654516,8551.976119,393.4627239,286.1992905,107.2634334
2019/11/9,8818.432264,8653.020784,8600.422691,392.4995692,307.4593462,85.04022297
2019/11/8,8791.640946,8711.00591,8635.189646,385.1348321,322.9944434,62.1403887
2019/11/7,9219.011987,8782.602165,8741.339163,409.0680148,340.2091577,68.85885709
2019/11/6,9329.520807,8865.813141,8848.28128,431.9728585,358.5618978,73.41096062
2019/11/5,9311.283797,8949.487621,8932.463556,443.540677,375.5576537,67.98302331
2019/11/4,9389.905541,9022.235932,9015.634826,453.8210081,391.2103246,62.61068353
2019/11/3,9205.743201,9064.230089,9050.199985,442.0126363,401.3707869,40.64184939
2019/11/2,9290.257019,9113.095413,9093.846718,434.4657249,407.9897745,26.47595043
2019/11/1,9225.753942,9162.455395,9117.82985,418.4561817,410.083056,8.373125754
2019/10/31,9154.923648,9173.647315,9124.574177,395.494081,407.165261,-11.67117997
2019/10/30,9162.391745,9208.043263,9131.450098,373.5925217,400.4507131,-26.85819139
2019/10/29,9411.885318,9270.067701,9182.43832,372.078337,394.7762379,-22.6979009
2019/10/28,9234.267439,9271.593246,9191.861796,352.4828533,386.317561,-33.83470764
2019/10/27,9544.094411,9293.050606,9255.90409,357.8289097,380.6198307,-22.79092099
2019/10/26,9235.929531,9285.51518,9252.272352,333.3566397,371.1671925,-37.81055279
2019/10/25,8651.13445,9211.63807,9142.974552,263.7339529,349.6805446,-85.94659169
2019/10/24,7440.037915,9035.067542,8833.349709,109.5690593,301.6582475,-192.0891883
2019/10/23,7469.521063,8852.993946,8585.380864,-10.11211976,239.3041741,-249.4162938
2019/10/22,8040.006229,8734.419175,8486.221839,-58.25539928,179.7922594,-238.0476587
2019/10/21,8212.771665,8640.203977,8436.503626,-81.52875558,127.5280564,-209.056812
2019/10/20,8202.005473,8544.165349,8393.867598,-99.69260554,82.08392402,-181.7765296
2019/10/19,7950.124308,8397.989248,8313.187,-132.8805284,39.09103353,-171.971562
2019/10/18,7955.464771,8270.108982,8248.146595,-156.9421345,-0.115600072,-156.8265344
2019/10/17,8075.178241,8123.217365,8216.697803,-164.4555133,-32.98358272,-131.4719306
2019/10/16,8008.809279,8000.505339,8178.89989,-173.7623169,-61.13932955,-112.6229873
2019/10/15,8174.781558,7952.87005,8178.151102,-165.8338209,-82.07822781,-83.75559306
2019/10/14,8347.201506,8043.586409,8208.887539,-143.9778943,-94.45816111,-49.51973319
2019/10/13,8294.599727,8126.094276,8224.471573,-129.4096847,-101.4484658,-27.96121886
2019/10/12,8314.921537,8153.585806,8240.917021,-114.899978,-104.1387682,-10.76120971
2019/10/11,8272.024051,8159.511045,8246.572845,-105.6445943,-104.4399335,-1.204660863
2019/10/10,8556.950238,8195.005522,8303.005098,-74.46014387,-98.44397555,23.98383168
2019/10/9,8572.837276,8257.276818,8352.065494,-47.9119914,-88.33757872,40.42558731
2019/10/8,8189.796865,8280.710028,8322.562107,-57.12208147,-82.09447927,24.9723978
2019/10/7,8196.15196,8292.8074,8299.578444,-63.18004097,-78.31159161,15.13155064
2019/10/6,7876.455218,8279.571994,8222.646948,-92.70917907,-81.1911091,-11.51806997
2019/10/5,8130.134393,8275.107277,8205.826484,-94.55151343,-83.86318997,-10.68832346
2019/10/4,8155.655359,8255.952662,8196.704461,-92.88156713,-85.6668654,-7.21470173
2019/10/3,8232.129998,8249.70569,8203.145468,-84.41418424,-85.41632917,1.002144926
2019/10/2,8361.919233,8254.405459,8232.013425,-66.46465259,-81.62599385,15.16134126
2019/10/1,8294.743597,8256.677414,8243.418911,-57.00293747,-76.70138257,19.69844511
2019/9/30,8269.028682,8227.885258,8248.075233,-50.99163892,-71.55943384,20.56779492
2019/9/29,8068.668738,8177.468404,8215.45587,-61.68396023,-69.58433912,7.900378894
2019/9/28,8208.595988,8179.348317,8214.208619,-58.19589617,-67.30665053,9.110754358
2019/9/27,8183.569872,8178.090108,8208.637938,-56.79626668,-65.20457376,8.408307079
2019/9/26,8077.936354,8198.238221,8184.874013,-63.47904539,-64.85946809,1.380422695
2019/9/25,8439.84619,8229.209401,8231.232591,-39.12113245,-59.71180096,20.59066851
2019/9/24,8588.424906,8272.486356,8296.176648,-7.73903946,-49.31724866,41.5782092
2019/9/23,9719.397019,8421.213058,8554.943988,107.1562622,-18.02254648,125.1788087
2019/9/22,10050.18754,8590.039889,8826.806452,222.3406426,30.05009133,192.2905513
2019/9/21,10006.06533,8761.172062,9041.217157,306.5312983,85.34633272,221.1849656
2019/9/20,10179.86223,8952.255417,9248.243534,382.8635442,144.849775,238.0137692
2019/9/19,10241.6088,9169.549423,9428.855401,443.2305454,204.5259291,238.7046163
2019/9/18,10164.1019,9365.100014,9562.536582,479.292682,259.4792797,219.8134023
2019/9/17,10208.16582,9567.559609,9679.923716,505.5995384,308.7033314,196.896207
2019/9/16,10268.65798,9786.631772,9786.96631,525.2740906,352.0174832,173.2566074
2019/9/15,10313.44353,9973.991505,9882.689441,538.2752328,389.2690331,149.0061996
2019/9/14,10353.5498,10150.50399,9968.300415,545.5264827,420.5205231,125.0059596
2019/9/13,10346.59919,10213.22421,10037.08201,544.4363708,445.3036926,99.13267819
2019/9/12,10387.51484,10246.95694,10100.79707,540.6418179,464.3713177,76.27050025
2019/9/11,10159.72047,10262.32246,10111.51042,513.3360867,474.1642715,39.1718152
2019/9/10,10132.5448,10257.59071,10115.33485,483.9248639,476.1163899,7.80847392
2019/9/9,10322.05761,10265.63559,10152.92081,470.4849008,474.9900921,-4.505191337
2019/9/8,10410.18764,10290.24417,10199.69659,461.6236797,472.3168096,-10.69312997
2019/9/7,10477.09484,10317.13707,10250.13264,454.7577853,468.8050048,-14.04721948
2019/9/6,10339.45563,10324.21684,10266.37318,433.2163324,461.6872703,-28.47093792
2019/9/5,10574.49954,10350.32244,10322.39616,430.1521289,455.380242,-25.22811307
2019/9/4,10578.32021,10372.79948,10368.9278,423.154164,448.9350264,-25.78086242
2019/9/3,10603.09546,10398.4491,10411.50374,414.8255315,442.1131274,-27.28759596
2019/9/2,10329.85905,10392.68353,10396.65925,381.7762564,430.0457532,-48.26949683
2019/9/1,9716.72191,10348.38367,10273.03428,302.6209983,404.5608022,-101.9398039
2019/8/31,9609.787647,10296.10795,10152.44398,228.6257295,369.3737877,-140.7480582
2019/8/30,9582.255358,10222.12773,10048.77332,165.850499,328.6691299,-162.818631
2019/8/29,9493.755389,10130.4845,9947.860972,107.7177653,284.478857,-176.7610917
2019/8/28,9759.791528,10058.75417,9913.666528,82.16687945,244.0164615,-161.8495821
2019/8/27,10219.41337,10046.74995,9969.256863,97.87699469,214.7885681,-116.9115734
2019/8/26,10374.87662,10026.78765,10043.00591,121.471709,196.1251963,-74.65348734
2019/8/25,10118.39958,9980.795591,10056.71385,118.1135964,180.5228763,-62.40927996
2019/8/24,10142.8394,9934.769985,10072.37304,116.0861878,167.6355386,-51.5493508
2019/8/23,10385.50755,9940.334835,10129.30659,132.5329858,160.6150281,-28.08204223
2019/8/22,10123.99448,9981.062092,10128.34075,123.0468649,153.1013954,-30.05453054
2019/8/21,10136.96462,10033.77979,10129.90873,115.2471304,145.5305424,-30.283412
2019/8/20,10751.85732,10150.73999,10242.99029,156.8741393,147.7992618,9.074877462
2019/8/19,10890.2538,10290.38983,10360.67456,198.7403282,157.9874751,40.75285311
2019/8/18,10331.46711,10347.55738,10355.36412,184.7010499,163.33019,21.37085985
2019/8/17,10220.07017,10347.62307,10330.76522,162.7103945,163.2062309,-0.495836444
2019/8/16,10344.50799,10344.5862,10333.2639,153.5536627,161.2757173,-7.722054582
2019/8/15,10296.60027,10362.40627,10326.59779,140.8079873,157.1821713,-16.37418395
2019/8/14,10010.24994,10349.14733,10269.08,106.3746485,147.0206667,-40.64601819
2019/8/13,10920.98031,10402.6946,10387.60733,150.8355705,147.7836475,3.051923
2019/8/12,11398.76219,10530.17137,10571.45367,222.0643565,162.6397893,59.42456721
2019/8/11,11555.7759,10672.0525,10750.42134,287.8650477,187.684841,100.1802067
2019/8/10,11342.4686,10731.11363,10858.0663,319.1218155,213.9722359,105.1495796
2019/8/9,11857.84447,10827.8727,11039.84415,381.0866252,247.3951137,133.6915115
2019/8/8,12019.25536,10996.65152,11217.91891,438.167768,285.5496446,152.6181234
2019/8/7,11976.65483,11172.30999,11355.8709,474.4977633,323.3392683,151.158495
2019/8/6,11497.06268,11287.56546,11381.54213,459.2959897,350.5306126,108.7653771
2019/8/5,11782.65214,11436.17064,11454.47122,464.933691,373.4112283,91.52246272
2019/8/4,10948.18762,11529.96441,11362.41966,397.4853336,378.2260493,19.25928424
2019/8/3,10806.81707,11518.54809,11261.40101,328.8340087,368.3476412,-39.5136325
2019/8/2,10523.94638,11431.06651,11127.31835,248.7347788,344.4250687,-95.69028991
2019/8/1,10365.98473,11312.08739,10988.89405,170.5434582,309.6487466,-139.1052884
2019/7/31,10080.08612,11185.84914,10823.65625,84.53221012,264.6254393,-180.0932292
2019/7/30,9581.211678,10958.18586,10597.75723,-23.61510168,206.9773311,-230.5924328
2019/7/29,9533.58041,10709.61837,10404.27054,-111.8764289,143.2065791,-255.083008
2019/7/28,9545.094701,10466.46235,10248.05675,-178.8335773,78.79854784,-257.6321252
2019/7/27,9464.997729,10263.25586,10105.68238,-235.6443942,15.90995942,-251.5543537
2019/7/26,9845.987422,10069.58939,10058.46512,-247.0765472,-36.6873419,-210.3892053
2019/7/25,9904.696184,9965.240242,10030.50713,-248.5343549,-79.0567445,-169.4776104
2019/7/24,9807.414231,9865.299959,9989.944784,-254.6045954,-114.1663147,-140.4382807
2019/7/23,9916.381214,9804.543442,9976.56959,-247.766482,-140.8863481,-106.8801339
2019/7/22,10338.58841,9801.80381,10042.39119,-205.9050901,-153.8900965,-52.01499353
2019/7/21,10596.3557,9853.430768,10143.11201,-150.1985736,-153.1517919,2.953218336
2019/7/20,10764.70085,9971.779685,10256.12817,-91.4129596,-140.8040255,49.39106588
2019/7/19,10511.69548,10069.59119,10302.59495,-64.49687603,-125.5425956,61.04571955
2019/7/18,10629.02333,10177.98405,10361.94556,-33.31428263,-107.096933,73.78265037
2019/7/17,9643.714736,10195.85576,10231.35814,-87.10394165,-103.0983347,15.99439308
2019/7/16,9499.558669,10161.21288,10098.30369,-139.7538287,-110.4294335,-29.32439514
2019/7/15,10885.58845,10259.30211,10241.44637,-68.84462564,-102.1124719,33.26784629
2019/7/14,10288.85312,10307.446,10250.06578,-60.10724647,-93.71142684,33.60418037
2019/7/13,11397.16143,10455.52402,10458.62863,35.8353203,-67.80207741,103.6373977
2019/7/12,11776.08244,10599.27342,10698.16568,140.8229353,-26.07707487,166.9000102
2019/7/11,11376.67939,10677.30579,10821.53181,189.6121575,17.0607716,172.5513859
2019/7/10,12147.69776,10815.60548,11062.65289,287.1822481,71.0850669,216.0971812
2019/7/9,12545.44522,11018.98045,11332.2515,392.0824613,135.2845458,256.7979155
2019/7/8,12248.87413,11180.96553,11498.91016,446.1429692,197.4562305,248.6867387
2019/7/7,11441.6227,11360.75633,11488.49426,419.0176921,241.7685228,177.2491693
2019/7/6,11266.40134,11537.4406,11448.11373,379.0127917,269.2173766,109.7954151
2019/7/5,10980.08333,11546.89009,11363.01729,320.5105037,279.476002,41.03450174
2019/7/4,11221.25556,11640.13033,11337.24243,290.2616469,281.633131,8.628515914
2019/7/3,11943.62984,11694.77717,11447.49469,320.8798737,289.4824795,31.3973942
2019/7/2,10818.18812,11598.98774,11333.07531,251.4329356,281.8725707,-30.43963513
2019/7/1,10638.00327,11525.12013,11206.69858,179.7838885,261.4548343,-81.67094576
2019/6/30,10912.25593,11401.57594,11153.16355,143.4774811,237.8593637,-94.38188257
2019/6/29,12097.56779,11356.7882,11324.87341,207.9520113,231.8778932,-23.92588189
2019/6/28,12482.40996,11380.14178,11535.3346,286.7960812,242.8615308,43.93455038
2019/6/27,11237.07665,11359.68718,11481.10588,245.957341,243.4806928,2.476648186
2019/6/26,13112.78254,11544.3253,11777.77437,360.7872043,266.9419951,93.84520918
2019/6/25,11810.12783,11627.32975,11783.65681,342.7266109,282.0989183,60.62769261
2019/6/24,11013.9636,11606.60055,11643.71259,261.1591805,277.9109707,-16.75179025
2019/6/23,10880.05131,11500.2427,11504.86509,183.5944391,259.0476644,-75.45322526
2019/6/22,10719.8078,11490.40467,11362.1274,107.9491403,228.8279596,-120.8788193
2019/6/21,10162.2037,11442.82471,11143.95945,2.971452104,183.6566581,-180.685206
2019/6/20,9589.390555,11310.53817,10861.31056,-125.004383,121.9244499,-246.9288329
2019/6/19,9311.883212,11031.96972,10579.5965,-245.9831372,48.34293246,-294.3260696
2019/6/18,9125.090764,10696.2378,10315.14091,-352.8646568,-31.8985854,-320.9660714
2019/6/17,9328.082236,10505.33835,10135.6757,-416.3894376,-108.7967558,-307.5926818
2019/6/16,9025.723642,10096.63246,9933.866233,-485.5341601,-184.1442367,-301.3899234
2019/6/15,8859.597054,9801.579387,9738.544564,-547.4264864,-256.8006866,-290.6257998
2019/6/14,8696.970843,9569.880112,9549.167524,-602.6521778,-325.9709849,-276.6811929
2019/6/13,8286.913174,9310.566298,9319.666733,-671.7634916,-395.1294862,-276.6340054
2019/6/12,8159.590369,9054.544555,9108.743758,-728.4119129,-461.7859716,-266.6259414
2019/6/11,7962.75633,8834.599818,8900.382407,-780.1954494,-525.4678671,-254.7275823
2019/6/10,8000.570019,8675.717764,8736.780155,-808.8590034,-582.1460944,-226.712909
2019/6/9,7750.808728,8519.610316,8557.512623,-842.022415,-634.1213585,-207.9010565
2019/6/8,7974.683977,8404.569637,8451.543778,-840.5504536,-675.4071775,-165.1432761
2019/6/7,8070.900978,8278.851511,8382.335996,-822.1428547,-704.7543129,-117.3885417
2019/6/6,7846.273224,8160.90647,8284.870038,-816.2708205,-727.0576144,-89.21320601
2019/6/5,7860.506171,8060.997381,8207.712971,-801.2326005,-741.8926117,-59.33998884
2019/6/4,7760.011058,7967.301403,8126.312623,-788.3363677,-751.1813629,-37.1550048
2019/6/3,8362.955081,7974.905594,8169.338525,-721.1504926,-745.1751888,24.02469621
2019/6/2,8781.231373,8037.069694,8280.59177,-626.9269775,-721.5255465,94.59856902
2019/6/1,8596.109824,8100.405043,8337.958689,-560.7281992,-689.3660771,128.6378778
2019/5/31,8606.278615,8160.975903,8386.74413,-501.661809,-651.8252235,150.1634145
2019/5/30,8380.8684,8223.98187,8385.675815,-467.6492206,-614.9900229,147.3408023
2019/5/29,8672.985373,8293.81201,8437.913917,-412.3690669,-574.4658317,162.0967648
2019/5/28,8721.615742,8358.883486,8489.496067,-360.4796969,-531.6686047,171.1889078
2019/5/27,8857.096556,8459.965819,8556.332519,-304.9100151,-486.3168868,181.4068717
2019/5/26,8736.628564,8547.578059,8589.113618,-267.5077394,-442.5550573,175.047318
2019/5/25,8104.732046,8582.050157,8501.044242,-285.5631403,-411.1566739,125.5935337
2019/5/24,8021.477876,8547.902437,8413.850357,-303.0961871,-389.5445765,86.44838944
2019/5/23,7919.729554,8461.752255,8324.010211,-321.4954924,-375.9347597,54.43926733
2019/5/22,7744.861887,8376.627461,8218.710516,-346.1966937,-369.9871465,23.79045282
2019/5/21,7984.314133,8314.431013,8176.092992,-342.5026216,-364.4902415,21.98761993
2019/5/20,8004.459954,8276.790169,8144.886985,-334.0981678,-358.4118268,24.31365902
2019/5/19,8186.662732,8228.157904,8152.482575,-309.1714006,-348.5637415,39.39234092
2019/5/18,7332.609911,8089.257321,8003.414818,-354.2481312,-349.7006195,-4.547511712
2019/5/17,7382.337789,7941.781445,7890.491722,-381.560746,-356.0726448,-25.48810121
2019/5/16,7918.875905,7860.006179,7895.652482,-355.8104863,-356.0202131,0.209726812
2019/5/15,8181.247379,7867.657712,7947.578827,-310.6510428,-346.946379,36.29533619
2019/5/14,8028.236494,7868.333574,7962.243858,-283.9355262,-334.3442085,50.40868224
2019/5/13,7813.193116,7857.67993,7935.143723,-276.9232909,-322.860025,45.93673403
2019/5/12,6992.035884,7782.39733,7763.66957,-333.7789736,-325.0438147,-8.735158927
2019/5/11,7235.877636,7707.55368,7667.7074,-355.0685115,-331.0487541,-24.01975743
2019/5/10,6386.69149,7545.776834,7434.795417,-435.443329,-351.927669,-83.51565997
2019/5/9,6187.660821,7345.876643,7208.043672,-509.3298254,-383.4081003,-125.9217251
2019/5/8,5973.935496,7210.009201,6983.660367,-578.4630913,-422.4190985,-156.0439928
2019/5/7,5855.204284,7057.295851,6778.486534,-635.5065946,-465.0365977,-170.4699969
2019/5/6,5742.76254,6839.684514,6590.173081,-681.9262695,-508.4145321,-173.5117374
2019/5/5,5779.333069,6599.493083,6442.747624,-707.6064139,-548.2529084,-159.3535055
2019/5/4,5820.358392,6378.705273,6329.585945,-716.3896191,-581.8802506,-134.5093685
2019/5/3,5734.732074,6170.859169,6221.430696,-721.9376529,-609.891731,-112.0459218
2019/5/2,5485.782605,6020.233841,6087.676498,-737.9164101,-635.4966669,-102.4197433
2019/5/1,5388.818933,5835.52797,5960.611486,-749.7610695,-658.3495474,-91.41152211
2019/4/30,5305.984482,5727.45727,5841.588394,-757.104664,-678.1005707,-79.00409329
2019/4/29,5258.677411,5634.558929,5735.604579,-758.0040025,-694.0812571,-63.92274544
2019/4/28,5293.938256,5566.559205,5655.301611,-747.2575593,-704.7165175,-42.54104176
2019/4/27,5274.514196,5508.490196,5586.067536,-731.8717232,-710.1475586,-21.72416458
2019/4/26,5264.272698,5460.641212,5527.559383,-712.2938604,-710.576819,-1.717041387
2019/4/25,5241.366292,5406.844534,5475.524276,-690.6650616,-706.5944675,15.92940588
2019/4/24,5484.270138,5373.235709,5477.114433,-646.4716497,-694.569904,48.09825425
2019/4/23,5591.933563,5358.955857,5497.990638,-595.8914481,-674.8342128,78.94276472
2019/4/22,5417.509437,5352.128541,5483.357693,-563.3864745,-652.5446651,89.15819062
2019/4/21,5349.866311,5348.233278,5459.086532,-536.895289,-629.4147899,92.51950086
2019/4/20,5363.756655,5354.010496,5441.753827,-508.9135603,-605.314544,96.40098369
2019/4/19,5317.96215,5359.93897,5419.24625,-484.8440916,-581.2204535,96.3763619
2019/4/18,5309.256996,5361.470844,5399.248203,-461.1553852,-557.2074399,96.05205463
2019/4/17,5271.109695,5361.130394,5375.950293,-440.3836149,-533.8426749,93.45905993
2019/4/16,5280.621478,5362.765271,5358.617781,-418.3320445,-510.7405488,92.40850426
2019/4/15,5114.800176,5350.10866,5314.287307,-409.5157665,-490.4955924,80.97982582
2019/4/14,5187.562408,5320.437887,5291.246417,-392.1371853,-470.8239109,78.68672565
2019/4/13,5132.674495,5274.51198,5262.415158,-378.4312109,-452.3453709,73.91416005
2019/4/12,5090.026913,5241.763728,5231.071841,-366.7823918,-435.2327751,68.45038334
2019/4/11,5055.483612,5212.325458,5199.146708,-356.2315587,-419.4325318,63.2009731
2019/4/10,5334.165462,5209.366339,5223.695573,-321.6745869,-399.8809428,78.20635596
2019/4/9,5235.702336,5201.140357,5225.878621,-298.7888373,-379.6625217,80.87368438
2019/4/8,5303.985429,5200.6132,5240.079858,-272.0063215,-358.1312817,86.1249602
2019/4/7,5212.309923,5194.733223,5235.030779,-255.2362275,-337.5522708,82.31604333
2019/4/6,5066.740036,5173.345079,5204.432462,-250.8010027,-320.2020172,69.40101453
2019/4/5,5029.810426,5164.846104,5172.683001,-247.4139322,-305.6444002,58.23046805
2019/4/4,4924.082434,5138.498107,5127.482898,-250.3748542,-294.590491,44.21563678
2019/4/3,4981.380899,5123.368747,5100.918898,-245.2705726,-284.7265073,39.45593475
2019/4/2,4888.060145,5103.17207,5062.217307,-245.9207759,-276.965361,31.04458515
2019/4/1,4202.12515,5017.836224,4905.836915,-298.3461396,-281.2415167,-17.10462286
2019/3/31,4202.588398,4904.678518,4777.973548,-335.9832323,-292.1898598,-43.79337241
2019/3/30,4164.62132,4797.570416,4666.454961,-364.6708269,-306.6860533,-57.98477368
2019/3/29,4128.954216,4680.067295,4568.727553,-385.8363088,-322.5161044,-63.32020446
2019/3/28,4061.003062,4564.936609,4476.414009,-403.4425613,-338.7013958,-64.74116549
2019/3/27,4069.689197,4465.231525,4402.464043,-411.9460866,-353.3503339,-58.59575265
2019/3/26,3980.620043,4360.312486,4325.765134,-421.0190821,-366.8840836,-54.13499854
2019/3/25,3969.701717,4264.874415,4261.026331,-424.2005937,-378.3473856,-45.85320811
2019/3/24,4024.480056,4169.18433,4218.017917,-417.4892541,-386.1757593,-31.31349485
2019/3/23,4034.593702,4083.837686,4184.66806,-406.6665833,-390.2739241,-16.39265918
2019/3/22,4017.939706,4065.419142,4154.353814,-394.8814296,-391.1954252,-3.686004412
2019/3/21,4024.283202,4047.588622,4130.704612,-380.64194,-389.0847281,8.442788184
2019/3/20,4075.319877,4038.658478,4120.63466,-361.0765431,-383.4830911,22.40654807
2019/3/19,4039.787114,4029.741768,4105.935106,-344.4672184,-375.6799166,31.21269818
2019/3/18,4020.470962,4025.688558,4090.396171,-329.069552,-366.3578437,37.28829165
2019/3/17,4007.16692,4019.43633,4075.26358,-314.317064,-355.9496877,41.63262371
2019/3/16,4024.229285,4023.797254,4065.984617,-297.8157858,-344.3229073,46.50712159
2019/3/15,3928.041329,4019.631215,4040.904019,-289.166635,-333.2916529,44.12501785
2019/3/14,3900.376687,4007.220878,4015.353595,-281.3017547,-322.8936732,41.59191857
2019/3/13,3895.619863,3993.323495,3993.583826,-272.3135551,-312.7776496,40.46409452
2019/3/12,3901.113915,3981.640915,3976.771115,-261.7299581,-302.5681113,40.83815324
2019/3/11,3879.103312,3967.122926,3959.013332,-252.2111201,-292.4967131,40.28559298
2019/3/10,3902.806463,3949.871585,3948.793902,-239.9882906,-281.9950286,42.00673798
2019/3/9,3931.895283,3939.082402,3945.721425,-225.3566147,-270.6673458,45.31073109
2019/3/8,3872.141156,3924.249421,3932.343195,-216.0915954,-259.7521957,43.6606003
2019/3/7,3888.248904,3912.35762,3924.326051,-205.0851463,-248.8187858,43.73363951
2019/3/6,3873.668096,3897.301501,3915.115514,-195.2878487,-238.1125984,42.8247497
2019/3/5,3855.002805,3889.997648,3904.18593,-186.8753698,-227.8651527,40.98978287
2019/3/4,3755.244534,3875.484433,3877.105676,-186.1126873,-219.5146596,33.40197236
2019/3/3,3881.076222,3874.030069,3877.827594,-173.3563462,-210.2829969,36.92665076
2019/3/2,3848.655865,3868.784264,3872.523643,-163.9727302,-201.0209436,37.04821334
2019/3/1,3834.29029,3864.302962,3865.572124,-155.8982311,-191.9964011,36.09816999
2019/2/28,3845.258313,3858.548147,3861.878704,-146.9204965,-182.9812202,36.06072364
2019/2/27,3841.615656,3849.520184,3858.194514,-138.5029336,-174.0855629,35.58262927
2019/2/26,3842.992707,3846.605339,3855.430549,-130.2197456,-165.3123994,35.09265379
2019/2/25,3868.161644,3844.596613,3857.745293,-120.2383043,-156.2975804,36.0592761
2019/2/24,3807.506664,3837.98047,3848.610997,-115.8864235,-148.215349,32.32892548
2019/2/23,4123.668789,3864.847068,3898.621505,-85.9352771,-135.7593346,49.82405753
2019/2/22,3970.590294,3886.381644,3911.706739,-73.7013497,-123.3477377,49.64638795
2019/2/21,3894.540736,3887.728096,3908.585648,-69.34309383,-112.5468089,43.20371506
2019/2/20,3918.389586,3894.701468,3910.368182,-63.23579884,-102.6846069,39.44880804
2019/2/19,3893.270397,3900.599479,3907.259494,-59.73405518,-94.09449654,34.36044136
2019/2/18,3858.949361,3901.968583,3898.475833,-59.04765427,-87.08512808,28.03747381
2019/2/17,3630.269019,3880.83392,3849.710958,-76.07927452,-84.88395737,8.804682849
2019/2/16,3599.138222,3856.448471,3804.152279,-91.03950469,-86.11506683,-4.924437852
2019/2/15,3596.820722,3829.314379,3766.455632,-101.9078673,-89.27362693,-12.63424037
2019/2/14,3577.37136,3806.300849,3732.076673,-110.813139,-93.58152935,-17.2316097
2019/2/13,3590.146721,3752.948642,3706.271228,-115.5082589,-97.96687526,-17.54138364
2019/2/12,3608.145569,3716.704169,3688.430199,-116.4346326,-101.6604267,-14.77420589
2019/2/11,3615.96957,3688.847053,3675.255539,-115.2093968,-104.3702207,-10.83917604
2019/2/10,3663.532767,3663.361371,3673.124126,-109.1423114,-105.3246389,-3.817672541
2019/2/9,3648.622398,3638.896571,3668.669266,-104.3345411,-105.1266193,0.792078235
2019/2/8,3632.621064,3616.263741,3662.115048,-100.6552315,-104.2323418,3.577110234
2019/2/7,3382.947414,3591.531581,3611.357296,-116.5424997,-106.6943734,-9.84812639
2019/2/6,3405.558944,3572.173653,3573.939414,-125.8579012,-110.5270789,-15.3308223
2019/2/5,3463.442822,3558.835863,3553.849124,-127.1044973,-113.8425626,-13.2619347
2019/2/4,3453.032184,3546.401945,3535.518772,-127.4631691,-116.5666839,-10.89648518
2019/2/3,3451.480647,3532.535338,3520.239113,-126.4153773,-118.5364226,-7.878954748
2019/2/2,3502.072823,3521.928063,3516.936151,-120.1179837,-118.8527348,-1.265248888
2019/2/1,3474.400614,3507.771168,3509.202417,-116.022732,-118.2867343,2.264002218
2019/1/31,3447.812769,3486.199168,3498.040663,-113.6129728,-117.351982,3.739009125
2019/1/30,3470.82826,3468.419754,3493.092953,-108.5942566,-115.6004369,7.006180328
2019/1/29,3438.806393,3449.038287,3483.222669,-105.9791234,-113.6761742,7.697050766
2019/1/28,3462.059067,3456.949452,3479.374742,-100.8675765,-111.1144547,10.24687817
2019/1/27,3575.695347,3473.963093,3496.887579,-86.6483128,-106.2212263,19.57291348
2019/1/26,3595.147524,3487.133563,3514.753024,-72.96867827,-99.57071668,26.60203842
2019/1/25,3590.982706,3500.928615,3528.612966,-61.75170019,-92.00691339,30.2552132
2019/1/24,3601.873911,3515.967941,3541.933138,-51.39093235,-83.88371718,32.49278483
2019/1/23,3592.901431,3525.050802,3551.2001,-43.40362338,-75.78769842,32.38407504
2019/1/22,3608.383962,3538.449137,3561.597166,-35.41605835,-67.7133704,32.29731205
2019/1/21,3547.119997,3548.37986,3558.964953,-33.64154668,-60.89900566,27.25745898
2019/1/20,3583.507436,3559.647777,3563.427223,-28.96517862,-54.51224025,25.54706163
2019/1/19,3735.953787,3589.362517,3594.795689,-12.81030751,-46.1718537,33.36154619
2019/1/18,3653.185376,3608.475148,3605.411996,-6.609979085,-38.25947878,31.64949969
2019/1/17,3684.253015,3619.330915,3619.746727,0.801485658,-30.44728589,31.24877155
2019/1/16,3658.24673,3625.640835,3626.746727,4.524479623,-23.45293279,27.97741241
2019/1/15,3640.207439,3630.563308,3629.194129,5.950762454,-17.57219374,23.52295619
2019/1/14,3705.942606,3640.970178,3643.148398,12.24423654,-11.60890768,23.85314423
2019/1/13,3553.227143,3637.002749,3626.799079,4.853055528,-8.316515041,13.16957057
2019/1/12,3668.24992,3642.989345,3634.335595,8.182544859,-5.016703061,13.19924792
2019/1/11,3678.691684,3656.146514,3642.400339,11.53083198,-1.707196054,13.23802803
2019/1/10,3673.215707,3665.117341,3648.003133,13.58589828,1.351422814,12.23447547
2019/1/9,4032.575391,3694.779501,3717.925362,43.70803729,9.82274571,33.88529158
2019/1/8,4030.989306,3732.559894,3774.846079,66.68338117,21.1948728,45.48850837
2019/1/7,4036.958448,3767.830437,3822.502873,84.40025301,33.83594884,50.56430417
2019/1/6,4085.907582,3810.596523,3870.394638,101.223941,47.31354728,53.91039375
2019/1/5,3866.004564,3833.176235,3869.596443,95.70922291,56.99268241,38.7165405
2019/1/4,3877.816632,3850.363638,3871.091023,91.24014464,63.84217485,27.39796979
2019/1/3,3843.99664,3879.440587,3866.164771,84.00106521,67.87395292,16.12711229
2019/1/2,3938.625961,3906.478192,3879.339533,84.92092244,71.28334683,13.63757561
2019/1/1,3851.181614,3923.727185,3874.219912,77.69823107,72.56632368,5.131907396
2018/12/31,3746.123953,3931.018009,3850.929737,62.77330925,70.60772079,-7.834411537
2018/12/30,3863.165984,3914.077068,3853.154509,59.70131533,68.4264397,-8.725124372
2018/12/29,3832.098961,3894.188034,3849.326228,54.13584457,65.56832067,-11.4324761
2018/12/28,3902.734263,3880.765615,3859.03678,54.79322525,63.41330159,-8.620076336
2018/12/27,3651.165346,3837.291392,3821.241974,34.61566716,57.6537747,-23.03810754
2018/12/26,3833.455304,3834.036466,3823.462579,32.95420756,52.71386128,-19.75965371
2018/12/25,3789.436638,3825.198466,3817.276044,27.76548714,47.72418645,-19.95869931
2018/12/24,4049.134022,3845.712205,3859.43204,44.10043497,46.99943615,-2.899001182
2018/12/23,3980.147519,3849.86436,3881.380309,50.89270514,47.77808995,3.114615188
2018/12/22,3985.947865,3863.340986,3900.392592,56.09701615,49.44187519,6.655140956
2018/12/21,3872.495182,3875.978108,3895.320336,50.48482908,49.65046597,0.834363109
2018/12/20,4103.258582,3899.987368,3933.12729,63.92096708,52.50456619,11.41640089
2018/12/19,3719.296166,3888.707089,3894.248903,43.08993128,50.62163921,-7.531707927
2018/12/18,3671.041341,3865.537797,3853.66571,22.42887809,44.98308698,-22.55420889
2018/12/17,3520.00734,3852.421996,3793.000552,-6.06245287,34.77397901,-40.83643188
2018/12/16,3259.040242,3794.98049,3695.916859,-49.1335211,17.99247899,-67.12600009
2018/12/15,3244.865925,3740.523418,3613.907599,-83.4494486,-2.295906526,-81.15354207
2018/12/14,3236.70091,3659.280107,3545.324564,-110.0354961,-23.84382445,-86.1916717
2018/12/13,3314.351766,3592.700532,3503.32951,-123.4166845,-43.75839647,-79.65828806
2018/12/12,3471.915387,3541.297284,3497.617851,-119.9248859,-58.99169435,-60.93319154
2018/12/11,3394.218703,3493.469636,3478.818006,-122.0205069,-71.59745687,-50.42305006
2018/12/10,3464.835871,3429.627365,3476.2758,-116.6385498,-80.60567546,-36.03287436
2018/12/9,3586.572261,3416.354975,3496.329702,-101.3815375,-84.76084787,-16.62068963
2018/12/8,3465.344049,3395.785245,3490.695947,-97.94331926,-87.39734214,-10.54597711
2018/12/7,3424.127676,3386.197279,3478.592625,-97.42131114,-89.40213594,-8.019175195
2018/12/6,3530.420581,3413.335313,3488.01589,-87.42290995,-89.00629074,1.583380794
2018/12/5,3778.6441,3466.71313,3540.857382,-58.79182591,-82.96339778,24.17157187
2018/12/4,3959.996646,3539.042704,3617.064521,-21.22320282,-70.61535879,49.39215596
2018/12/3,3905.390427,3598.14657,3669.487413,4.096711785,-55.67294467,59.76965646
2018/12/2,4143.979048,3665.352936,3755.75862,42.92027605,-35.95430053,78.87457658
2018/12/1,4208.469723,3746.778038,3838.069729,77.9930338,-13.16483366,91.15786746
2018/11/30,4030.044494,3803.2989,3872.974232,90.34952906,7.538038882,82.81149017
2018/11/29,4295.392323,3874.180907,3949.777521,120.1682678,30.06408466,90.10418311
2018/11/28,4256.464556,3953.292957,4005.5388,139.0557396,51.86241564,87.19332393
2018/11/27,3835.01659,3994.381849,3974.534762,118.6491548,65.21976347,53.42939131
2018/11/26,3801.729367,4021.512727,3943.115599,98.65357164,71.9065251,26.74704654
2018/11/25,4008.329436,4044.481261,3954.972661,98.34417643,77.19405537,21.15012106
2018/11/24,3894.620254,4037.943622,3943.999496,87.91022349,79.33728899,8.572934496
2018/11/23,4374.323227,4084.836902,4022.240174,117.000552,86.86994159,30.13061037
2018/11/22,4377.54577,4108.193574,4086.841192,138.7158492,97.2391231,41.47672607
2018/11/21,4609.512684,4148.29787,4181.872372,172.6529344,112.3218854,60.33104907
2018/11/20,4470.864068,4192.379828,4234.416317,186.2139756,127.1003034,59.11367222
2018/11/19,4893.020433,4252.142638,4354.16252,228.3929177,147.3588263,81.0340914
2018/11/18,5647.479577,4391.244141,4589.311076,319.021104,181.6912818,137.3298222
2018/11/17,5631.540424,4570.896524,4778.807321,385.1190258,222.3768306,162.7421952
2018/11/16,5627.478697,4753.471457,4933.111207,432.1923137,264.3399272,167.8523865
2018/11/15,5654.723204,4918.110834,5064.313389,466.3211772,304.7361772,161.585
2018/11/14,5747.076679,5103.356476,5188.452169,495.1133427,342.8116103,152.3017323
2018/11/13,6371.367486,5303.060902,5403.527681,561.8299658,386.6152814,175.2146844
2018/11/12,6364.393922,5501.745717,5578.230634,607.141908,430.7206067,176.4213012
2018/11/11,6407.676509,5681.5621,5729.038975,639.1764632,472.411778,166.7646852
2018/11/10,6399.518804,5874.427573,5850.944398,656.3399422,509.1974109,147.1425313
2018/11/9,6397.943423,6024.919873,5950.398766,662.1817834,539.7942854,122.387498
2018/11/8,6468.139286,6106.985843,6044.533406,664.8121634,564.797861,100.0143024
2018/11/7,6526.820154,6196.513816,6132.221906,663.9778903,584.6338668,79.34402345
2018/11/6,6428.294585,6276.595405,6186.053302,647.8979684,597.2866871,50.61128122
2018/11/5,6413.987438,6352.521829,6227.495872,626.7749754,603.1843448,23.59063063
2018/11/4,6456.241631,6423.438324,6269.08601,606.4535921,603.8381942,2.615397828
2018/11/3,6387.91703,6425.093278,6290.69165,578.1707328,598.704702,-20.53396918
2018/11/2,6407.751479,6429.429034,6311.975255,551.0051924,589.1648,-38.15960764
2018/11/1,6368.306136,6425.491997,6322.217234,520.2957509,575.3909902,-55.09523933
2018/10/31,6298.837501,6415.423866,6317.966373,484.7646933,557.2657308,-72.5010375
2018/10/30,6284.585339,6404.088058,6311.897094,450.2656616,535.865717,-85.60005539
2018/10/29,6252.273571,6382.501486,6301.056454,415.5276961,511.7981128,-96.27041668
2018/10/28,6406.221101,6370.441581,6320.177299,395.8566977,488.6098298,-92.75313208
2018/10/27,6416.188305,6369.230953,6337.633845,376.728864,466.2336366,-89.50477266
2018/10/26,6416.405872,6369.472797,6351.956032,357.4668188,444.4802731,-87.01345427
2018/10/25,6420.365573,6365.885191,6364.39413,338.6176505,423.3077486,-84.69009806
2018/10/24,6433.06548,6370.400036,6376.87983,321.003991,402.846997,-81.84300606
2018/10/23,6423.905004,6372.015388,6385.429862,302.8151999,382.8406376,-80.02543768
2018/10/22,6466.252678,6381.810042,6400.124919,288.4919992,363.9709099,-75.47891075
2018/10/21,6475.861332,6399.512425,6413.895176,274.7489625,346.1265204,-71.37755799
2018/10/20,6461.901011,6417.243993,6422.62351,259.7369398,328.8486043,-69.11166448
2018/10/19,6455.39574,6437.55621,6428.582097,244.4964795,311.9781794,-67.48169983
2018/10/18,6479.295676,6444.863667,6437.802748,231.6762109,295.9177857,-64.24157478
2018/10/17,6520.256441,6455.270481,6452.794328,222.2591815,281.1860648,-58.9268833
2018/10/16,6552.077685,6468.837662,6470.845848,214.8867457,267.926201,-53.03945528
2018/10/15,6576.759501,6484.477055,6490.102876,208.6306888,256.0670986,-47.43640976
2018/10/14,6321.811255,6473.351632,6459.504399,181.0139102,241.0564609,-60.0425507
2018/10/13,6325.159139,6463.477046,6435.077988,157.581064,224.3613815,-66.78031751
2018/10/12,6293.90483,6446.242261,6409.410141,134.9329797,206.4757012,-71.54272149
2018/10/11,6252.437099,6423.899838,6380.869588,112.3430891,187.6491787,-75.30608963
2018/10/10,6599.428021,6437.652539,6420.607485,121.0443813,174.3282193,-53.28383796
2018/10/9,6646.658367,6456.778801,6461.707645,130.2498728,165.51255,-35.26267717
2018/10/8,6657.272478,6474.576482,6497.264888,136.8245331,159.7749466,-22.95041347
2018/10/7,6595.637642,6482.114602,6515.150843,135.4996273,154.9198827,-19.42025544
2018/10/6,6590.995726,6486.006406,6528.940822,132.5471451,150.4453352,-17.89819014
2018/10/5,6626.550323,6490.985488,6546.688004,131.5597021,146.6682086,-15.10850647
2018/10/4,6574.045632,6516.208926,6551.662118,125.0984002,142.3542469,-17.2558467
2018/10/3,6505.256156,6534.218627,6543.22467,113.1230243,136.5080024,-23.38497811
2018/10/2,6534.415121,6558.269657,6541.622934,104.7775272,130.1619073,-25.38438011
2018/10/1,6596.018098,6592.627756,6551.512964,101.9591841,124.5213627,-22.56217859
2018/9/30,6619.480812,6594.633036,6563.870754,100.460822,119.7092546,-19.24843257
2018/9/29,6600.212125,6589.988411,6570.478276,96.60493564,115.0883908,-18.48345513
2018/9/28,6641.955563,6588.45672,6583.474147,95.81299199,111.233311,-15.42031903
2018/9/27,6676.851173,6596.578073,6600.451788,96.88433275,108.3635154,-11.47918262
2018/9/26,6479.083948,6585.386895,6578.384908,80.84330448,102.8594732,-22.01616871
2018/9/25,6438.627759,6566.594639,6552.974517,64.12698173,95.1129749,-30.98599316
2018/9/24,6586.794102,6567.869486,6559.123533,62.11889319,88.51415855,-26.39526536
2018/9/23,6709.838127,6588.327683,6586.526186,69.65317461,84.74196177,-15.08878715
2018/9/22,6707.238115,6605.609982,6608.47381,74.55492491,82.7045544,-8.149629482
2018/9/21,6744.696981,6620.477871,6633.241659,80.53387044,82.27041761,-1.73654716
2018/9/20,6497.019131,6608.231702,6608.473927,64.54268737,78.72487156,-14.18218419
2018/9/19,6397.127392,6587.923229,6570.047284,43.3098817,71.64187359,-28.33199188
2018/9/18,6363.858467,6560.11352,6532.558408,23.5270014,62.01889915,-38.49189775
2018/9/17,6274.229074,6519.85131,6485.589438,0.609556699,49.73703066,-49.12747396
2018/9/16,6512.152478,6523.158163,6490.419082,1.626992002,40.11502293,-38.48803093
2018/9/15,6537.211073,6533.016494,6498.926717,4.404562943,32.97293093,-28.56836799
2018/9/14,6509.223086,6525.259392,6500.798784,4.297868131,27.23791837,-22.94005024
2018/9/13,6501.145617,6504.390141,6500.861844,3.520940274,22.49452275,-18.97358248
2018/9/12,6359.149645,6469.581294,6475.09599,-8.455202569,16.30457769,-24.75978026
2018/9/11,6306.694006,6425.780997,6444.477447,-21.9263603,8.65839009,-30.58475039
2018/9/10,6330.669843,6409.146068,6423.785156,-30.31821072,0.863069927,-31.18128065
2018/9/9,6277.682277,6397.201557,6397.220996,-40.77444398,-7.464432853,-33.31001112
2018/9/8,6214.51545,6382.267255,6364.001806,-53.54093265,-16.67973281,-36.86119984
2018/9/7,6436.841435,6398.528491,6377.245375,-45.19760808,-22.38330787,-22.81430021
2018/9/6,6519.675095,6399.280753,6403.141687,-31.53792953,-24.2142322,-7.323697331
2018/9/5,6714.906125,6417.050258,6459.826131,-4.902510274,-20.35188781,15.44937754
2018/9/4,7360.989295,6502.226879,6623.673979,67.56096293,-2.769317664,70.3302806
2018/9/3,7268.864743,6578.998791,6740.98139,116.2154468,21.02763522,95.18781154
2018/9/2,7277.239549,6670.807782,6838.482874,153.6787397,47.55785613,106.1208836
2018/9/1,7193.248733,6759.463255,6902.985757,174.5788758,72.96206006,101.6168157
2018/8/31,7018.26405,6828.222675,6923.945447,175.0052313,93.37069432,81.63453703
2018/8/30,6973.880312,6897.842479,6933.024513,169.8043259,108.6574206,61.14690525
2018/8/29,7036.643094,6980.055243,6951.864255,168.801168,120.6861701,48.11499791
2018/8/28,7082.637385,7044.634838,6975.641188,169.7606183,130.5010598,39.25955859
2018/8/27,6883.391277,7081.006456,6958.868477,152.6834541,134.9375386,17.74591546
2018/8/26,6705.158423,7080.031686,6912.739376,123.3459216,132.6192152,-9.273293623
2018/8/25,6745.155573,7018.448314,6882.269594,102.1456797,126.5245081,-24.37882845
2018/8/24,6709.592961,6962.521136,6850.873842,81.53484664,117.5265758,-35.99172917
2018/8/23,6528.524415,6887.649622,6792.264856,50.01337156,104.023935,-54.0105634
2018/8/22,6376.530714,6805.97782,6716.67683,12.62225259,85.74359849,-73.1213459
2018/8/21,6482.48094,6752.399509,6674.095759,-8.364757102,66.92192737,-75.28668447
2018/8/20,6291.971192,6684.208597,6604.618565,-39.90960491,45.55562091,-85.46522582
2018/8/19,6509.311913,6631.475479,6587.290083,-46.83169761,27.07815721,-73.90985482
2018/8/18,6420.016879,6565.213429,6556.876773,-58.84454564,9.89361664,-68.73816227
2018/8/17,6587.234439,6535.597745,6562.396349,-54.2464355,-2.934393789,-51.31204171
2018/8/16,6329.69734,6498.051637,6520.087438,-70.57000457,-16.46151595,-54.10848863
2018/8/15,6306.298266,6454.165906,6481.216679,-84.42150186,-30.05351313,-54.36798873
2018/8/14,6207.11752,6403.918362,6431.380469,-102.2236005,-44.48753061,-57.73606992
2018/8/13,6284.928115,6379.558732,6404.752768,-108.7990594,-57.34983637,-51.44922306
2018/8/12,6342.511734,6376.156834,6393.436216,-108.1173319,-67.50333547,-40.6139964
2018/8/11,6293.915942,6357.300334,6375.341621,-110.2276959,-76.04820756,-34.17948833
2018/8/10,6183.831056,6346.48632,6340.521518,-119.4066592,-84.71989789,-34.68676133
2018/8/9,6563.764604,6351.93159,6381.11117,-94.92930576,-86.76177946,-8.167526297
2018/8/8,6281.517374,6338.081639,6363.003207,-97.18552518,-88.84652861,-8.33899657
2018/8/7,6732.82669,6352.640864,6430.24384,-61.84380834,-83.44598455,21.60217621
2018/8/6,6935.713092,6413.242439,6522.147341,-17.26498606,-70.20978486,52.94479879
2018/8/5,7041.990104,6486.811623,6616.664207,26.3361319,-50.9006015,77.23673341
2018/8/4,7017.844894,6567.884361,6689.60615,58.27031148,-29.06641891,87.33673039
2018/8/3,7422.438043,6681.635353,6822.848312,114.9011557,-0.27290399,115.1740597
2018/8/2,7551.493153,6802.533495,6955.329192,168.2556303,33.43280288,134.8228275
2018/8/1,7596.721803,6932.814081,7071.946031,211.7481096,69.09586422,142.6522454
2018/7/31,7752.144492,7089.645425,7195.618478,255.8087211,106.4384356,149.3702855
2018/7/30,8181.184914,7251.387456,7374.812376,321.6393909,149.4786267,172.1607643
2018/7/29,8211.614335,7444.397152,7526.958186,371.9781385,193.978529,177.9996095
2018/7/28,8195.281388,7590.642622,7648.471496,405.875348,236.3578928,169.5174552
2018/7/27,8158.491094,7712.920422,7741.202332,424.8727924,274.0608728,150.8119197
2018/7/26,7933.673932,7802.088805,7776.197168,416.9808423,302.6448667,114.3359756
2018/7/25,8179.363887,7918.240704,7849.500208,425.6449708,327.2448875,98.40008327
2018/7/24,8338.94062,8009.890962,7938.489374,440.3122185,349.8583537,90.45386482
2018/7/23,7712.930732,8026.03472,7897.478712,396.8477382,359.2562306,37.59150758
2018/7/22,7391.747574,8005.537297,7805.527596,332.6504405,353.9350726,-21.28463206
2018/7/21,7400.986497,7970.421497,7731.974669,279.2995323,339.0079645,-59.70843219
2018/7/20,7329.843348,7885.287341,7658.859883,228.6422501,316.9348216,-88.29257151
2018/7/19,7443.660646,7808.491972,7619.732749,195.4273292,292.6333232,-97.20599398
2018/7/18,7353.883851,7724.352218,7571.396586,160.0154692,266.1097524,-106.0942831
2018/7/17,7317.330034,7640.236112,7525.202667,127.5316224,238.3941264,-110.862504
2018/7/16,6705.492444,7517.417963,7376.164445,51.82040617,201.0793823,-149.2589762
2018/7/15,6346.599551,7334.14153,7188.970828,-36.7176767,153.5199705,-190.2376472
2018/7/14,6250.050407,7125.252508,7018.258024,-113.3686115,100.1422541,-213.5108656
2018/7/13,6215.784718,6975.537907,6872.353787,-174.864258,45.1409517,-220.0052097
2018/7/12,6202.442176,6856.607367,6750.551676,-222.116215,-8.310481645,-213.8057334
2018/7/11,6367.687185,6753.277436,6680.93995,-243.4238021,-55.33314575,-188.0906564
2018/7/10,6319.83561,6652.276662,6615.284615,-261.1609399,-96.49870458,-164.6622353
2018/7/9,6669.99851,6574.910449,6625.232596,-244.1481419,-126.028592,-118.1195499
2018/7/8,6711.7568,6510.697744,6640.96427,-224.7055661,-145.7639869,-78.94157924
2018/7/7,6718.701013,6450.834841,6655.098223,-206.3580772,-157.8828049,-48.47527231
2018/7/6,6600.606901,6440.346287,6645.19071,-199.052218,-166.1166875,-32.93553042
2018/7/5,6532.499354,6458.936267,6624.701372,-196.4929335,-172.1919367,-24.30099674
2018/7/4,6603.099909,6494.241218,6620.773834,-186.6166072,-175.0768708,-11.5397364
2018/7/3,6534.644903,6526.127236,6605.114028,-182.212858,-176.5040683,-5.708789744
2018/7/2,6595.968717,6565.47989,6603.451244,-171.7941991,-175.5620944,3.767895293
2018/7/1,6364.401842,6565.151356,6559.987717,-180.1462348,-176.4789225,-3.667312294
2018/6/30,6376.564855,6570.82428,6526.638105,-183.6666351,-177.916465,-5.750170071
2018/6/29,6127.560923,6516.580522,6454.078618,-204.1952779,-183.1722276,-21.02305033
2018/6/28,5912.435446,6436.648386,6355.598041,-235.1129675,-193.5603756,-41.55259189
2018/6/27,6108.694146,6375.6477,6310.706424,-241.0009138,-203.0484832,-37.95243055
2018/6/26,6103.03072,6325.890082,6272.947205,-243.3193112,-211.1026488,-32.2166624
2018/6/25,6238.074119,6296.447558,6266.606644,-231.590157,-215.2001505,-16.39000657
2018/6/24,6149.117943,6251.049361,6245.245062,-226.8576639,-217.5316531,-9.326010728
2018/6/23,6156.300264,6213.214898,6229.07328,-219.9916489,-218.0236523,-1.967996586
2018/6/22,6071.720089,6160.790035,6200.463609,-218.8524015,-218.1894021,-0.66299939
2018/6/21,6711.941657,6195.544016,6293.459618,-164.3939784,-207.4303174,43.03633902
2018/6/20,6734.137828,6231.301314,6373.582929,-118.0830522,-189.5608644,71.47781212
2018/6/19,6722.636753,6290.808897,6437.047261,-81.37135197,-167.9229619,86.55160991
2018/6/18,6700.596021,6369.624954,6484.965217,-53.43955001,-145.0262795,91.58672949
2018/6/17,6461.213025,6404.876842,6480.646637,-50.04274132,-126.0295719,75.98683055
2018/6/16,6505.755311,6445.149301,6485.21185,-43.25790553,-109.4752386,66.21733307
2018/6/15,6473.773491,6468.719238,6483.132148,-40.00043971,-95.58027882,55.57983912
2018/6/14,6649.438347,6518.751279,6513.369639,-22.97929774,-81.06008261,58.08078486
2018/6/13,6308.396028,6533.960855,6476.10171,-36.58742795,-72.16555167,35.57812373
2018/6/12,6558.514878,6582.640334,6491.085922,-26.87961682,-63.1083647,36.22874788
2018/6/11,6847.943671,6596.240535,6555.969149,4.120875293,-49.6625167,53.783392
2018/6/10,6797.078904,6602.534643,6599.807286,24.30446035,-34.86912129,59.17358164
2018/6/9,7559.667409,6686.237709,6774.327309,100.6741076,-7.760475514,108.4345831
2018/6/8,7622.637061,6778.441812,6928.565446,164.3838137,26.66838232,137.7154313
2018/6/7,7654.789136,6897.799424,7060.606117,214.9903436,64.33277457,150.657569
2018/6/6,7577.593405,7004.983233,7154.603805,246.0312379,100.6724672,145.3587706
2018/6/5,7612.115176,7118.817401,7237.787691,270.3011255,134.5981989,135.7029266
2018/6/4,7505.890508,7204.462618,7286.533658,277.7618773,163.2309346,114.5309428
2018/6/3,7684.931799,7342.116195,7358.969683,294.7243144,189.5296105,105.1947038
2018/6/2,7588.637728,7445.12848,7400.72751,296.973713,211.018431,85.955282
2018/6/1,7525.473797,7512.881492,7423.408653,290.3130285,226.8773505,63.43567795
2018/5/31,7504.038587,7583.577461,7438.068641,280.0762015,237.5171207,42.55908082
2018/5/30,7411.621917,7568.772911,7433.260146,261.491874,242.3120714,19.17980261
2018/5/29,7474.562016,7553.965407,7440.769577,248.9724016,243.6441374,5.328264196
2018/5/28,7149.250597,7503.411553,7387.766126,210.3756374,236.9904374,-26.61480001
2018/5/27,7363.93676,7482.045889,7383.433514,194.8645259,228.5652551,-33.70072923
2018/5/26,7349.788652,7455.813236,7377.316266,179.3626433,218.7247327,-39.36208947
2018/5/25,7488.637221,7454.087907,7397.55644,176.249514,210.229689,-33.98017496
2018/5/24,7576.278752,7443.222603,7430.051406,178.7932584,203.9424029,-25.14914447
2018/5/23,7570.538188,7441.412649,7455.594457,178.2907538,198.8120731,-20.52131928
2018/5/22,8032.093711,7492.07464,7560.412503,212.6844941,201.5865573,11.09793684
2018/5/21,8399.115042,7581.582286,7712.903874,266.4854568,214.5663372,51.91911958
2018/5/20,8499.1229,7690.332384,7855.852788,313.5781716,234.3687041,79.20946756
2018/5/19,8225.333519,7765.409534,7923.031102,325.0598845,252.5069402,72.55294438
2018/5/18,8236.681884,7874.152663,7980.058517,331.2564251,268.2568372,62.99958795
2018/5/17,8088.947899,7946.653777,7999.856587,320.5512153,278.7157128,41.83550255
2018/5/16,8343.900226,8046.064934,8062.409976,328.8490148,288.7423732,40.1066416
2018/5/15,8515.701134,8148.771326,8144.82655,345.3074883,300.0553962,45.25209212
2018/5/14,8740.312768,8265.174727,8253.096771,372.1849129,314.4812996,57.70361335
2018/5/13,8699.820503,8378.102959,8334.319268,385.7711485,328.7392693,57.03187914
2018/5/12,8488.213129,8423.7149,8362.29997,375.1390223,338.0192199,37.11980238
2018/5/11,8422.66381,8426.069777,8373.275214,357.3049149,341.8763589,15.42855594
2018/5/10,9037.392112,8479.896698,8494.023741,388.2986278,351.1608127,37.13781511
2018/5/9,9327.374047,8590.100751,8645.541978,431.2888578,367.1864217,64.10243609
2018/5/8,9233.687914,8689.801354,8752.477603,452.5821515,384.2655677,68.31658385
2018/5/7,9372.878004,8818.194365,8865.277676,475.2107831,402.4546108,72.75617235
2018/5/6,9666.853489,8950.489691,9011.018733,510.9752963,424.1587479,86.81654844
2018/5/5,9864.060649,9085.325643,9166.117263,548.9044713,449.1078926,99.79657875
2018/5/4,9718.724265,9183.166792,9266.591263,560.7719542,471.4407049,89.3312493
2018/5/3,9769.290293,9290.113771,9357.991087,567.7130333,490.6951706,77.0178627
2018/5/2,9236.704389,9364.962897,9335.93896,524.1960512,497.3953467,26.80070452
2018/5/1,9096.810022,9432.377518,9292.460971,472.9681408,492.5099055,-19.54176469
2018/4/30,9240.335679,9452.671875,9282.983645,438.8917035,481.7862651,-42.89456166
2018/4/29,9413.409305,9461.275401,9306.697402,420.9984682,469.6287057,-48.63023751
2018/4/28,9337.281363,9471.634746,9312.258122,396.1089641,454.9247574,-58.81579329
2018/4/27,8974.089791,9431.755925,9250.772971,343.1220311,432.5642122,-89.44218107
2018/4/26,9268.527837,9391.923359,9254.001128,321.1857649,410.2885227,-89.10275779
2018/4/25,8846.751895,9290.192484,9179.955813,266.6930509,381.5694283,-114.8763775
2018/4/24,9715.110088,9289.831066,9277.25659,290.230831,363.3017089,-73.07087784
2018/4/23,8924.023356,9205.304372,9213.032366,242.258004,339.0929679,-96.83496387
2018/4/22,8787.210206,9160.354954,9135.610155,190.9978113,309.4739366,-118.4761253
2018/4/21,8884.348604,9139.108812,9089.926237,156.4090105,278.8609514,-122.4519409
2018/4/20,8813.044081,9096.379653,9039.584027,121.8389737,247.4565558,-125.6175821
2018/4/19,8280.64311,8983.103033,8901.594769,50.89497596,208.1442399,-157.2492639
2018/4/18,8133.862763,8862.761173,8762.007132,-16.97690152,163.1200116,-180.0969131
2018/4/17,7889.50363,8754.302557,8603.370131,-89.45244119,112.605521,-202.0579622
2018/4/16,8038.471105,8631.296884,8500.661217,-133.3324251,63.41793181,-196.7503569
2018/4/15,8301.987534,8576.820448,8464.53873,-145.1706184,21.70022176,-166.8708402
2018/4/14,7910.243775,8396.333816,8363.757829,-184.0414046,-19.4481035,-164.5933011
2018/4/13,7866.931623,8290.624643,8273.425791,-215.8534867,-58.72918015,-157.1243066
2018/4/12,7821.822517,8194.085874,8191.316105,-241.9160611,-95.36655634,-146.5495048
2018/4/11,6932.843296,7998.935343,7962.502867,-330.4943001,-142.3921051,-188.102195
2018/4/10,6844.301557,7802.061091,7759.193538,-403.1900472,-194.5516935,-208.6383537
2018/4/9,6772.871609,7651.283941,7579.862278,-461.2487618,-247.8911072,-213.3576546
2018/4/8,7000.923355,7537.99,7474.600656,-483.2878004,-294.9704458,-188.3173546
2018/4/7,6894.151859,7438.454823,7369.064511,-503.5646845,-336.6892935,-166.8753909
2018/4/6,6637.296686,7298.337381,7236.015815,-534.2023746,-376.1919098,-158.0104648
2018/4/5,6819.726657,7150.111293,7160.326878,-537.5656683,-408.4666615,-129.0990068
2018/4/4,6840.93611,7043.180527,7102.255829,-532.3827008,-433.2498693,-99.13283148
2018/4/3,7454.69179,7001.956544,7166.335095,-473.2943649,-441.2587685,-32.03559647
2018/4/2,7061.622526,6925.936545,7147.296446,-452.9623694,-443.5994886,-9.362880731
2018/4/1,6830.630577,6915.715273,7089.720833,-450.2974871,-444.9390883,-5.358398754
2018/3/31,6955.124518,6926.797569,7065.248776,-433.1468805,-442.5806467,9.433766297
2018/3/30,6880.453144,6937.555722,7031.64957,-420.7303395,-438.2105853,17.48024579
2018/3/29,7178.058623,6955.269249,7058.269398,-382.4670246,-427.0618732,44.59484856
2018/3/28,7954.826953,7061.336758,7221.279862,-286.1656202,-398.8826226,112.7170023
2018/3/27,7828.221732,7180.429263,7331.63293,-217.5542171,-362.6169415,145.0627244
2018/3/26,8187.383924,7317.19499,7487.22402,-132.6684789,-316.627249,183.95877
2018/3/25,8466.556129,7479.756992,7665.284403,-42.38051978,-261.7779031,219.3973833
2018/3/24,8661.018753,7600.389688,7846.327012,44.35356658,-200.5516092,244.9051758
2018/3/23,8865.051157,7780.732551,8031.549584,128.0782583,-134.8256357,262.903894
2018/3/22,8721.57,7969.826493,8157.007841,180.7691552,-71.70667752,252.4758327
2018/3/21,8978.01899,8172.115941,8306.282596,240.4486188,-9.275618258,249.724237
2018/3/20,8892.783654,8373.348992,8412.919152,277.6664781,48.11280101,229.5536771
2018/3/19,8588.661986,8514.409328,8444.872394,279.4010613,94.37045306,185.0306082
2018/3/18,8092.439642,8528.170597,8380.793712,237.9913191,123.0946263,114.8966928
2018/3/17,7906.38397,8535.986821,8294.537395,187.9935892,136.0744188,51.91917033
2018/3/16,8315.139163,8548.762344,8298.283171,179.2864534,144.7168257,34.56962761
2018/3/15,8291.944666,8531.301198,8297.130716,168.5711996,149.4877005,19.08349906
2018/3/14,8262.032897,8491.402613,8290.749294,155.8688944,150.7639393,5.104955091
2018/3/13,9208.440502,8525.741547,8457.602241,219.6375651,164.5386645,55.09890068
2018/3/12,9216.378706,8575.222418,8595.561598,267.7290293,185.1767374,82.55229184
2018/3/11,9570.367448,8634.457263,8772.799026,330.5949019,214.2603703,116.3345316
2018/3/10,8894.85712,8634.66461,8794.991406,322.1944637,235.847189,86.34727468
2018/3/9,9345.521676,8710.350579,8895.087819,347.8916409,258.2560794,89.63556151
2018/3/8,9433.592923,8844.465907,8992.997838,371.0858064,280.8220248,90.2637816
2018/3/7,9968.268316,9050.654342,9170.319743,427.6811434,310.1938485,117.4872949
2018/3/6,10697.57229,9288.897654,9448.002024,525.326455,353.2203698,172.1060852
2018/3/5,11527.56879,9612.460067,9826.105073,662.0531127,414.9869184,247.0661944
2018/3/4,11516.38357,9937.895134,10133.42844,760.7381049,484.1371557,276.6009493
2018/3/3,11494.89894,10166.54098,10380.96853,827.6721528,552.8441551,274.8279977
2018/3/2,11095.09196,10354.4123,10510.80915,838.7877628,610.0328767,228.7548862
2018/3/1,10929.7655,10490.35211,10586.98303,824.7493036,652.976162,171.7731416
2018/2/28,10412.02401,10642.0688,10555.1723,763.0503429,674.9909982,88.05934468
2018/2/27,10736.49053,10781.16568,10588.13925,731.89834,686.3724666,45.52587344
2018/2/26,10371.77268,10874.98366,10548.79988,670.0564769,683.1092686,-13.05279173
2018/2/25,9699.647408,10848.12157,10394.40852,560.3520727,658.5578295,-98.20575676
2018/2/24,9843.276427,10762.69198,10294.20268,479.4731356,622.7408907,-143.2677551
2018/2/23,10348.06763,10644.74187,10303.99631,450.9106098,588.3748345,-137.4642247
2018/2/22,9987.171846,10491.82069,10246.39186,394.6045728,549.6207822,-155.0162094
2018/2/21,10680.36171,10410.36697,10325.29547,401.2904353,519.9547128,-118.6642775
2018/2/20,11446.21506,10445.47928,10529.09903,463.0492508,508.5736204,-45.52436962
2018/2/19,11191.90266,10471.693,10649.60878,485.8718435,504.033265,-18.1614215
2018/2/18,10576.17556,10488.10815,10636.25729,449.0979598,493.046204,-43.94824413
2018/2/17,11095.6086,10524.01996,10719.77571,456.604841,485.7579314,-29.15309041
2018/2/16,10245.30885,10511.37358,10633.50901,389.4526471,466.4968745,-77.04422744
2018/2/15,10117.07499,10553.11633,10539.61191,322.1728408,437.6320678,-115.4592269
2018/2/14,9505.15,10519.30369,10351.52793,216.9747275,393.5005997,-176.5258723
2018/2/13,8577.572064,10342.25413,10028.9905,58.08708557,326.4178969,-268.3308113
2018/2/12,8863.252806,10229.86223,9817.038191,-44.27014828,252.2802879,-296.5504361
2018/2/11,8099.307366,9971.756796,9504.723495,-184.9015757,164.8439151,-349.7454909
2018/2/10,8624.238538,9689.559143,9344.635321,-251.1009017,81.65495176,-332.7558535
2018/2/9,8684.106762,9438.779554,9224.53922,-295.3291091,6.25813959,-301.5872487
2018/2/8,8256.155151,9206.777513,9048.469389,-360.7538546,-67.14425925,-293.6095954
2018/2/7,7587.933554,8856.010008,8782.917419,-461.2068299,-145.9567734,-315.2500565
2018/2/6,7768.942755,8608.373399,8598.558389,-520.2139047,-220.8081997,-299.4057051
2018/2/5,6905.959543,8287.261854,8290.813144,-629.3581209,-302.5181839,-326.839937
2018/2/4,8256.583798,8162.405234,8284.589627,-599.9556931,-362.0056857,-237.9500074
2018/2/3,9191.270888,8223.775116,8449.440765,-495.5205679,-388.7086622,-106.8119057
2018/2/2,8768.328115,8214.282647,8507.420283,-441.7902429,-399.3249783,-42.46526462
2018/2/1,9171.249369,8321.476847,8628.116481,-362.5173215,-391.963447,29.4461255
2018/1/31,10236.67507,8482.720501,8920.581679,-211.2864316,-355.8280439,144.5416123
2018/1/30,10084.49524,8622.759348,9132.202326,-102.5325707,-305.1689493,202.6363785
2018/1/29,11348.08379,8931.952212,9535.089865,84.64099464,-227.2069605,311.8479551
2018/1/28,11865.23189,9359.682046,9958.752051,271.5763602,-127.4502963,399.0266565
2018/1/27,11446.46873,9727.434643,10229.24599,381.5351966,-25.65319776,407.1883944
2018/1/26,11123.95015,10149.2337,10391.91948,437.6093248,66.99930675,370.610018
2018/1/25,11219.4367,10445.51899,10542.37715,484.1722062,150.4338866,333.7383195
2018/1/24,10821.59111,10608.55102,10593.14333,483.398494,217.0268081,266.3716859
2018/1/23,10800.47262,10811.76547,10630.83956,475.5988286,268.7412122,206.8576164
2018/1/22,10917.30641,10986.37117,10682.92444,473.3881244,309.6705946,163.7175298
2018/1/21,11481.02513,11110.80618,10828.03366,511.2303695,349.9825496,161.2478199
2018/1/20,12961.20566,11398.47722,11215.88311,653.1299443,410.6120285,242.5179157
2018/1/19,11517.12995,11415.38183,11270.65527,641.6648258,456.822588,184.8422378
2018/1/18,11305.3074,11359.38939,11276.95565,608.472238,487.152518,121.31972
2018/1/17,11139.59209,11328.70172,11251.98046,562.3130379,502.184622,60.12841591
2018/1/16,11445.84964,11360.89167,11287.2294,544.1710983,510.5819172,33.58918106
2018/1/15,13769.21644,11615.86964,11738.49977,709.0957496,550.2846837,158.8110659
2018/1/14,13815.42967,11915.2535,12116.12339,833.9158823,607.0109234,226.9049589
2018/1/13,14552.77603,12290.48384,12559.15114,981.0257713,681.813893,299.2118783
2018/1/12,14089.11203,12607.6644,12837.32585,1048.115584,755.0742313,293.0413531
2018/1/11,13501.98144,12809.76004,12958.17232,1041.897863,812.4389576,229.4589052
2018/1/10,15065.00252,13020.13972,13341.23236,1149.838391,879.9188442,269.9195466
2018/1/9,14710.59636,13339.48636,13590.20763,1193.031893,942.5414539,250.4904389
2018/1/8,15218.63286,13730.81891,13886.28494,1253.804279,1004.794019,249.0102598
2018/1/7,16515.28737,14268.38844,14364.28539,1390.566431,1081.948501,308.6179293
2018/1/6,17162.01641,14840.00511,14872.96375,1533.460274,1172.250856,361.2094185
2018/1/5,16989.16148,15161.99962,15257.72698,1614.149812,1260.630647,353.5191653
2018/1/4,15163.89895,15296.84654,15240.66734,1513.368254,1311.178169,202.1900853
2018/1/3,15079.15218,15349.48416,15211.30094,1410.401555,1331.022846,79.37870935
2018/1/2,14938.17668,15434.39063,15161.64199,1302.410779,1325.300433,-22.88965324
2018/1/1,13577.18855,15441.91134,14873.55954,1094.39148,1279.118642,-184.7271622
